text,Symptom,Health Condition,Medicine,Specialist,Age,Dosage,Medical Procedure,target_specialist,modified_specialist,modified_sentence
"আপনাকে ধন্যবাদ প্রশ্ন করার জন্য । আপনার বাচ্চাকে আদা , মধু , গরম পানি খাওয়ান । সিরাপ এমব্রোক্স খাওয়াতে পারেন আধা চামচ করে তিন বার একজন শিশু বিশেষজ্ঞ কে দেখিয়ে নিন । ধন্যবাদ । ",,,সিরাপ এমব্রোক্স,শিশু বিশেষজ্ঞ,,আধা চামচ করে তিন বার,,শিশু বিশেষজ্ঞ,শিশু শ্বাসতন্ত্র বিশেষজ্ঞ,"আপনাকে ধন্যবাদ প্রশ্ন করার জন্য । আপনার বাচ্চাকে আদা , মধু , গরম পানি খাওয়ান । সিরাপ এমব্রোক্স খাওয়াতে পারেন আধা চামচ করে তিন বার একজন শিশু শ্বাসতন্ত্র বিশেষজ্ঞ কে দেখিয়ে নিন । ধন্যবাদ ।"
"Amar Buke Procur Beta korteche , Heart er doctors o dekhaichi . Troponin i and s . creatinine porikka kore chi report valo . akn buker bam Pashe veta korteche ki korbo jodi bolten . . ",Buke Procur Beta korteche | buker bam Pashe veta korteche,,,Heart er doctors,,,Troponin i | s . creatinine,Heart er doctors,Pulmonologist,"Amar Buke Procur Beta korteche , Pulmonologist o dekhaichi . Troponin i and s . creatinine porikka kore chi report valo . akn buker bam Pashe veta korteche ki korbo jodi bolten . ."
"আপনাকে ধন্যবাদ প্রশ্ন করার জন্য । হাত কাঁপার অন্যতম কারণ গুলোর মধ্যে থাইরয়েডের সমস্যা , দুশ্চিন্তা বা এনজাইটি ডিসঅর্ডার , ব্রেইনের সেরিবেলাম এর সমস্যা , পারকিনসন ডিজিজ ইত্যাদি উল্লেখযোগ্য । আপনার সমস্যা কি তা জানার জন্য কিছু পরীক্ষা করা দরকার যেমন থাইরয়েড পরীক্ষা । একজন নিউরোলজিস্ট দিয়ে আপনার ব্রেনের কোন সমস্যা হয়েছে কিনা তা জানা দরকার । আপনি একজন নিউরোমেডিসিন বিশেষজ্ঞ কে দেখান । দুশ্চিন্তা করবেন না । চিন্তা করলে হাত কাঁপা বাড়তে পারে ঘুম ঠিকমতো হতে হবে । ধন্যবাদ । ",,দুশ্চিন্তা বা এনজাইটি ডিসঅর্ডার,,নিউরোলজিস্ট | নিউরোমেডিসিন বিশেষজ্ঞ,,,থাইরয়েড পরীক্ষা,নিউরোলজিস্ট | নিউরোমেডিসিন বিশেষজ্ঞ,মুভমেন্ট ডিসঅর্ডার বিশেষজ্ঞ,"আপনাকে ধন্যবাদ প্রশ্ন করার জন্য । হাত কাঁপার অন্যতম কারণ গুলোর মধ্যে থাইরয়েডের সমস্যা , দুশ্চিন্তা বা এনজাইটি ডিসঅর্ডার , ব্রেইনের সেরিবেলাম এর সমস্যা , পারকিনসন ডিজিজ ইত্যাদি উল্লেখযোগ্য । আপনার সমস্যা কি তা জানার জন্য কিছু পরীক্ষা করা দরকার যেমন থাইরয়েড পরীক্ষা । একজন মুভমেন্ট ডিসঅর্ডার বিশেষজ্ঞ দিয়ে আপনার ব্রেনের কোন সমস্যা হয়েছে কিনা তা জানা দরকার । আপনি একজন নিউরোমেডিসিন বিশেষজ্ঞ কে দেখান । দুশ্চিন্তা করবেন না । চিন্তা করলে হাত কাঁপা বাড়তে পারে ঘুম ঠিকমতো হতে হবে । ধন্যবাদ ।"
আপনাকে ধন্যবাদ প্রশ্ন করার জন্য । আপনার সমস্যা এখান থেকে ভাল বোঝা যাচ্ছে না । একজন নিউরোমেডিসিন বিশেষজ্ঞ চিকিৎসক কে দেখাতে হবে । ধন্যবাদ । ,,,,নিউরোমেডিসিন বিশেষজ্ঞ,,,,নিউরোমেডিসিন বিশেষজ্ঞ,নিউরোলজি বিশেষজ্ঞ,আপনাকে ধন্যবাদ প্রশ্ন করার জন্য । আপনার সমস্যা এখান থেকে ভাল বোঝা যাচ্ছে না । একজন নিউরোলজি বিশেষজ্ঞ চিকিৎসক কে দেখাতে হবে । ধন্যবাদ ।
আপনাকে ধন্যবাদ প্রশ্ন করার জন্য । আপনি গরম পানির ধোয়া নাকে নিয়ে দেখতে পারেন । এলাট্রল জাতীয় ঔষধ রাতে একটা করে খান । একজন মেডিসিন বিশেষজ্ঞ পরামর্শ নিন । ধন্যবাদ,,,এলাট্রল,মেডিসিন বিশেষজ্ঞ,,,,মেডিসিন বিশেষজ্ঞ,নাক-কান-গলা বিশেষজ্ঞ,আপনাকে ধন্যবাদ প্রশ্ন করার জন্য । আপনি গরম পানির ধোয়া নাকে নিয়ে দেখতে পারেন । এলাট্রল জাতীয় ঔষধ রাতে একটা করে খান । একজন নাক-কান-গলা বিশেষজ্ঞ পরামর্শ নিন । ধন্যবাদ
ডাক্তার ভাই কে প্রশ্ন করার জন্য ধন্যবাদ । এই অবস্হায় সরাসরি না দেখে বা পরীক্ষা না করে কিছু বলা ঠিক হবেনা । এতে রোগীর ক্ষতি হতে পারে আপনি সরাসরি একজন Neuro - Medicine বিশেষজ্ঞ এর পরামর্শ নিতে পারেন ধন্যবাদ,,,,Neuro - Medicine বিশেষজ্ঞ,,,,Neuro - Medicine বিশেষজ্ঞ,নিউরোলজি বিশেষজ্ঞ,ডাক্তার ভাই কে প্রশ্ন করার জন্য ধন্যবাদ । এই অবস্হায় সরাসরি না দেখে বা পরীক্ষা না করে কিছু বলা ঠিক হবেনা । এতে রোগীর ক্ষতি হতে পারে আপনি সরাসরি একজন নিউরোলজি বিশেষজ্ঞ এর পরামর্শ নিতে পারেন ধন্যবাদ
"Thanks for your question . it is common in pregnancy . for more info , consult with gynaecologist . You can directly seek advice via this app through video conference . thanks",,pregnancy,,gynaecologist,,,,gynaecologist,obstetrician,"Thanks for your question . it is common in pregnancy . for more info , consult with obstetrician . You can directly seek advice via this app through video conference . thanks"
"আপনাকে ধন্যবাদ প্রশ্ন করার জন্য , আপনি আপনার খাওয়ার জন্য একটা রুটিন তৈরি করুন । আমিস জাতীয় খাবার খান । এক্সেরসাইস করুন । প্রয়োজনে একজন পুস্তিবিদ র সাথে কথা যোগাযোগ করুন । ",,,,পুস্তিবিদ,,,,পুস্তিবিদ,ডায়েটিশিয়ান,"আপনাকে ধন্যবাদ প্রশ্ন করার জন্য , আপনি আপনার খাওয়ার জন্য একটা রুটিন তৈরি করুন । আমিস জাতীয় খাবার খান । এক্সেরসাইস করুন । প্রয়োজনে একজন ডায়েটিশিয়ান র সাথে কথা যোগাযোগ করুন ।"
Thanks for questioning to daktervai . Please continue previous prescription if not resolve consult with a paediatrician . Give 8to 10 tea spoon ORS after each loose motion,,,ORS,paediatrician,,8to 10 tea spoon,,paediatrician,general physician,Thanks for questioning to daktervai . Please continue previous prescription if not resolve consult with a general physician . Give 8to 10 tea spoon ORS after each loose motion
"ধন্যবাদ আপনার প্রশ্নের জন্য । ফাটিয়ে দিবেন না । ইনফেকশন হয়ে যাবে । আপাতত এলারজি উদ্রেককারী খাবার , ধূলাবালি এড়িয়ে চলুন । । এলাট্রল খান । না দেখে সমাধান দেয়া যাচ্ছে না । সরাসরি চর্মরোগ বিশেষজ্ঞ দেখিয়ে পরামর্শ নিতে হবে ধন্যবাদ",,ইনফেকশন,এলাট্রল,চর্মরোগ বিশেষজ্ঞ,,,,চর্মরোগ বিশেষজ্ঞ,এলার্জি বিশেষজ্ঞ,"ধন্যবাদ আপনার প্রশ্নের জন্য । ফাটিয়ে দিবেন না । ইনফেকশন হয়ে যাবে । আপাতত এলারজি উদ্রেককারী খাবার , ধূলাবালি এড়িয়ে চলুন । । এলাট্রল খান । না দেখে সমাধান দেয়া যাচ্ছে না । সরাসরি এলার্জি বিশেষজ্ঞ দেখিয়ে পরামর্শ নিতে হবে ধন্যবাদ"
Thank you for asking question to Daktarbhai . Pls Consult a skin specialist doctor physically . Thank you . ,,,,skin specialist doctor,,,,skin specialist doctor,dermatologist,Thank you for asking question to Daktarbhai . Pls Consult a dermatologist physically . Thank you .
আপনাকে ধন্যবাদ প্রশ্ন করার জন্য । মুখে ব্রন ছাড়াও অনেক ধরনের দাগ জনিত রোগ হয় । একেক রোগের চিকিৎসা একেক রকমের । আপনি পানি বেশি করে পান করুন । মুখ পরিষ্কার রাখবেন । দুশ্চিন্তা করবে না । রাত জাগবেন না । একজন চর্ম রোগের ডাক্তারকে দেখিয়ে ঔষধ গ্রহন করুন । ধন্যবাদ,,,,চর্ম রোগের ডাক্তারকে,,,,চর্ম রোগের ডাক্তারকে,অ্যালার্জি বিশেষজ্ঞকে,আপনাকে ধন্যবাদ প্রশ্ন করার জন্য । মুখে ব্রন ছাড়াও অনেক ধরনের দাগ জনিত রোগ হয় । একেক রোগের চিকিৎসা একেক রকমের । আপনি পানি বেশি করে পান করুন । মুখ পরিষ্কার রাখবেন । দুশ্চিন্তা করবে না । রাত জাগবেন না । একজন অ্যালার্জি বিশেষজ্ঞকে দেখিয়ে ঔষধ গ্রহন করুন । ধন্যবাদ
ধন্যবাদ আপনার প্রশ্নের জন্য । সাইকিয়াট্রিস্ট দেখাবেন । ধন্যবাদ,,,,সাইকিয়াট্রিস্ট,,,,সাইকিয়াট্রিস্ট,নিউরোলজিস্ট,ধন্যবাদ আপনার প্রশ্নের জন্য । নিউরোলজিস্ট দেখাবেন । ধন্যবাদ
ডাক্তার ভাই কে প্রশ্ন করার জন্য ধন্যবাদ । উনার ব্লাড প্রেসার কি low থাকে ? ? তাছারা উনার কি জ্বর আসে মাঝেমাঝে ? ? উনার blood pressure চেক করবেন । CBC with ESR with PBF পরীক্ষা করবেন এবং মেডিসিন বিশেষজ্ঞের পরামর্শ নিবেন । ,,,,মেডিসিন বিশেষজ্ঞের,,,CBC with ESR with PBF,মেডিসিন বিশেষজ্ঞের,হৃদরোগ বিশেষজ্ঞের,ডাক্তার ভাই কে প্রশ্ন করার জন্য ধন্যবাদ । উনার ব্লাড প্রেসার কি low থাকে ? ? তাছারা উনার কি জ্বর আসে মাঝেমাঝে ? ? উনার blood pressure চেক করবেন । CBC with ESR with PBF পরীক্ষা করবেন এবং হৃদরোগ বিশেষজ্ঞের পরামর্শ নিবেন ।
"আপনাকে ধন্যবাদ প্রশ্ন করার জন্য । এক বছর ধরে সর্দি , কাশি না আপনি তারিখ ভুল করছেন , বোঝা যাচ্ছে না । আপনার মাথা ঘুড়ানোর অন্য কোনো কারন থাকতে পারে । কানে কম শুনলে বা কানে ইনফেকশনের জন্য মাথা ঘুড়তে পারে । একজন ভাল নাক কান গলা ডাক্তার কে দেখিয়ে পরামর্শ নিন । আপনাকে একজন নিউরো মেডিসিন ডাক্তারো দেখাতে হতে পারে । ধন্যবাদ",,,,নাক কান গলা ডাক্তার | নিউরো মেডিসিন,,,,নাক কান গলা ডাক্তার | নিউরো মেডিসিন,নিউরোলজিস্ট,"আপনাকে ধন্যবাদ প্রশ্ন করার জন্য । এক বছর ধরে সর্দি , কাশি না আপনি তারিখ ভুল করছেন , বোঝা যাচ্ছে না । আপনার মাথা ঘুড়ানোর অন্য কোনো কারন থাকতে পারে । কানে কম শুনলে বা কানে ইনফেকশনের জন্য মাথা ঘুড়তে পারে । একজন ভাল নাক কান গলা ডাক্তার কে দেখিয়ে পরামর্শ নিন । আপনাকে একজন নিউরোলজিস্ট ডাক্তারো দেখাতে হতে পারে । ধন্যবাদ"
ডাক্তার ভাই কে প্রশ্ন করার জন্য ধন্যবাদ এই অবস্হায় সরাসরি না দেখে এবং পরীক্ষা না করে কিছু বলা ঠিক হবেনা আপনি একজন Medicine Speacialist এর পরামর্শ নিন ধন্যবাদ,,,,Medicine Speacialist,,,পরীক্ষা,Medicine Speacialist,General Physician,ডাক্তার ভাই কে প্রশ্ন করার জন্য ধন্যবাদ এই অবস্হায় সরাসরি না দেখে এবং পরীক্ষা না করে কিছু বলা ঠিক হবেনা আপনি একজন General Physician এর পরামর্শ নিন ধন্যবাদ
Sir Amar khub hath abong pa ghamay ami akjon neurologist dekhyci tini ay roger name bollen hyparosis to tini amak amelin - 10 . indevar - 10 . nortin - 10 khayte dice agula khawar por kono improve hoy ny akhon ami ki korbo,hath abong pa ghamay,hyparosis,amelin - 10 | indevar - 10 | nortin - 10,neurologist,,,,neurologist,endocrinologist,Sir Amar khub hath abong pa ghamay ami akjon endocrinologist dekhyci tini ay roger name bollen hyparosis to tini amak amelin - 10 . indevar - 10 . nortin - 10 khayte dice agula khawar por kono improve hoy ny akhon ami ki korbo
ডাক্তার ভাই কে প্রশ্ন করার জন্য ধন্যবাদ । Syp Tofen 1 . 5 চামচ করে রাতে খাওয়াতে পারেন আপনি সরাসরি একজন Pedatrician এর পরামর্শ নিন ধন্যবাদ,,,Syp Tofen,Pedatrician,,1 . 5 চামচ করে রাতে,,Pedatrician,শিশু অ্যালার্জি বিশেষজ্ঞ,ডাক্তার ভাই কে প্রশ্ন করার জন্য ধন্যবাদ । Syp Tofen 1 . 5 চামচ করে রাতে খাওয়াতে পারেন আপনি সরাসরি একজন শিশু অ্যালার্জি বিশেষজ্ঞ এর পরামর্শ নিন ধন্যবাদ
ডাক্তার ভাইকে প্রশ্ন করার জন্য ধন্যবাদ । আপনার গালের সাদা স্পট না দেখে চিকিত্সা দেয়া সম্ভব হবে না । সুতরাং আপনি একজন চর্মরোগ বিশেষজ্ঞের পরামর্শ নিন । ধন্যবাদ,,,,চর্মরোগ বিশেষজ্ঞের,,,,চর্মরোগ বিশেষজ্ঞের,অ্যালার্জি বিশেষজ্ঞের,ডাক্তার ভাইকে প্রশ্ন করার জন্য ধন্যবাদ । আপনার গালের সাদা স্পট না দেখে চিকিত্সা দেয়া সম্ভব হবে না । সুতরাং আপনি একজন অ্যালার্জি বিশেষজ্ঞের পরামর্শ নিন । ধন্যবাদ
Thank you for asking your question to daktarbhai . Apnar keno ai shomossha hosse ta na jene kono oushud khawa jabe na . apni akjon urology doctor ke dekhaben . ,,,,urology doctor,,,,urology doctor,nephrology doctor,Thank you for asking your question to daktarbhai . Apnar keno ai shomossha hosse ta na jene kono oushud khawa jabe na . apni akjon nephrology doctor ke dekhaben .
"আপনাকে ধন্যবাদ প্রশ্ন করার জন্য । যেহেতু ব্যাথানাশক ঔষধ খেয়েও ব্যাথা কমেনি , সমস্যাটি গুরুতর । একজন অর্থোপেডিক্স বিশেষজ্ঞের সাথে সরাসরি দেখা করে পরামর্শ নিন । গরম শেক দিন । ধন্যবাদ । ",,,ব্যাথানাশক ঔষধ,অর্থোপেডিক্স,,,,অর্থোপেডিক্স,রিউমাটোলজি,"আপনাকে ধন্যবাদ প্রশ্ন করার জন্য । যেহেতু ব্যাথানাশক ঔষধ খেয়েও ব্যাথা কমেনি , সমস্যাটি গুরুতর । একজন রিউমাটোলজি বিশেষজ্ঞের সাথে সরাসরি দেখা করে পরামর্শ নিন । গরম শেক দিন । ধন্যবাদ ।"
ডাক্তার ভাই কে প্রশ্ন করার জন্য ধন্যবাদ আপনি NAN 1 খাওয়াতে পারেন একজন শিশু Specialist এর পরামর্শ নিতে পারেন ধন্যবাদ,,,,শিশু Specialist,,,,শিশু Specialist,শিশু রোগ বিশেষজ্ঞ,ডাক্তার ভাই কে প্রশ্ন করার জন্য ধন্যবাদ আপনি NAN 1 খাওয়াতে পারেন একজন শিশু রোগ বিশেষজ্ঞ এর পরামর্শ নিতে পারেন ধন্যবাদ
ডাক্তার ভাইতে প্রশ্ন করার জন্যে আপনাকে ধন্যবাদ । প্রথমত আপনাকে খাবার খেতে হবে ঠিকমতো । tab - filwel gold 0 + 1 + 0 ১ মাস এই মাল্টিভিটামিন খেতে পারেন । Tab - ovocal D 1 + 0 + 0 ১ মাস খাবেন । একজন গাইনি বিশেষজ্ঞ চিকিৎসক এর পরামর্শ নিবেন । ,,,tab - filwel gold | Tab - ovocal D,গাইনি বিশেষজ্ঞ চিকিৎসক,,0 + 1 + 0 | 1 + 0 + 0,,গাইনি বিশেষজ্ঞ চিকিৎসক,স্ত্রীরোগ বিশেষজ্ঞ চিকিৎসক,ডাক্তার ভাইতে প্রশ্ন করার জন্যে আপনাকে ধন্যবাদ । প্রথমত আপনাকে খাবার খেতে হবে ঠিকমতো । tab - filwel gold 0 + 1 + 0 ১ মাস এই মাল্টিভিটামিন খেতে পারেন । Tab - ovocal D 1 + 0 + 0 ১ মাস খাবেন । একজন স্ত্রীরোগ বিশেষজ্ঞ চিকিৎসক এর পরামর্শ নিবেন ।
আপনাকে ধন্যবাদ প্রশ্ন করার জন্য । এ ধরেনের সমস্যায় কিছু পরীক্ষার মাধ্যমে সঠিক রোগ নির্নয় করে চিকিৎসা দেয়া প্রয়োজন । আপনি একজন চর্মরোগ বিশেষজ্ঞের সাথে সরাসরি যোগাযোগ করুন । ধন্যবাদ । ,,,,চর্মরোগ বিশেষজ্ঞের,,,,চর্মরোগ বিশেষজ্ঞের,অ্যালার্জি বিশেষজ্ঞের,আপনাকে ধন্যবাদ প্রশ্ন করার জন্য । এ ধরেনের সমস্যায় কিছু পরীক্ষার মাধ্যমে সঠিক রোগ নির্নয় করে চিকিৎসা দেয়া প্রয়োজন । আপনি একজন অ্যালার্জি বিশেষজ্ঞের সাথে সরাসরি যোগাযোগ করুন । ধন্যবাদ ।
Thanks for questioning daktarbhai . Please contact with a paediatric doctor physically then take any medicine . Thanks,,,,paediatric doctor,,,,paediatric doctor,neonatologist,Thanks for questioning daktarbhai . Please contact with a neonatologist physically then take any medicine . Thanks
"আপনাকে ধন্যবাদ প্রশ্ন করার জন্য । দূর্বলতা কোনো রোগ নয় । এটা রোগের লক্ষন । আপনি পরিমিত খাবার খান । পানি বেশি করে পান করুন । যে সব রোগে মানুষ বেশি দূর্বল হয় যেমন ডায়াবেটিস , রক্ত শুন্যতা , জন্ডিস রোগ আপনার আছে কিনা তা জানার চেষ্টা করুন । একজন মেডিসিন বিশেষজ্ঞ কে দিয়ে পরিক্ষা করিয়ে নিন । স্ট্রোক করলেও হাত পা দূর্বল হতে পারে । ঘুম ঠিক মত হচ্ছে কিনা খেয়াল করুন । দুশ্চিন্তা দূর করুন । ধন্যবাদ । ",,ডায়াবেটিস | রক্ত শুন্যতা | জন্ডিস রোগ,,মেডিসিন বিশেষজ্ঞ,,,,মেডিসিন বিশেষজ্ঞ,স্নায়ুরোগ বিশেষজ্ঞ,"আপনাকে ধন্যবাদ প্রশ্ন করার জন্য । দূর্বলতা কোনো রোগ নয় । এটা রোগের লক্ষন । আপনি পরিমিত খাবার খান । পানি বেশি করে পান করুন । যে সব রোগে মানুষ বেশি দূর্বল হয় যেমন ডায়াবেটিস , রক্ত শুন্যতা , জন্ডিস রোগ আপনার আছে কিনা তা জানার চেষ্টা করুন । একজন স্নায়ুরোগ বিশেষজ্ঞ কে দিয়ে পরিক্ষা করিয়ে নিন । স্ট্রোক করলেও হাত পা দূর্বল হতে পারে । ঘুম ঠিক মত হচ্ছে কিনা খেয়াল করুন । দুশ্চিন্তা দূর করুন । ধন্যবাদ ।"
ডাক্তার ভাই কে প্রশ্ন করার জন্য ধন্যবাদ । এই অবস্হায় সরাসরি না দেখে বাচ্চাকে কিছু দিলে ক্ষতি হতে পারে আপনি সরাসরি একজন Skin specialist এর পরামর্শ নিতে পারেন ধন্যবাদ,,,,Skin specialist,,,,Skin specialist,অ্যালার্জি বিশেষজ্ঞ,ডাক্তার ভাই কে প্রশ্ন করার জন্য ধন্যবাদ । এই অবস্হায় সরাসরি না দেখে বাচ্চাকে কিছু দিলে ক্ষতি হতে পারে আপনি সরাসরি একজন অ্যালার্জি বিশেষজ্ঞ এর পরামর্শ নিতে পারেন ধন্যবাদ
"আমার ছোট ভাইয়ের জিহ্বার নিচে দুই মাস যাবৎ একটি সাদা গুটির মতো বিচি ওঠেছে । সে একজন ডাক্তার এর পরামর্শ মতো Tab cefotil plus 125mg 1 + 0 + 1 - 7 days . Micoral gel apply 3 times daily 7 days . / Trialon oral paste apply 2 times daily 7 days . use করেছে । কিন্তু সমস্যা সমাধান হচ্ছে না । সমস্যা সমাধানে পরামর্শ দেন । নতুবা নাক , কান , গলা বিশেষজ্ঞ চিকিৎসকের একজন ডাক্তার সাহেব এর Facebook I ' d চাচ্ছিলাম । ( আপনাকে ছবিসহ পাঠানো রেমিটেন্স জন্য ) Name : < NAME > age : 11",জিহ্বার নিচে দুই মাস যাবৎ একটি সাদা গুটির মতো বিচি ওঠেছে,,Tab cefotil plus 125mg | Micoral gel | Trialon oral paste,"নাক , কান , গলা বিশেষজ্ঞ",11,1 + 0 + 1 | 3 times daily | 2 times daily,,"নাক , কান , গলা বিশেষজ্ঞ",মুখ ও চোয়াল সার্জারি বিশেষজ্ঞ,আমার ছোট ভাইয়ের জিহ্বার নিচে দুই মাস যাবৎ একটি সাদা গুটির মতো বিচি ওঠেছে । সে একজন ডাক্তার এর পরামর্শ মতো Tab cefotil plus 125mg 1 + 0 + 1 - 7 days . Micoral gel apply 3 times daily 7 days . / Trialon oral paste apply 2 times daily 7 days . use করেছে । কিন্তু সমস্যা সমাধান হচ্ছে না । সমস্যা সমাধানে পরামর্শ দেন । নতুবা মুখ ও চোয়াল সার্জারি বিশেষজ্ঞ চিকিৎসকের একজন ডাক্তার সাহেব এর Facebook I ' d চাচ্ছিলাম । ( আপনাকে ছবিসহ পাঠানো রেমিটেন্স জন্য ) Name : < NAME > age : 11
ডাক্তার ভাইতে প্রশ্ন করার জন্যে আপনাকে ধন্যবাদ । আপনি tab - fexo 120 mg 1 + 0 + 1 ৫ দিন খাবেন । চক্ষু বিশেষজ্ঞ চিকিৎসক দেখিয়ে পরবর্তী পদক্ষেপ নিবেন । ,,,tab - fexo 120 mg,চক্ষু বিশেষজ্ঞ,,1 + 0 + 1 ৫ দিন,,চক্ষু বিশেষজ্ঞ,চক্ষু সার্জন,ডাক্তার ভাইতে প্রশ্ন করার জন্যে আপনাকে ধন্যবাদ । আপনি tab - fexo 120 mg 1 + 0 + 1 ৫ দিন খাবেন । চক্ষু সার্জন চিকিৎসক দেখিয়ে পরবর্তী পদক্ষেপ নিবেন ।
ডাক্তারভাইকে প্রশ্ন করার জন্য ধন্যবাদ । Tab Algin 50mg - - 1 + 1 + 1 After meal when there is pain . আপাতত ব্যথার জন্য ঔষধটি খাবেন । আপনার স্ত্রী যে গাইনী ডাক্তারের চিকিৎসাধীন আছেন দ্রুত উনার পরামর্শ নিন । ধন্যবাদ । ,,,Tab Algin 50mg,গাইনী ডাক্তারের চিকিৎসাধীন,,1 + 1 + 1 After meal,,গাইনী ডাক্তারের চিকিৎসাধীন,প্রসূতি ও স্ত্রীরোগ বিশেষজ্ঞ,ডাক্তারভাইকে প্রশ্ন করার জন্য ধন্যবাদ । Tab Algin 50mg - - 1 + 1 + 1 After meal when there is pain . আপাতত ব্যথার জন্য ঔষধটি খাবেন । আপনার স্ত্রী যে প্রসূতি ও স্ত্রীরোগ বিশেষজ্ঞের চিকিৎসাধীন আছেন দ্রুত উনার পরামর্শ নিন । ধন্যবাদ ।
আপনাকে প্রশ্ন করার জন্য ধন্যবাদ । আপনার প্রশ্ন টি ভালভাবে বুঝতে পারছি না । দয়াকরে ভাল ভাবে এবং যথা সম্ভব বেশি তথ্য দিয়ে প্রশ্ন করুন । একজন যৌন ডাক্তারের পরামর্শ নিতে পারেন । ধন্যবাদ,,,,যৌন ডাক্তারের,,,,যৌন ডাক্তারের,ইউরোলজিস্টের,আপনাকে প্রশ্ন করার জন্য ধন্যবাদ । আপনার প্রশ্ন টি ভালভাবে বুঝতে পারছি না । দয়াকরে ভাল ভাবে এবং যথা সম্ভব বেশি তথ্য দিয়ে প্রশ্ন করুন । একজন ইউরোলজিস্টের পরামর্শ নিতে পারেন । ধন্যবাদ
ডাক্তার ভাই কে প্রশ্ন করার জন্য ধন্যবাদ । আপনি ২ কানেে ২ / ৩ফোটা করে সরিষার তেল দিন । এছারা নাক কান গলা বিশেষজ্ঞের পরামর্শ নিন । ,,,,গলা বিশেষজ্ঞের,,,,গলা বিশেষজ্ঞের,অটোল্যারিঙ্গোলজিস্টের,ডাক্তার ভাই কে প্রশ্ন করার জন্য ধন্যবাদ । আপনি ২ কানেে ২ / ৩ফোটা করে সরিষার তেল দিন । এছারা নাক কান অটোল্যারিঙ্গোলজিস্টের পরামর্শ নিন ।
ডাক্তার ভাই কে প্রশ্ন করার জন্য ধন্যবাদ । এর জন্য আপাতত Tab Tufnil 200 ১ টা করে খাওয়াতে পারেন আপনি সরাসরি একজন Medicine specialist এর পরামর্শ নিন ধন্যবাদ,,,Tab Tufnil 200,Medicine specialist,,১ টা,,Medicine specialist,General physician,ডাক্তার ভাই কে প্রশ্ন করার জন্য ধন্যবাদ । এর জন্য আপাতত Tab Tufnil 200 ১ টা করে খাওয়াতে পারেন আপনি সরাসরি একজন General physician এর পরামর্শ নিন ধন্যবাদ
আপনাকে ধন্যবাদ প্রশ্ন করার জন্য । আপনি মাথা ব্যাথার জন্য প্যারাসিটামল একটা খেতে পারেন খাবার পরে । কফি খেয়ে দেখতে পারেন । একজন মেডিসিন ডাক্তারকে দেখিয়ে নিন । ধন্যবাদ,মাথা ব্যাথার,,প্যারাসিটামল,মেডিসিন ডাক্তারকে,,একটা খেতে পারেন খাবার পরে,,মেডিসিন ডাক্তারকে,নিউরোলজি ডাক্তারকে,আপনাকে ধন্যবাদ প্রশ্ন করার জন্য । আপনি মাথা ব্যাথার জন্য প্যারাসিটামল একটা খেতে পারেন খাবার পরে । কফি খেয়ে দেখতে পারেন । একজন নিউরোলজি ডাক্তারকে দেখিয়ে নিন । ধন্যবাদ
Thank you for asking question to Daktarbhai . There are lots of reason for hairfall . Give her cap . Zif 0 + 1 + 0 - - 1 month . Tab . Floriz 1000mcg - - 0 + 1 + 0 - - - 1 month . Tab D - Rise 2000 IU - 0 + 1 + 0 - - 1 month . Drink lots of water . Eat Protien rich food like egg . meat . fish . Consulat a dermatologist physically . Thanks . ,,,cap . Zif | Tab . Floriz 1000mcg | Tab D - Rise 2000 IU,dermatologist,,0 + 1 + 0 | 0 + 1 + 0 | 0 + 1 + 0,,dermatologist,trichologist,Thank you for asking question to Daktarbhai . There are lots of reason for hairfall . Give her cap . Zif 0 + 1 + 0 - - 1 month . Tab . Floriz 1000mcg - - 0 + 1 + 0 - - - 1 month . Tab D - Rise 2000 IU - 0 + 1 + 0 - - 1 month . Drink lots of water . Eat Protien rich food like egg . meat . fish . Consulat a trichologist physically . Thanks .
আপনাকে ধন্যবাদ প্রশ্ন করার জন্য । আপনি একবেলার জন্য মেটফরমিন না খেয়ে বরং দুই তিন দিনের খাবার আগে ও পরের রক্তের সুগার মেপে বেশি থাকলে একজন ডায়াবেটিস এ - র ডাক্তারের পরামর্শ নিন । প্রতিদিন আধা ঘন্টা করে জোর কদমে হাটুন । মিষ্টি খাবার পরিহার করুন । ধন্যবাদ,,,মেটফরমিন,ডায়াবেটিস এ - র ডাক্তারের,,,,ডায়াবেটিস এ - র ডাক্তারের,এন্ডোক্রাইনোলজি বিশেষজ্ঞের,আপনাকে ধন্যবাদ প্রশ্ন করার জন্য । আপনি একবেলার জন্য মেটফরমিন না খেয়ে বরং দুই তিন দিনের খাবার আগে ও পরের রক্তের সুগার মেপে বেশি থাকলে একজন এন্ডোক্রাইনোলজি বিশেষজ্ঞের পরামর্শ নিন । প্রতিদিন আধা ঘন্টা করে জোর কদমে হাটুন । মিষ্টি খাবার পরিহার করুন । ধন্যবাদ
আপনাকে ধন্যবাদ প্রশ্ন করার জন্য । আপনার সমস্যা না দেখে চিকিৎসা দেয়া যাবে না । আপনার সমস্যাটি জটিল মনে হচ্ছে । প্রাথমিক চিকিৎসা তে কমবে না । আপনি একজন নাক কান গলা বিশেষজ্ঞ কে দেখান । ধন্যবাদ । ,,,,নাক কান গলা বিশেষজ্ঞ,,,,নাক কান গলা বিশেষজ্ঞ,মাথা ও ঘাড় সার্জন,আপনাকে ধন্যবাদ প্রশ্ন করার জন্য । আপনার সমস্যা না দেখে চিকিৎসা দেয়া যাবে না । আপনার সমস্যাটি জটিল মনে হচ্ছে । প্রাথমিক চিকিৎসা তে কমবে না । আপনি একজন মাথা ও ঘাড় সার্জন কে দেখান । ধন্যবাদ ।
Thanks for questioning daktarbhai . Please consult with a gynaecologist and do a physical check up and then take a decision . . Otherwise no medicine will be allowed . Thanks,,,,gynaecologist,,,,gynaecologist,urogynecologist,Thanks for questioning daktarbhai . Please consult with a urogynecologist and do a physical check up and then take a decision . . Otherwise no medicine will be allowed . Thanks
"Thank You for your question . Nasal congestion during winter season is called Allergic Rhinitis . You should visit an ENT specialist for your problem . Most of the case , Allergic Rhinitis is not preventable but you will be symptoms free if you take medicine and proper treatment . Thank you",,Allergic Rhinitis | Allergic Rhinitis,,ENT specialist,,,,ENT specialist,Allergist,"Thank You for your question . Nasal congestion during winter season is called Allergic Rhinitis . You should visit an Allergist for your problem . Most of the case , Allergic Rhinitis is not preventable but you will be symptoms free if you take medicine and proper treatment . Thank you"
আপনাকে ধন্যবাদ প্রশ্ন করার জন্য । আপনার বাচ্চাকে একজন শিশু ডাক্তার কে দেখান । ডাক্তার না দেখিয়ে মেট্রিল খাওয়ানো এই মহুর্তে না খাওয়ানোই ভাল । ধন্যবাদ । ,,,মেট্রিল,শিশু ডাক্তার,,,,শিশু ডাক্তার,শিশু রোগ বিশেষজ্ঞ,আপনাকে ধন্যবাদ প্রশ্ন করার জন্য । আপনার বাচ্চাকে একজন শিশু রোগ বিশেষজ্ঞ কে দেখান । ডাক্তার না দেখিয়ে মেট্রিল খাওয়ানো এই মহুর্তে না খাওয়ানোই ভাল । ধন্যবাদ ।
"ডাক্তার ভাই কে প্রশ্ন করার জন্য ধন্যবাদ । পর্যাপ্ত ঘুম , নিয়মিত ঔষধ সেবন এবং দুশ্চিন্তা না করা , সব সময় ভাল চিন্তা করুন আপনি একজন Psychiatrist এর পরামর্শ নিতে পারেন । ধন্যবাদ",দুশ্চিন্তা,,,Psychiatrist,,,,Psychiatrist,Clinical Psychologist,"ডাক্তার ভাই কে প্রশ্ন করার জন্য ধন্যবাদ । পর্যাপ্ত ঘুম , নিয়মিত ঔষধ সেবন এবং দুশ্চিন্তা না করা , সব সময় ভাল চিন্তা করুন আপনি একজন Clinical Psychologist এর পরামর্শ নিতে পারেন । ধন্যবাদ"
বাচ্চাকে একজন শিশু বিশেষজ্ঞ ডাক্তার দেখান । ধন্যবাদ,,,,শিশু বিশেষজ্ঞ,,,,শিশু বিশেষজ্ঞ,শিশু সার্জন,বাচ্চাকে একজন শিশু সার্জন ডাক্তার দেখান । ধন্যবাদ
"আপনাকে ধন্যবাদ প্রশ্ন করার জন্য । বাচ্চার ওজন কিছুটা কম আছে । ওজন ৩ কেজি হলে ভাল । আপনি ডিম , দুধ , প্রটিন বেশি খান । ভালভানে বিশ্রাম নিন । আপনার বাচ্চার নাড়াচাড়া বুুঝতে পারেন কিনা খেয়াল করুন । একজন গাইনি ডাক্তারের পরামর্শ নিন । ধন্যবাদ",,,,গাইনি ডাক্তারের,,,,গাইনি ডাক্তারের,প্রসূতি বিশেষজ্ঞের,"আপনাকে ধন্যবাদ প্রশ্ন করার জন্য । বাচ্চার ওজন কিছুটা কম আছে । ওজন ৩ কেজি হলে ভাল । আপনি ডিম , দুধ , প্রটিন বেশি খান । ভালভানে বিশ্রাম নিন । আপনার বাচ্চার নাড়াচাড়া বুুঝতে পারেন কিনা খেয়াল করুন । একজন প্রসূতি বিশেষজ্ঞের পরামর্শ নিন । ধন্যবাদ"
আপনাকে ধন্যবাদ প্রশ্ন করার জন্য । আপনি একজন নাক কান গলা রোগ বিশেষজ্ঞ এর পরামর্ষ নিন । ধন্যবাদ,,,,নাক কান গলা রোগ বিশেষজ্ঞ,,,,নাক কান গলা রোগ বিশেষজ্ঞ,অডিওলজিস্ট,আপনাকে ধন্যবাদ প্রশ্ন করার জন্য । আপনি একজন অডিওলজিস্ট এর পরামর্ষ নিন । ধন্যবাদ
আপনাকে ধন্যবাদ প্রশ্ন করার জন্য । আপনি একজন দন্ত বিশেষজ্ঞ - কে সরাসরি দেখিয়ে এর সমাধান নিন । দীর্ঘ মেয়াদি চিকিৎসার মাধ্যমে এই সমস্যার সমাধান হয় । ধন্যবাদ । ,,,,দন্ত বিশেষজ্ঞ,,,,দন্ত বিশেষজ্ঞ,মুখ ও চোয়াল সার্জন,আপনাকে ধন্যবাদ প্রশ্ন করার জন্য । আপনি একজন মুখ ও চোয়াল সার্জন - কে সরাসরি দেখিয়ে এর সমাধান নিন । দীর্ঘ মেয়াদি চিকিৎসার মাধ্যমে এই সমস্যার সমাধান হয় । ধন্যবাদ ।
"ডাক্তার ভাইকে প্রশ্ন করার জন্য ধন্যবাদ । এ বিষয়ে বাচ্চার বয়স অনুযায়ী ওজন পরীক্ষা করে , বাচ্চার যথাযথ স্বাস্থ্যসম্মত ও পুষ্টিকর খাবারের বিষয়ে একজন শিশু বিশেষজ্ঞের সরাসরি পরামর্শ নিন । ধন",,,,শিশু বিশেষজ্ঞের,,,,শিশু বিশেষজ্ঞের,শিশু পুষ্টিবিদের,"ডাক্তার ভাইকে প্রশ্ন করার জন্য ধন্যবাদ । এ বিষয়ে বাচ্চার বয়স অনুযায়ী ওজন পরীক্ষা করে , বাচ্চার যথাযথ স্বাস্থ্যসম্মত ও পুষ্টিকর খাবারের বিষয়ে একজন শিশু পুষ্টিবিদের সরাসরি পরামর্শ নিন । ধন"
"ডাক্তার ভাই কে প্রশ্ন করার জন্য ধন্যবাদ । একজন বক্ষ ব্যাধি ডাক্তার এর পরামর্শ নিন । ধন্যবাদ । প্রিয় গ্রাহক , আপনার রোগটির চিকিৎসার জন্য আরও বিস্তারিত তথ্য জানা দরকার । আপনি ডাক্তারভাই এপ্লিকেশন থেকে ' Video Call To A Doctor ' সার্ভিসটি ব্যবহার করে একজন ( * * * ) বিশেষজ্ঞ ডাক্তারের এপয়েন্টমেন্ট নিয়ে ভিডিও কল এ কথা বলতে পারেন এবং ডাক্তারএর লেখা প্রেস্ক্রিপশন আপনি আপনার এপ্লিকেশন এ পেয়ে যাবেন । আরও বিস্তারিত জানতে < NUMBER > তে কল করুন । ধন্যবাদ । ",,,,বক্ষ ব্যাধি,,,,বক্ষ ব্যাধি,ফুসফুস বিশেষজ্ঞ,"ডাক্তার ভাই কে প্রশ্ন করার জন্য ধন্যবাদ । একজন ফুসফুস বিশেষজ্ঞ ডাক্তার এর পরামর্শ নিন । ধন্যবাদ । প্রিয় গ্রাহক , আপনার রোগটির চিকিৎসার জন্য আরও বিস্তারিত তথ্য জানা দরকার । আপনি ডাক্তারভাই এপ্লিকেশন থেকে ' Video Call To A Doctor ' সার্ভিসটি ব্যবহার করে একজন ( * * * ) বিশেষজ্ঞ ডাক্তারের এপয়েন্টমেন্ট নিয়ে ভিডিও কল এ কথা বলতে পারেন এবং ডাক্তারএর লেখা প্রেস্ক্রিপশন আপনি আপনার এপ্লিকেশন এ পেয়ে যাবেন । আরও বিস্তারিত জানতে < NUMBER > তে কল করুন । ধন্যবাদ ।"
"2015 সাল থেকে আমার বাবা ক্যান্সার রোগে আক্রান্ত রেডিও থেরাপি দেওয়া হয়েছে কেমোথেরাপি দেওয়া হয়েছে এখন ডক্টর বলছেন সার্জারি করার জন্য কারণ কেমোথেরাপি আর কোন কাজ হচ্ছে না আমার প্রশ্ন হল যেহেতু আমার বাবার গলায় ভোকাল কর্ডে সমস্যা , সার্জারি করা প্রয়োজন . বাংলাদেশের নাক কান গলা বিশেষজ্ঞ সার্জন ডাক্তার ও হাসপাতাল ভালো হবে এই চিকিৎসার জন্য জানাবেন দয়া করে",গলায় ভোকাল কর্ডে সমস্যা,ক্যান্সার,,নাক কান গলা বিশেষজ্ঞ,,,রেডিও থেরাপি | কেমোথেরাপি | কেমোথেরাপি | সার্জারি,নাক কান গলা বিশেষজ্ঞ,মাথা ও ঘাড়ের সার্জন,"2015 সাল থেকে আমার বাবা ক্যান্সার রোগে আক্রান্ত রেডিও থেরাপি দেওয়া হয়েছে কেমোথেরাপি দেওয়া হয়েছে এখন ডক্টর বলছেন সার্জারি করার জন্য কারণ কেমোথেরাপি আর কোন কাজ হচ্ছে না আমার প্রশ্ন হল যেহেতু আমার বাবার গলায় ভোকাল কর্ডে সমস্যা , সার্জারি করা প্রয়োজন . বাংলাদেশের মাথা ও ঘাড়ের সার্জন ডাক্তার ও হাসপাতাল ভালো হবে এই চিকিৎসার জন্য জানাবেন দয়া করে"
ডাক্তার ভাইতে প্রশ্ন করার জন্যে আপনাকে ধন্যবাদ । আপনি মাথা ঘুরলে tab - Norium 10 mg 0 + 0 + 1 ৭ দিন খেতে পারেন । দাতের জন্যে tab - ceevit 1 + 0 + 1 ১০ দিন খেতে পারেন । প্রয়োজনে দাতের বিশেষজ্ঞ চিকিৎসক এর পরামর্শ নিন । ,,,tab - Norium 10 mg | tab - ceevit,দাতের বিশেষজ্ঞ চিকিৎসক,,0 + 0 + 1 | 1 + 0 + 1,,দাতের বিশেষজ্ঞ চিকিৎসক,মুখ ও চোয়ালের সার্জন,ডাক্তার ভাইতে প্রশ্ন করার জন্যে আপনাকে ধন্যবাদ । আপনি মাথা ঘুরলে tab - Norium 10 mg 0 + 0 + 1 ৭ দিন খেতে পারেন । দাতের জন্যে tab - ceevit 1 + 0 + 1 ১০ দিন খেতে পারেন । প্রয়োজনে মুখ ও চোয়ালের সার্জন এর পরামর্শ নিন ।
"ডাক্তার ভাইকে প্রশ্ন করার জন্য ধন্যবাদ । এ বিষয়ে আপনি স্ত্রীকে সরাসরি গাইনোকোলজিস্ট এর কাছে নিয়ে যান , কিছু শারীরিক চেকআপ করিয়ে তারপরে গাইনোকোলজিস্ট উনাকে পিল সাজেস্ট করবেন । ধন্যবাদ",,,,গাইনোকোলজিস্ট | গাইনোকোলজিস্ট,,,,গাইনোকোলজিস্ট | গাইনোকোলজিস্ট,স্ত্রীরোগ বিশেষজ্ঞ,"ডাক্তার ভাইকে প্রশ্ন করার জন্য ধন্যবাদ । এ বিষয়ে আপনি স্ত্রীকে সরাসরি গাইনোকোলজিস্ট এর কাছে নিয়ে যান , কিছু শারীরিক চেকআপ করিয়ে তারপরে স্ত্রীরোগ বিশেষজ্ঞ উনাকে পিল সাজেস্ট করবেন । ধন্যবাদ"
Hello Thank you for your question . yes there is a treatment for cervical disk prolapse . you can consult with a neuro surgeon or physical medicine or orthopaedic specialist . Thank you,,cervical disk prolapse,,neuro surgeon | physical medicine | orthopaedic specialist,,,,neuro surgeon | physical medicine | orthopaedic specialist,neurologist,Hello Thank you for your question . yes there is a treatment for cervical disk prolapse . you can consult with a neurologist or physical medicine or orthopaedic specialist . Thank you
ধন্যবাদ আপনাকে প্রশ্নের জন্য । গাইনি চিকিৎসকের পরামর্শ নিন । ধন্যবাদ,,,,গাইনি চিকিৎসকের,,,,গাইনি চিকিৎসকের,স্ত্রীরোগ বিশেষজ্ঞের,ধন্যবাদ আপনাকে প্রশ্নের জন্য । স্ত্রীরোগ বিশেষজ্ঞের পরামর্শ নিন । ধন্যবাদ
আপনাকে ধন্যবাদ প্রশ্ন করার জন্য । আপনি একজন মেডিসিন বিশেষজ্ঞের সাথে সাক্ষাৎ করে সরাসরি পরামর্শ নিন । ধন্যবাদ । ,,,,মেডিসিন বিশেষজ্ঞের,,,,মেডিসিন বিশেষজ্ঞের,পারিবারিক চিকিৎসা বিশেষজ্ঞের,আপনাকে ধন্যবাদ প্রশ্ন করার জন্য । আপনি একজন পারিবারিক চিকিৎসা বিশেষজ্ঞের সাথে সাক্ষাৎ করে সরাসরি পরামর্শ নিন । ধন্যবাদ ।
ধন্যবাদ আপনার প্রশ্নের জন্য । টেস্ট করে নিশ্চিত হতে হবে । না দেখে সমাধান দেয়া যাচ্ছে না । একজন মেডিসিন বিশেষজ্ঞের পরামর্শ নিন । এই এপের মাধ্যমে ভিডিও কনফারেন্সে চিকিৎসকের পরামর্শ নিতে পারেন । ধন্যবাদ,,,,মেডিসিন বিশেষজ্ঞের,,,,মেডিসিন বিশেষজ্ঞের,অভ্যন্তরীণ রোগ বিশেষজ্ঞের,ধন্যবাদ আপনার প্রশ্নের জন্য । টেস্ট করে নিশ্চিত হতে হবে । না দেখে সমাধান দেয়া যাচ্ছে না । একজন অভ্যন্তরীণ রোগ বিশেষজ্ঞের পরামর্শ নিন । এই এপের মাধ্যমে ভিডিও কনফারেন্সে চিকিৎসকের পরামর্শ নিতে পারেন । ধন্যবাদ
"ডাক্তার ভাই কে প্রশ্ন করার জন্য ধন্যবাদ । একজন নাক , কান বিশেষজ্ঞ র সাথে কথা বলেন । কানে হাত দিবেন না । বা কিছু ঢুকা বেন না । ধন্যবাদ । ",,,,"নাক , কান বিশেষজ্ঞ",,,,"নাক , কান বিশেষজ্ঞ",কর্ণরোগ বিশেষজ্ঞ,ডাক্তার ভাই কে প্রশ্ন করার জন্য ধন্যবাদ । একজন কর্ণরোগ বিশেষজ্ঞ র সাথে কথা বলেন । কানে হাত দিবেন না । বা কিছু ঢুকা বেন না । ধন্যবাদ ।
আপনাকে ধন্যবাদ প্রশ্ন করার জন্য । ধূমপান ছাড়ার জন্য ইচ্ছাই যথেষ্ট । ধূমপান ছাড়লে কোনো পার্শ্ব প্রতিক্রিয়া হয় না । মনকে নিয়ন্ত্রণ করুন । একজন মন রোগ বিশেষজ্ঞ কে দেখাতে পারেন । ধন্যবাদ,,,,মন রোগ বিশেষজ্ঞ,,,,মন রোগ বিশেষজ্ঞ,ক্লিনিক্যাল সাইকোলজিস্ট,আপনাকে ধন্যবাদ প্রশ্ন করার জন্য । ধূমপান ছাড়ার জন্য ইচ্ছাই যথেষ্ট । ধূমপান ছাড়লে কোনো পার্শ্ব প্রতিক্রিয়া হয় না । মনকে নিয়ন্ত্রণ করুন । একজন ক্লিনিক্যাল সাইকোলজিস্ট কে দেখাতে পারেন । ধন্যবাদ
আপনাকে ধন্যবাদ প্রশ্ন করার জন্য । সর্দির জন্য এলাট্রল খেতে অয়ারেন রাতে একটা করে । এলার্জিক রাইনাইটিস হলে অনেক সময়ে দীর্ঘদিন পর্যন্ত সর্দি থাকতে পারে । একজন মেডিসিন ডাক্তারের পরামর্শ নিতে পারেন । ধন্যবাদ,,এলার্জিক রাইনাইটিস,এলাট্রল,মেডিসিন ডাক্তারের,,,,মেডিসিন ডাক্তারের,নাক-কান-গলা বিশেষজ্ঞ,আপনাকে ধন্যবাদ প্রশ্ন করার জন্য । সর্দির জন্য এলাট্রল খেতে অয়ারেন রাতে একটা করে । এলার্জিক রাইনাইটিস হলে অনেক সময়ে দীর্ঘদিন পর্যন্ত সর্দি থাকতে পারে । একজন নাক-কান-গলা বিশেষজ্ঞের পরামর্শ নিতে পারেন । ধন্যবাদ
"ডাক্তার ভাই কে প্রশ্ন করার জন্য ধন্যবাদ । emergency pill খাওয়ার কারনে মাঝে মাঝে মাসিক দেরি তে হতে পারে । এতে চিন্তার কিছু নেই , আপনি ১সপ্তাহ দেখুন এর মধ্যে মাসিক না হলে গাইনী বিশেষজ্ঞের পরামর্শ নিন । ",,,,গাইনী বিশেষজ্ঞের,,,,গাইনী বিশেষজ্ঞের,হরমোন বিশেষজ্ঞের,"ডাক্তার ভাই কে প্রশ্ন করার জন্য ধন্যবাদ । emergency pill খাওয়ার কারনে মাঝে মাঝে মাসিক দেরি তে হতে পারে । এতে চিন্তার কিছু নেই , আপনি ১সপ্তাহ দেখুন এর মধ্যে মাসিক না হলে হরমোন বিশেষজ্ঞের পরামর্শ নিন ।"
"ডাক্তার ভাইকে প্রশ্ন করার জন্য ধন্যবাদ । Ambolyt Paediatric Drop . 0 . 5 ml . . . ২ বেলা , ৫ - ৭ দিন । এছাড়া অবস্থার উন্নতি না হলে একজন শিশু বিশেষজ্ঞের পরামর্শ নিন । ধন্যবাদ",,,Ambolyt Paediatric Drop . 0 . 5 ml,শিশু বিশেষজ্ঞের,,"২ বেলা , ৫ - ৭ দিন",,শিশু বিশেষজ্ঞের,নবজাতক বিশেষজ্ঞের,"ডাক্তার ভাইকে প্রশ্ন করার জন্য ধন্যবাদ । Ambolyt Paediatric Drop . 0 . 5 ml . . . ২ বেলা , ৫ - ৭ দিন । এছাড়া অবস্থার উন্নতি না হলে একজন নবজাতক বিশেষজ্ঞের পরামর্শ নিন । ধন্যবাদ"
ধন্যবাদ আপনাকে প্রশ্নের জন্য । আপনি ভিডিও কলের মাধ্যমে একজন oncologist এর এপয়েনমেন্ট নিয়ে রিপোর্ট দেখাতে পারবেন । এ ব্যাপারে কাস্টোমার কেয়ার সেন্টার থেকে আপনার সাথে যোগাযোগ করা হবে । ধন্যবাদ,,,,oncologist,,,,oncologist,hematologist,ধন্যবাদ আপনাকে প্রশ্নের জন্য । আপনি ভিডিও কলের মাধ্যমে একজন hematologist এর এপয়েনমেন্ট নিয়ে রিপোর্ট দেখাতে পারবেন । এ ব্যাপারে কাস্টোমার কেয়ার সেন্টার থেকে আপনার সাথে যোগাযোগ করা হবে । ধন্যবাদ
আপনাকে ধন্যবাদ প্রশ্ন করার জন্য । আপনি একজন ইউরোলোজিস্ট কে দেখান । ডায়াবেটিস পরীক্ষা করান । হস্তমৈথুনের অভ্যাস বাদ দিন । ধন্যবাদ,,,,ইউরোলোজিস্ট,,,ডায়াবেটিস পরীক্ষা,ইউরোলোজিস্ট,নেফ্রোলজিস্ট,আপনাকে ধন্যবাদ প্রশ্ন করার জন্য । আপনি একজন নেফ্রোলজিস্ট কে দেখান । ডায়াবেটিস পরীক্ষা করান । হস্তমৈথুনের অভ্যাস বাদ দিন । ধন্যবাদ
আপনাকে ধন্যবাদ প্রশ্ন করার জন্য । সমস্যাটি একজন চর্মরোগ বিশেষজ্ঞকে দেখিয়ে এ সংক্রান্ত পরামর্শ নিন । ধন্যবাদ । ,,,,চর্মরোগ বিশেষজ্ঞকে,,,,চর্মরোগ বিশেষজ্ঞকে,অ্যালার্জি বিশেষজ্ঞকে,আপনাকে ধন্যবাদ প্রশ্ন করার জন্য । সমস্যাটি একজন অ্যালার্জি বিশেষজ্ঞকে দেখিয়ে এ সংক্রান্ত পরামর্শ নিন । ধন্যবাদ ।
আপনাকে ধন্যবাদ প্রশ্ন করার জন্য । আপনি মধু আদা গরম পানি খাবেন । বেশি ব্যাথা করলে প্যারাসিটামল খেতে পারেন । একজন নাক কান গলা ডাক্তারের পরামর্শ নিন । ধন্যবাদ,,,প্যারাসিটামল,নাক কান গলা ডাক্তারের,,,,নাক কান গলা ডাক্তারের,বক্ষব্যাধি ডাক্তারের,আপনাকে ধন্যবাদ প্রশ্ন করার জন্য । আপনি মধু আদা গরম পানি খাবেন । বেশি ব্যাথা করলে প্যারাসিটামল খেতে পারেন । একজন বক্ষব্যাধি ডাক্তারের পরামর্শ নিন । ধন্যবাদ
ডাক্তার ভাইকে প্রশ্ন করার জন্য ধন্যবাদ । আপনি প্রস্রাব আটকায়ে রাখবেন না । পানি ও তরল খাবার বেশি খাবেন । আর প্রেসারের জন্য মেডিসিন বিশেষজ্ঞ ডাক্তারের পরামর্শ নিন । ,,প্রেসারের,,মেডিসিন বিশেষজ্ঞ,,,,মেডিসিন বিশেষজ্ঞ,কিডনি বিশেষজ্ঞ,ডাক্তার ভাইকে প্রশ্ন করার জন্য ধন্যবাদ । আপনি প্রস্রাব আটকায়ে রাখবেন না । পানি ও তরল খাবার বেশি খাবেন । আর প্রেসারের জন্য কিডনি বিশেষজ্ঞ ডাক্তারের পরামর্শ নিন ।
"আপনাকে ধন্যবাদ প্রশ্ন করার জন্য । আপনার সমস্যা সমাধান এর জন্য আপনার বিস্তারিত ইতিহাস , কিছু পরীক্ষা করা দরকার । আপনি একজন মেডিসিন বিশেষজ্ঞ কে দেখান । আপনার সমস্যা ভাল হতে সময় লাগবে । ধন্যবাদ । ",,,,মেডিসিন বিশেষজ্ঞ,,,,মেডিসিন বিশেষজ্ঞ,অভ্যন্তরীণ রোগ বিশেষজ্ঞ,"আপনাকে ধন্যবাদ প্রশ্ন করার জন্য । আপনার সমস্যা সমাধান এর জন্য আপনার বিস্তারিত ইতিহাস , কিছু পরীক্ষা করা দরকার । আপনি একজন অভ্যন্তরীণ রোগ বিশেষজ্ঞ কে দেখান । আপনার সমস্যা ভাল হতে সময় লাগবে । ধন্যবাদ ।"
"আপনাকে ধন্যবাদ প্রশ্ন করার জন্য । জন্ডিস অনেক ধরনের হয় । যেমন হেপাটাইটিস বি , সি ইত্যাদি । সাধারনত যে জন্ডিস হয় তা বিশ্রামে ও পানি জাতীয় খাবার ঠিক মত খেলে কিছুদিন পর এমনিতেই ভাল হয়ে যায় । আর যে গুলো সিরিয়াস যেমন হেপাটাইটিস , সি এইগুলোতে আপনার লিভার বিশেষজ্ঞের পরামর্শ নিতে হবে । ধন্যবাদ",,"জন্ডিস | হেপাটাইটিস বি , সি | জন্ডিস | হেপাটাইটিস , সি",,লিভার বিশেষজ্ঞের,,,,লিভার বিশেষজ্ঞের,গ্যাস্ট্রোএন্টারোলজিস্টের,"আপনাকে ধন্যবাদ প্রশ্ন করার জন্য । জন্ডিস অনেক ধরনের হয় । যেমন হেপাটাইটিস বি , সি ইত্যাদি । সাধারনত যে জন্ডিস হয় তা বিশ্রামে ও পানি জাতীয় খাবার ঠিক মত খেলে কিছুদিন পর এমনিতেই ভাল হয়ে যায় । আর যে গুলো সিরিয়াস যেমন হেপাটাইটিস , সি এইগুলোতে আপনার গ্যাস্ট্রোএন্টারোলজিস্টের পরামর্শ নিতে হবে । ধন্যবাদ"
"ধন্যবাদ আপনাকে প্রশ্নের জন্য ৷ সামনা সামনি পরীক্ষা করে দেখতে হবে ভিতরে কতখানি ছিড়েছে , কতটা গভীর ক্ষত । আপনি সরাসরি কোনো সার্জনের পরামর্শ নিন । প্রতিবেলা শাকসবজি , ফলমূল , ভূষি খাবেন । বেশি করে পানি খান । ধন্যবাদ",,ভিতরে কতখানি ছিড়েছে | গভীর ক্ষত,,সার্জনের,,,,সার্জনের,প্লাস্টিক সার্জনের,"ধন্যবাদ আপনাকে প্রশ্নের জন্য ৷ সামনা সামনি পরীক্ষা করে দেখতে হবে ভিতরে কতখানি ছিড়েছে , কতটা গভীর ক্ষত । আপনি সরাসরি কোনো প্লাস্টিক সার্জনের পরামর্শ নিন । প্রতিবেলা শাকসবজি , ফলমূল , ভূষি খাবেন । বেশি করে পানি খান । ধন্যবাদ"
আপনাকে ধন্যবাদ প্রশ্ন করার জন্য । থাইরয়েড সমস্যার সাথে খাবারের কোনো সম্পর্ক নাই । সব ধরনের খাবার খেতে পারবেন । একজন হরমন রোগ বিশেষজ্ঞ কে দেখিয়ে চিকিৎসা নিন । ধন্যবাদ । ,,,,হরমন রোগ বিশেষজ্ঞ,,,,হরমন রোগ বিশেষজ্ঞ,মেডিসিন বিশেষজ্ঞ,আপনাকে ধন্যবাদ প্রশ্ন করার জন্য । থাইরয়েড সমস্যার সাথে খাবারের কোনো সম্পর্ক নাই । সব ধরনের খাবার খেতে পারবেন । একজন মেডিসিন বিশেষজ্ঞ কে দেখিয়ে চিকিৎসা নিন । ধন্যবাদ ।
"আপনাকে ধন্যবাদ প্রশ্ন করার জন্য । আপনি ব্যালেন্স ডায়েট খান । প্রতিদিন এর খাবারে দুধ , ডিম , মাছ , মাংস , পনির খান । নিয়মিত ব্যায়াম করুন । ধুমপান করবেন না । নেশা থেকে দূরে থাকুন । ঘুম ঠিক মত হতে হবে । দুশ্চিন্তা করবেন না । ডায়াবেটিস , থাইরয়েড পরীক্ষা করান । একজন মেডিসিন বিশেষজ্ঞ ডাক্তার কে দেখিয়ে নিশ্চিত হয়ে চিকিৎসা নিন । ধন্যবাদ । ",,,,মেডিসিন বিশেষজ্ঞ ডাক্তার,,,"ডায়াবেটিস , থাইরয়েড পরীক্ষা",মেডিসিন বিশেষজ্ঞ ডাক্তার,এন্ডোক্রাইনোলজি বিশেষজ্ঞ ডাক্তার,"আপনাকে ধন্যবাদ প্রশ্ন করার জন্য । আপনি ব্যালেন্স ডায়েট খান । প্রতিদিন এর খাবারে দুধ , ডিম , মাছ , মাংস , পনির খান । নিয়মিত ব্যায়াম করুন । ধুমপান করবেন না । নেশা থেকে দূরে থাকুন । ঘুম ঠিক মত হতে হবে । দুশ্চিন্তা করবেন না । ডায়াবেটিস , থাইরয়েড পরীক্ষা করান । একজন এন্ডোক্রাইনোলজি বিশেষজ্ঞ ডাক্তার কে দেখিয়ে নিশ্চিত হয়ে চিকিৎসা নিন । ধন্যবাদ ।"
আপনাকে ধন্যবাদ প্রশ্ন করার জন্য । আপনার সমস্যা গুরুতর যা প্রাথমিক চিকিৎসা তে কমবে না । আপনি একজন ফিজিক্যাল মেডিসিন বিশেষজ্ঞ কে দেখাতে পারেন । ধন্যবাদ । ,,,,ফিজিক্যাল মেডিসিন বিশেষজ্ঞ,,,,ফিজিক্যাল মেডিসিন বিশেষজ্ঞ,অর্থোপেডিক বিশেষজ্ঞ,আপনাকে ধন্যবাদ প্রশ্ন করার জন্য । আপনার সমস্যা গুরুতর যা প্রাথমিক চিকিৎসা তে কমবে না । আপনি একজন অর্থোপেডিক বিশেষজ্ঞ কে দেখাতে পারেন । ধন্যবাদ ।
ডাক্তার ভাইকে প্রশ্ন করার জন্য ধন্যবাদ । Tab Naproxen 500 একটি করে ট্যাবলেট সকালে ও রাতে পাঁচদিন খাবেন । Tab Myolax 50 একটি করে ট্যাবলেট তিনবেলা তিন দিন খাবেন । Tab Calbo - D ১ টি করে ট্যাবলেট একমাস খাবেন । Cap Maxpro 20 ১ করে ক্যাপসুল দুই বেলা খাবেন 14 দিন । হাঁটা চলাফেরা কম করবেন এবং প্রয়োজনে একজন অর্থোপেডিক্স ডাক্তারের পরামর্শ নেবেন । ধন্যবাদ । ,,,Tab Naproxen 500 | Tab Myolax 50 | Tab Calbo - D | Cap Maxpro 20,অর্থোপেডিক্স ডাক্তারের,,একটি করে ট্যাবলেট সকালে ও রাতে পাঁচদিন | একটি করে ট্যাবলেট তিনবেলা তিন দিন | ১ টি করে ট্যাবলেট একমাস | ১ করে ক্যাপসুল দুই বেলা খাবেন 14 দিন,,অর্থোপেডিক্স ডাক্তারের,রিউমাটোলজি ডাক্তারের,ডাক্তার ভাইকে প্রশ্ন করার জন্য ধন্যবাদ । Tab Naproxen 500 একটি করে ট্যাবলেট সকালে ও রাতে পাঁচদিন খাবেন । Tab Myolax 50 একটি করে ট্যাবলেট তিনবেলা তিন দিন খাবেন । Tab Calbo - D ১ টি করে ট্যাবলেট একমাস খাবেন । Cap Maxpro 20 ১ করে ক্যাপসুল দুই বেলা খাবেন 14 দিন । হাঁটা চলাফেরা কম করবেন এবং প্রয়োজনে একজন রিউমাটোলজি ডাক্তারের পরামর্শ নেবেন । ধন্যবাদ ।
This question is better be answered by an ENT Specialist . Thanks,,,,ENT Specialist,,,,ENT Specialist,Audiologist,This question is better be answered by an Audiologist . Thanks
ডাক্তার ভাই কে প্রশ্ন করার জন্য ধন্যবাদ এই অবস্হায় Syp Alben শুধুমাত্র ১বার ১ চামচ খাওয়াতে পারেন আপনি একজন শিশু বিষেশজ্ঞ এর পরামর্শ নিতে পারেন ধন্যবাদ,,,Syp Alben,শিশু বিষেশজ্ঞ,,১বার ১ চামচ,,শিশু বিষেশজ্ঞ,শিশু গ্যাস্ট্রোএন্টারোলজিস্ট,ডাক্তার ভাই কে প্রশ্ন করার জন্য ধন্যবাদ এই অবস্হায় Syp Alben শুধুমাত্র ১বার ১ চামচ খাওয়াতে পারেন আপনি একজন শিশু গ্যাস্ট্রোএন্টারোলজিস্ট এর পরামর্শ নিতে পারেন ধন্যবাদ
"আপনাকে ধন্যবাদ প্রশ্ন করার জন্য । বাংলাদেশ হাইড্রালাজিনে ঔষধ পাওয়া যায় না । ইউএসএ কেন ওষুধ দিয়েছে তা উনার প্রেসক্রিপশন , ইনভেস্টিগেশন রিপোর্ট , উনার সাথে কথা না বলে , রোগের ইতিহাস না জেনে সঠিকভাবে বোঝা যাচ্ছে না । যদি সম্ভব হয় ইউএসএ তে উনার যে প্রেসক্রিপশন ডাক্তার দিয়েছে তা নিয়ে একজন হৃদ রোগ বিশেষজ্ঞকে দেখান । হৃদ রোগের ঔষধ গুলো বা প্রেসারের ওষুধ গুলো একেকটা একেক রোগের জন্য দেওয়া হয় । কিছু ওষুধ আছে যা বন্ধ করে দিলে রোগীর জন্য বিপদজনক হতে পারে । আপনি হৃদরোগের ডাক্তারের সাথে পরামর্শ না করে আপনার খালাকে কোন প্রেসারের ঔষধ খাওয়াবেন না । দ্রুত ডাক্তারের কাছে নিয়ে যান । দুঃখিত , আমরা রোগ না জেনে সঠিক ঔষধ উনার জন্য প্রেসক্রাইব করতে পারছিনা । ধন্যবাদ । ",,,,হৃদ রোগ বিশেষজ্ঞকে,,,,হৃদ রোগ বিশেষজ্ঞকে,ইন্টারনাল মেডিসিন বিশেষজ্ঞকে,"আপনাকে ধন্যবাদ প্রশ্ন করার জন্য । বাংলাদেশ হাইড্রালাজিনে ঔষধ পাওয়া যায় না । ইউএসএ কেন ওষুধ দিয়েছে তা উনার প্রেসক্রিপশন , ইনভেস্টিগেশন রিপোর্ট , উনার সাথে কথা না বলে , রোগের ইতিহাস না জেনে সঠিকভাবে বোঝা যাচ্ছে না । যদি সম্ভব হয় ইউএসএ তে উনার যে প্রেসক্রিপশন ডাক্তার দিয়েছে তা নিয়ে একজন ইন্টারনাল মেডিসিন বিশেষজ্ঞকে দেখান । হৃদ রোগের ঔষধ গুলো বা প্রেসারের ওষুধ গুলো একেকটা একেক রোগের জন্য দেওয়া হয় । কিছু ওষুধ আছে যা বন্ধ করে দিলে রোগীর জন্য বিপদজনক হতে পারে । আপনি হৃদরোগের ডাক্তারের সাথে পরামর্শ না করে আপনার খালাকে কোন প্রেসারের ঔষধ খাওয়াবেন না । দ্রুত ডাক্তারের কাছে নিয়ে যান । দুঃখিত , আমরা রোগ না জেনে সঠিক ঔষধ উনার জন্য প্রেসক্রাইব করতে পারছিনা । ধন্যবাদ ।"
ডাক্তার ভাইতে প্রশ্ন করার জন্যে আপনাকে ধন্যবাদ । syp - tofen ১ / ৪ চামচ সকাল ও রাতে দিতে পারেন । syp - ambrox ১ / ৪ চামচ সকাল ও রাতে দিতে পারেন । কাশি ও ঠান্ডা থাকা পর্যন্ত । তবে ছোট বাবুদের ডাক্তার দেখিয়ে ঔষধ খাওয়ানো উচিত । সম্ভব হলে কোনো শিশু বিশেষজ্ঞ চিকিৎসক এর পরামর্শ নিন । ,কাশি | ঠান্ডা,,syp - tofen | syp - ambrox,শিশু বিশেষজ্ঞ,,১ / ৪ চামচ | ১ / ৪ চামচ,,শিশু বিশেষজ্ঞ,নবজাতক বিশেষজ্ঞ,ডাক্তার ভাইতে প্রশ্ন করার জন্যে আপনাকে ধন্যবাদ । syp - tofen ১ / ৪ চামচ সকাল ও রাতে দিতে পারেন । syp - ambrox ১ / ৪ চামচ সকাল ও রাতে দিতে পারেন । কাশি ও ঠান্ডা থাকা পর্যন্ত । তবে ছোট বাবুদের ডাক্তার দেখিয়ে ঔষধ খাওয়ানো উচিত । সম্ভব হলে কোনো নবজাতক বিশেষজ্ঞ চিকিৎসক এর পরামর্শ নিন ।
Thank you for asking doctor bhai . If you have smelling problem then please consult with an ENT specialist as soon as possible for some physical tests . Otherwise it will not possible to diagnose the main cause of smell problem . ,,,,ENT specialist,,,,ENT specialist,rhinologist,Thank you for asking doctor bhai . If you have smelling problem then please consult with a rhinologist as soon as possible for some physical tests . Otherwise it will not possible to diagnose the main cause of smell problem .
আপনাকে ধন্যবাদ প্রশ্ন করার জন্য । আপনি স্কেবেস ঔষধ বাচ্চার শরীরে লাগান । আট ঘন্টা রাখুন । পানি লাগাবেন না । এর পরেও ভাল বনা হলে একজন চর্ম রোগ বিশেষজ্ঞ কে দেখিয়ে নিন । ধন্যবাদ । ,,,স্কেবেস ঔষধ,চর্ম রোগ বিশেষজ্ঞ,,,,চর্ম রোগ বিশেষজ্ঞ,শিশু রোগ বিশেষজ্ঞ,আপনাকে ধন্যবাদ প্রশ্ন করার জন্য । আপনি স্কেবেস ঔষধ বাচ্চার শরীরে লাগান । আট ঘন্টা রাখুন । পানি লাগাবেন না । এর পরেও ভাল বনা হলে একজন শিশু রোগ বিশেষজ্ঞ কে দেখিয়ে নিন । ধন্যবাদ ।
Thank you for your question Milk will come after delivery . Consult with dermatologist and act accordingly . You can use moisturizer . Do not rub for skin peeling . Thank you,,,,dermatologist,,,,dermatologist,allergist,Thank you for your question Milk will come after delivery . Consult with allergist and act accordingly . You can use moisturizer . Do not rub for skin peeling . Thank you
ধন্যবাদ আপনাকে প্রশ্ন করার জন্য । রোগীর সাথে সরাসরি কথা বলে হিস্ট্রি নিয়ে সমস্যা শুনে সমাধান দিতে হবে । বিশদ আলোচনার জন্য আপনি একজন paediatric চিকিৎসকের পরামর্শ নিন । আপনি এই এপের মাধ্যমে ভিডিও কনফারেন্সে চিকিৎসকের পরামর্শ নিতে পারেন । ধন্যবাদ,,,,paediatric চিকিৎসকের,,,,paediatric চিকিৎসকের,পারিবারিক চিকিৎসক,ধন্যবাদ আপনাকে প্রশ্ন করার জন্য । রোগীর সাথে সরাসরি কথা বলে হিস্ট্রি নিয়ে সমস্যা শুনে সমাধান দিতে হবে । বিশদ আলোচনার জন্য আপনি একজন পারিবারিক চিকিৎসকের পরামর্শ নিন । আপনি এই এপের মাধ্যমে ভিডিও কনফারেন্সে চিকিৎসকের পরামর্শ নিতে পারেন । ধন্যবাদ
"ডাক্তার ভাই কে প্রশ্ন করার জন্য ধন্যবাদ । আপনি গরম পানি , লবণ দওয়ে গার্গল করুন , দিনে ৩ - ৪ বার । এবং অবশ্যই নাক , কান , গলা বিশেষজ্ঞের পরামর্শ নিন । ধন্যবাদ । ",,,,"নাক , কান , গলা বিশেষজ্ঞের",,,,"নাক , কান , গলা বিশেষজ্ঞের",শ্বাসযন্ত্র বিশেষজ্ঞের,"ডাক্তার ভাই কে প্রশ্ন করার জন্য ধন্যবাদ । আপনি গরম পানি , লবণ দওয়ে গার্গল করুন , দিনে ৩ - ৪ বার । এবং অবশ্যই শ্বাসযন্ত্র বিশেষজ্ঞের পরামর্শ নিন । ধন্যবাদ ।"
ধন্যবাদ আপনাকে প্রশ্নের জন্য । সরাসরি একজন বিশেষজ্ঞ ডাক্তার দেখান । বুক পরীক্ষা করে দেখতে হবে । ইনফেকশন থাকলে এন্টিবায়োটিক দিতে হবে । অথবা হাসপাতালে নিয়ে যান । এই বয়সের চিকিৎসা সাবধানে করতে হবে । ধন্যবাদ,,ইনফেকশন,,বিশেষজ্ঞ,,,,বিশেষজ্ঞ,বক্ষব্যাধি বিশেষজ্ঞ,ধন্যবাদ আপনাকে প্রশ্নের জন্য । সরাসরি একজন বক্ষব্যাধি বিশেষজ্ঞ ডাক্তার দেখান । বুক পরীক্ষা করে দেখতে হবে । ইনফেকশন থাকলে এন্টিবায়োটিক দিতে হবে । অথবা হাসপাতালে নিয়ে যান । এই বয়সের চিকিৎসা সাবধানে করতে হবে । ধন্যবাদ
ডাক্তার ভাই কে প্রশ্ন করার জন্য ধন্যবাদ । আপনি আবার FNAC টেস্ট করে ব্রেস্ট বিশেষজ্ঞের পরামর্শ নিন । ,,,,ব্রেস্ট বিশেষজ্ঞের,,,FNAC টেস্ট,ব্রেস্ট বিশেষজ্ঞের,ক্যান্সার বিশেষজ্ঞের,ডাক্তার ভাই কে প্রশ্ন করার জন্য ধন্যবাদ । আপনি আবার FNAC টেস্ট করে ক্যান্সার বিশেষজ্ঞের পরামর্শ নিন ।
আপনাকে ধন্যবাদ প্রশ্ন করার জন্য । আপনি একজন ভাল গাইনী বিশেষজ্ঞ দেখান । ধন্যবাদ,,,,গাইনী বিশেষজ্ঞ,,,,গাইনী বিশেষজ্ঞ,স্ত্রীরোগ বিশেষজ্ঞ,আপনাকে ধন্যবাদ প্রশ্ন করার জন্য । আপনি একজন ভাল স্ত্রীরোগ বিশেষজ্ঞ দেখান । ধন্যবাদ
"আপনাকে ধন্যবাদ প্রশ্ন করার জন্য । আপনি ডাক্তার দেখিয়ে কাজ হয়নি , তাহলে প্রাথমিক চিকিৎসা তে আর কাজ হবে না । আমরা এই প্লাটফর্ম থেকে প্রাথমিক চিকিৎসা এবং প্রয়োজনীয় পরামর্শ ছাড়া সরাসরি চিকিৎসা দিতে পারি না । কারন আমাদের রোগী দেখার সুযোগ বা পরীক্ষা করার সুযোগ নাই । আপনি পিজি হাসপাতালে চর্ম রোগের ডাক্তার কে দেখাতে পারেন । জায়গাটি পরিষ্কার রাখুন । পানি বেশি করে পান করুন । পায়খানা নরম রাখুন । রাত জাগবেন না । দুশ্চিন্তা করবেন না । ধন্যবাদ । ",,,,চর্ম রোগের ডাক্তার,,,,চর্ম রোগের ডাক্তার,ত্বক বিশেষজ্ঞ,"আপনাকে ধন্যবাদ প্রশ্ন করার জন্য । আপনি ডাক্তার দেখিয়ে কাজ হয়নি , তাহলে প্রাথমিক চিকিৎসা তে আর কাজ হবে না । আমরা এই প্লাটফর্ম থেকে প্রাথমিক চিকিৎসা এবং প্রয়োজনীয় পরামর্শ ছাড়া সরাসরি চিকিৎসা দিতে পারি না । কারন আমাদের রোগী দেখার সুযোগ বা পরীক্ষা করার সুযোগ নাই । আপনি পিজি হাসপাতালে ত্বক বিশেষজ্ঞ কে দেখাতে পারেন । জায়গাটি পরিষ্কার রাখুন । পানি বেশি করে পান করুন । পায়খানা নরম রাখুন । রাত জাগবেন না । দুশ্চিন্তা করবেন না । ধন্যবাদ ।"
ডাক্তার ভাই কে প্রশ্ন করার জন্য ধন্যবাদ । Operation এর মাধ্যমে সমাধান সম্ভব আপনি সরাসরি একজন ENT বিশেষজ্ঞ চিকিৎসক এর পরামর্শ নিন ধন্যবাদ,,,,ENT বিশেষজ্ঞ চিকিৎসক,,,,ENT বিশেষজ্ঞ চিকিৎসক,মাথা ও ঘাড়ের সার্জন,ডাক্তার ভাই কে প্রশ্ন করার জন্য ধন্যবাদ । Operation এর মাধ্যমে সমাধান সম্ভব আপনি সরাসরি একজন মাথা ও ঘাড়ের সার্জন এর পরামর্শ নিন ধন্যবাদ
Thank you for asking question to Daktarbhai . You need to consult a gynaecologist physically . Thanks . ,,,,gynaecologist,,,,gynaecologist,obstetrician,Thank you for asking question to Daktarbhai . You need to consult a obstetrician physically . Thanks .
আপনাকে ধন্যবাদ প্রশ্ন করার জন্য । আপনার কি ফোড়া উঠছে না ব্রণ উঠছে ? ফোড়া হলে এন্টিবায়োটিক খেতে হবে । ব্রণ হলে আপনি পানি বেশি করে খান । মুখ পরিষ্কার রাকুন । ঘুম পর্যাপ্ত হতে হবে । দুশ্চিন্তা করবেন না । পায়খানা নরম রাখুন । এরপরেও ভাল না হলে একজন চর্ম রোগের ডাক্তার কে দেখাতে হবে । ধন্যবাদ,,,,চর্ম রোগের ডাক্তার,,,,চর্ম রোগের ডাক্তার,চর্মরোগ বিশেষজ্ঞ,আপনাকে ধন্যবাদ প্রশ্ন করার জন্য । আপনার কি ফোড়া উঠছে না ব্রণ উঠছে ? ফোড়া হলে এন্টিবায়োটিক খেতে হবে । ব্রণ হলে আপনি পানি বেশি করে খান । মুখ পরিষ্কার রাকুন । ঘুম পর্যাপ্ত হতে হবে । দুশ্চিন্তা করবেন না । পায়খানা নরম রাখুন । এরপরেও ভাল না হলে একজন চর্মরোগ বিশেষজ্ঞ কে দেখাতে হবে । ধন্যবাদ
ডাক্তার ভাইতে প্রশ্ন করার জন্যে আপনাকে ধন্যবাদ । আপনি একজন শিশু বিশেষজ্ঞ চিকিৎসক কে দেখিয়ে পরামর্শ নিবেন । ,,,,শিশু বিশেষজ্ঞ,,,,শিশু বিশেষজ্ঞ,নবজাতক বিশেষজ্ঞ,ডাক্তার ভাইতে প্রশ্ন করার জন্যে আপনাকে ধন্যবাদ । আপনি একজন নবজাতক বিশেষজ্ঞ চিকিৎসক কে দেখিয়ে পরামর্শ নিবেন ।
ধন্যবাদ আপনাকে প্রশ্নের জন্য । আপনি একজন মনরোগ বিশেষজ্ঞের পরামর্শ নিন । আপনার সব সমস্যা ওনাকে খুলে বলবেন । ধন্যবাদ,,,,মনরোগ বিশেষজ্ঞের,,,,মনরোগ বিশেষজ্ঞের,স্নায়ুরোগ বিশেষজ্ঞের,ধন্যবাদ আপনাকে প্রশ্নের জন্য । আপনি একজন স্নায়ুরোগ বিশেষজ্ঞের পরামর্শ নিন । আপনার সব সমস্যা ওনাকে খুলে বলবেন । ধন্যবাদ
ধন্যবাদ আপনাকে প্রশ্ন করার জন্য । গরম পানির সেঁক দিবেন । নাপা খাবেন । এক্স রে করতে হবে । orthopedic বিশেষজ্ঞ এর পরামর্শ নিন । ধন্যবাদ,,,নাপা,orthopedic বিশেষজ্ঞ,,,এক্স রে,orthopedic বিশেষজ্ঞ,রিউমাটোলজি বিশেষজ্ঞ,ধন্যবাদ আপনাকে প্রশ্ন করার জন্য । গরম পানির সেঁক দিবেন । নাপা খাবেন । এক্স রে করতে হবে । রিউমাটোলজি বিশেষজ্ঞ এর পরামর্শ নিন । ধন্যবাদ
আপনাকে ধন্যবাদ প্রশ্ন করার জন্য । আপনি আপনার প্রশার চেক করুন । ভিটামিনের অভাবে ঘাড়ে ব্যাথা কম হয় । ঘুমের সমস্যার কারনে এমন হতে পারে । একজন মেডিসিন বিশেষজ্ঞ কে দেখান । ধন্যবাদ,ঘাড়ে ব্যাথা,,,মেডিসিন বিশেষজ্ঞ,,,,মেডিসিন বিশেষজ্ঞ,স্নায়ুরোগ বিশেষজ্ঞ,আপনাকে ধন্যবাদ প্রশ্ন করার জন্য । আপনি আপনার প্রশার চেক করুন । ভিটামিনের অভাবে ঘাড়ে ব্যাথা কম হয় । ঘুমের সমস্যার কারনে এমন হতে পারে । একজন স্নায়ুরোগ বিশেষজ্ঞ কে দেখান । ধন্যবাদ
ভালো অর্থোপেডিক ডাক্তার দেখিয়াছি । কিন্তু কাজ হয়নি । তারপর শেখ মজিবর মেডিকেল এ অর্থোপেডিক ডাক্তার দেখিয়াছি । তাও কাজ হয়নি । প্লিজ একটু হেল্প করলে ভীষন উপকৃত হতাম,,,,অর্থোপেডিক ডাক্তার | অর্থোপেডিক ডাক্তার,,,,অর্থোপেডিক ডাক্তার | অর্থোপেডিক ডাক্তার,বাতরোগ বিশেষজ্ঞ,ভালো বাতরোগ বিশেষজ্ঞ দেখিয়াছি । কিন্তু কাজ হয়নি । তারপর শেখ মজিবর মেডিকেল এ অর্থোপেডিক ডাক্তার দেখিয়াছি । তাও কাজ হয়নি । প্লিজ একটু হেল্প করলে ভীষন উপকৃত হতাম
"ডাক্তার ভাইকে প্রশ্ন করার জন্য ধন্যবাদ । Tab Monas 10 প্রতি রাতে একটি করে ট্যাবলেট , ৭ - ১০ দিন । এছাড়া একজন অভিজ্ঞ বক্ষব্যাধি বিশেষজ্ঞ এর পরামর্শ নিন । ধন্যবাদ",,,Tab Monas 10,বক্ষব্যাধি বিশেষজ্ঞ,,প্রতি রাতে একটি করে | ৭ - ১০ দিন,,বক্ষব্যাধি বিশেষজ্ঞ,ফুসফুস বিশেষজ্ঞ,"ডাক্তার ভাইকে প্রশ্ন করার জন্য ধন্যবাদ । Tab Monas 10 প্রতি রাতে একটি করে ট্যাবলেট , ৭ - ১০ দিন । এছাড়া একজন অভিজ্ঞ ফুসফুস বিশেষজ্ঞ এর পরামর্শ নিন । ধন্যবাদ"
ধন্যবাদ আপনাকে প্রশ্নের জন্য । নেবুলাইজার দিতে পারেন । ভাল হয় একজন শিশু বিশেষজ্ঞ ডাক্তারের পরামর্শ নিন । ধন্যবাদ,,,,শিশু বিশেষজ্ঞ,,,,শিশু বিশেষজ্ঞ,শিশু ফুসফুস বিশেষজ্ঞ,ধন্যবাদ আপনাকে প্রশ্নের জন্য । নেবুলাইজার দিতে পারেন । ভাল হয় একজন শিশু ফুসফুস বিশেষজ্ঞ ডাক্তারের পরামর্শ নিন । ধন্যবাদ
Thanks for asking question . You should give your child ORS 2 table spoon after each defecation . pls consult with a Paeditrician for further evaluation and treatment . Thanks,,,ORS,Paeditrician,,2 table spoon,,Paeditrician,Pediatric gastroenterologist,Thanks for asking question . You should give your child ORS 2 table spoon after each defecation . pls consult with a Pediatric gastroenterologist for further evaluation and treatment . Thanks
Thank you for asking question to Daktarbhai . There Won ' t be any problem . Again Consult a gynaecologist physically . Thanks . ,,,,gynaecologist,,,,gynaecologist,obstetrics specialist,Thank you for asking question to Daktarbhai . There Won ' t be any problem . Again Consult a obstetrics specialist physically . Thanks .
Thanks for questioning daktarbhai . Brush korben shabdhane regularly . Viodin mouth wash gorom panite 1 spoon mixed kore daily tin Bela gurgling korben for 5 days . Eteo na komle Dentist r kache jaben . Thanks,,,,Dentist,,,,Dentist,Oral and maxillofacial surgeon,Thanks for questioning daktarbhai . Brush korben shabdhane regularly . Viodin mouth wash gorom panite 1 spoon mixed kore daily tin Bela gurgling korben for 5 days . Eteo na komle Oral and maxillofacial surgeon r kache jaben . Thanks
Thanks for your question to daktar Bhai . Please take Tab omidon 3 times daily for a week . If you suffer from anxiety pl consult with psychiatrist . Thanks,,,Tab omidon,psychiatrist,,3 times daily for a week,,psychiatrist,clinical psychologist,Thanks for your question to daktar Bhai . Please take Tab omidon 3 times daily for a week . If you suffer from anxiety pl consult with clinical psychologist . Thanks
আপনাকে ধন্যবাদ প্রশ্ন করার জন্য । আপনি একজন মেডিসিন ডাক্তারের পরামর্শ নিন । ঔষধ গুলো চালিয়ে যান । ধন্যবাদ,,,,মেডিসিন ডাক্তারের,,,,মেডিসিন ডাক্তারের,ইন্টারনাল মেডিসিন বিশেষজ্ঞের,আপনাকে ধন্যবাদ প্রশ্ন করার জন্য । আপনি একজন ইন্টারনাল মেডিসিন বিশেষজ্ঞের পরামর্শ নিন । ঔষধ গুলো চালিয়ে যান । ধন্যবাদ
Thank you for asking question to Daktarbhai . Pls consult a orthopedics physically . Thanks . ,,,,orthopedics,,,,orthopedics,rheumatologist,Thank you for asking question to Daktarbhai . Pls consult a rheumatologist physically . Thanks .
ডাক্তার ভাই কে প্রশ্ন করার জন্য ধন্যবাদ । এই ওষুধে যখন কাজ হচ্ছে না তখন না দেখে আর ওষুধ দেয়া ঠিক হবে না । আপনি কোনো ভালো মেডিসিন স্পেশালিস্ট এর পরামর্শ নিন । ,,,,মেডিসিন স্পেশালিস্ট,,,,মেডিসিন স্পেশালিস্ট,জেনারেল ফিজিশিয়ান,ডাক্তার ভাই কে প্রশ্ন করার জন্য ধন্যবাদ । এই ওষুধে যখন কাজ হচ্ছে না তখন না দেখে আর ওষুধ দেয়া ঠিক হবে না । আপনি কোনো ভালো জেনারেল ফিজিশিয়ান এর পরামর্শ নিন ।
ডাক্তার ভাইকে প্রশ্ন করার জন্য ধন্যবাদ । আপনি একজন চক্ষু বিশেষজ্ঞের পরামর্শ নিন । ধন্যবাদ । ,,,,চক্ষু বিশেষজ্ঞের,,,,চক্ষু বিশেষজ্ঞের,নাক-কান-গলা বিশেষজ্ঞের,ডাক্তার ভাইকে প্রশ্ন করার জন্য ধন্যবাদ । আপনি একজন নাক-কান-গলা বিশেষজ্ঞের পরামর্শ নিন । ধন্যবাদ ।
ডাক্তার ভাই কে প্রশ্ন করার জন্য ধন্যবাদ । আপনি Cap Sergel 20mg সকাল আর রাতে এবং Tab Omidon 10 mg প্রতি বেলা ১ টা করে খাওয়ার আগে খাবেনk এই সমস্যার জন্য কিছু পরীক্ষা ও সরাসরি রোগী দেখে চিকিত্সা প্রয়োজন আপনি সরাসরি একজন Gastroenterologist এর পরামর্শ নিন ধন্যবাদ,,,Cap Sergel 20mg | Tab Omidon 10 mg,Gastroenterologist,,সকাল আর রাতে | প্রতি বেলা ১ টা করে,,Gastroenterologist,Hepatologist,ডাক্তার ভাই কে প্রশ্ন করার জন্য ধন্যবাদ । আপনি Cap Sergel 20mg সকাল আর রাতে এবং Tab Omidon 10 mg প্রতি বেলা ১ টা করে খাওয়ার আগে খাবেনk এই সমস্যার জন্য কিছু পরীক্ষা ও সরাসরি রোগী দেখে চিকিত্সা প্রয়োজন আপনি সরাসরি একজন Hepatologist এর পরামর্শ নিন ধন্যবাদ
আপনাকে ধন্যবাদ প্রশ্ন করার জন্য । আপনার মাথা খুশকির বা চর্ম রোগের কারনে চুল্কাতে পারে । এই কারনে চুলও পরতে পারে । আপনি একজন চর্ম রোগের ডাক্তারের পরামর্শ নিন । সিলেক্ট প্লাস সেম্পু দিয়ে সপ্তাহে ২ বার সেম্পু করতে পারেন । ধন্যবাদ,,খুশকির | চর্ম রোগের,সিলেক্ট প্লাস সেম্পু,চর্ম রোগের ডাক্তারের,,সপ্তাহে ২ বার,,চর্ম রোগের ডাক্তারের,অ্যালার্জি বিশেষজ্ঞের,আপনাকে ধন্যবাদ প্রশ্ন করার জন্য । আপনার মাথা খুশকির বা চর্ম রোগের কারনে চুল্কাতে পারে । এই কারনে চুলও পরতে পারে । আপনি একজন অ্যালার্জি বিশেষজ্ঞের পরামর্শ নিন । সিলেক্ট প্লাস সেম্পু দিয়ে সপ্তাহে ২ বার সেম্পু করতে পারেন । ধন্যবাদ
আপনাকে ধন্যবাদ প্রশ্ন করার জন্য । আপনি একজন চক্ষু বিশেষজ্ঞের পরামর্শ নিন । ধন্যবাদ,,,,চক্ষু বিশেষজ্ঞের,,,,চক্ষু বিশেষজ্ঞের,চক্ষু সার্জনের,আপনাকে ধন্যবাদ প্রশ্ন করার জন্য । আপনি একজন চক্ষু সার্জনের পরামর্শ নিন । ধন্যবাদ
আপনাকে ধন্যবাদ প্রশ্ন করার জন্য । আপনি পেটে ব্যাথার জন্য এলজিন খেতে পারেন । ডায়াবেটিস এর পরিক্ষা করাতে পারেন । একজন মেডিসিন ডাক্তারের পরামর্শ নিতে পারেন । ধন্যবাদ,,,এলজিন,মেডিসিন ডাক্তারের,,,ডায়াবেটিস এর পরিক্ষা,মেডিসিন ডাক্তারের,গ্যাস্ট্রোএন্টারোলজি বিশেষজ্ঞের,আপনাকে ধন্যবাদ প্রশ্ন করার জন্য । আপনি পেটে ব্যাথার জন্য এলজিন খেতে পারেন । ডায়াবেটিস এর পরিক্ষা করাতে পারেন । একজন গ্যাস্ট্রোএন্টারোলজি বিশেষজ্ঞের পরামর্শ নিতে পারেন । ধন্যবাদ
ধন্যবাদ আপনার প্রশ্নের জন্য । urinary incontinence বলা হয় এই সমস্যা কে । বিশদ আলোচনার জন্য আপনি একজন গাইনি চিকিৎসকের পরামর্শ নিন । আপনি এই এপের মাধ্যমে ভিডিও কনফারেন্সে চিকিৎসকের পরামর্শ নিতে পারেন । ধন্যবাদ,,urinary incontinence,,গাইনি চিকিৎসকের,,,,গাইনি চিকিৎসকের,ইউরোলজি চিকিৎসক,ধন্যবাদ আপনার প্রশ্নের জন্য । urinary incontinence বলা হয় এই সমস্যা কে । বিশদ আলোচনার জন্য আপনি একজন ইউরোলজি চিকিৎসকের পরামর্শ নিন । আপনি এই এপের মাধ্যমে ভিডিও কনফারেন্সে চিকিৎসকের পরামর্শ নিতে পারেন । ধন্যবাদ
ডাক্তার ভাইতে প্রশ্ন করার জন্যে আপনাকে ধন্যবাদ । tab - Fexo 60 mg 0 + 0 + 1 ৭ দিন । iventi eye drop . ১ ফোটা করে দিনে ৪ বার দিবেন ৭ দিন । একজন চক্ষু বিশেষজ্ঞ চিকিৎসক এর পরামর্শ নিবেন । ,,,tab - Fexo 60 mg | iventi eye drop,চক্ষু বিশেষজ্ঞ,,0 + 0 + 1 | ৭ দিন | ১ ফোটা | ৪ বার | ৭ দিন,,চক্ষু বিশেষজ্ঞ,চক্ষু সার্জন,ডাক্তার ভাইতে প্রশ্ন করার জন্যে আপনাকে ধন্যবাদ । tab - Fexo 60 mg 0 + 0 + 1 ৭ দিন । iventi eye drop . ১ ফোটা করে দিনে ৪ বার দিবেন ৭ দিন । একজন চক্ষু সার্জন চিকিৎসক এর পরামর্শ নিবেন ।
Thank you for your question . Do a ultra sonogram of abdomen . consult . with a surgeon . It might be stone . Thank you . ,,stone,,surgeon,,,ultra sonogram of abdomen,surgeon,urologist,Thank you for your question . Do a ultra sonogram of abdomen . consult . with a urologist . It might be stone . Thank you .
Thanks for your question . Consult a gastro eneterologist . As you have a long term problem . Thanks,,,,gastro eneterologist,,,,gastro eneterologist,hepatologist,Thanks for your question . Consult a hepatologist . As you have a long term problem . Thanks
"1 . Injury to scotrum 2 . Inflammation to scotrum 3 . Infections Also many other causes are there . You need to consult with surgery specialist , for evaluation and treatment . Thanks . ",,,,surgery specialist,,,,surgery specialist,urology specialist,"1 . Injury to scotrum 2 . Inflammation to scotrum 3 . Infections Also many other causes are there . You need to consult with urology specialist , for evaluation and treatment . Thanks ."
"ডাক্তার ভাইকে প্রশ্ন করার জন্য ধন্যবাদ । আপনি এই ব্যাপারে সরাসরি মেডিসিন বিশেষজ্ঞ কে দেখিয়ে , কিছু শারীরিক পরীক্ষা করিয়ে , তারপর চিকিৎসা গ্রহণ করুন । ধন্যবাদ",,,,মেডিসিন বিশেষজ্ঞ,,,,মেডিসিন বিশেষজ্ঞ,অভ্যন্তরীণ রোগ বিশেষজ্ঞ,"ডাক্তার ভাইকে প্রশ্ন করার জন্য ধন্যবাদ । আপনি এই ব্যাপারে সরাসরি অভ্যন্তরীণ রোগ বিশেষজ্ঞ কে দেখিয়ে , কিছু শারীরিক পরীক্ষা করিয়ে , তারপর চিকিৎসা গ্রহণ করুন । ধন্যবাদ"
"আপনাকে ধন্যবাদ প্রশ্ন করার জন্য । স্তন বড় হওয়ার অনেক কারন থাকে যেমন ওজন বেড়ে যাওয়া , কিছু ঔষধের পার্শ্বপ্রতিক্রিয়া , হরমনের সমস্যা ইত্যাদি । আপনি একজন মেডিসিন এর ডাক্তারের পরামর্শ নিন । ওজন কমান । ধন্যবাদ",স্তন বড় হওয়ার,,,মেডিসিন এর ডাক্তারের,,,,মেডিসিন এর ডাক্তারের,হরমোন বিশেষজ্ঞের,"আপনাকে ধন্যবাদ প্রশ্ন করার জন্য । স্তন বড় হওয়ার অনেক কারন থাকে যেমন ওজন বেড়ে যাওয়া , কিছু ঔষধের পার্শ্বপ্রতিক্রিয়া , হরমনের সমস্যা ইত্যাদি । আপনি একজন হরমোন বিশেষজ্ঞের পরামর্শ নিন । ওজন কমান । ধন্যবাদ"
"আপনাকে ধন্যবাদ প্রশ্ন করার জন্য । আপনি ভাত , আলু , রুটি , মিষ্টি , চিনি কম খাবেন । নিয়মিত ব্যায়াম করুন । সঠিক সময়ে ঘুমাবেন । রাত জাগবেন না । দুশ্চিন্তা করবেন না । একজন পুষ্টি বিশেষজ্ঞ কে দেখিয়ে আপনার ওজনের ও উচ্চতার অনুপাতে একটি ডায়েট চার্ট তৈরি করুন । ধন্যবাদ । ",,,,পুষ্টি বিশেষজ্ঞ,,,,পুষ্টি বিশেষজ্ঞ,এন্ডোক্রাইনোলজি বিশেষজ্ঞ,"আপনাকে ধন্যবাদ প্রশ্ন করার জন্য । আপনি ভাত , আলু , রুটি , মিষ্টি , চিনি কম খাবেন । নিয়মিত ব্যায়াম করুন । সঠিক সময়ে ঘুমাবেন । রাত জাগবেন না । দুশ্চিন্তা করবেন না । একজন এন্ডোক্রাইনোলজি বিশেষজ্ঞ কে দেখিয়ে আপনার ওজনের ও উচ্চতার অনুপাতে একটি ডায়েট চার্ট তৈরি করুন । ধন্যবাদ ।"
"ডাক্তার ভাইকে প্রশ্ন করার জন্য ধন্যবাদ । বাচ্চাকে দ্রুত দাঁতের ডাক্তারের কাছে নিয়ে যান , দাঁত দেখে পরীক্ষা করে উনি সিদ্ধান্ত নিবেন কি করতে হবে । ধন্যবাদ",,,,দাঁতের ডাক্তারের,,,,দাঁতের ডাক্তারের,অর্থোডন্টিস্টের,"ডাক্তার ভাইকে প্রশ্ন করার জন্য ধন্যবাদ । বাচ্চাকে দ্রুত অর্থোডন্টিস্টের কাছে নিয়ে যান , দাঁত দেখে পরীক্ষা করে উনি সিদ্ধান্ত নিবেন কি করতে হবে । ধন্যবাদ"
আপনাকে ধন্যবাদ প্রশ্ন করার জন্য । থাইরয়েড সমস্যা থাকলে এমন হতে পারে । কারো ক্ষেত্রে দুশ্চিন্তা থেকে এমন হয় । হার্টের সমস্যা থেকেও হতে পারে । আপনি একজন মেডিসিন ডাক্তার কে দেখান । ধন্যবাদ,,থাইরয়েড সমস্যা,,মেডিসিন ডাক্তার,,,,মেডিসিন ডাক্তার,এন্ডোক্রাইনোলজিস্ট,আপনাকে ধন্যবাদ প্রশ্ন করার জন্য । থাইরয়েড সমস্যা থাকলে এমন হতে পারে । কারো ক্ষেত্রে দুশ্চিন্তা থেকে এমন হয় । হার্টের সমস্যা থেকেও হতে পারে । আপনি একজন এন্ডোক্রাইনোলজিস্ট কে দেখান । ধন্যবাদ
ধন্যবাদ আপনাকে প্রশ্নের জন্য । ইনফেকশন হয়ে থাকতে পারে । আপনি সরাসরি একজন নাক কান গলা বিশেষজ্ঞ ডাক্তারের পরামর্শ নিন । ধন্যবাদ,,,,নাক কান গলা বিশেষজ্ঞ,,,,নাক কান গলা বিশেষজ্ঞ,সংক্রামক রোগ বিশেষজ্ঞ,ধন্যবাদ আপনাকে প্রশ্নের জন্য । ইনফেকশন হয়ে থাকতে পারে । আপনি সরাসরি একজন সংক্রামক রোগ বিশেষজ্ঞ ডাক্তারের পরামর্শ নিন । ধন্যবাদ
Thanks for your question to daktar bhai . you can see a child specialist . He will check if she needs any medicine . Thanks,,,,child specialist,,,,child specialist,pediatrician,Thanks for your question to daktar bhai . you can see a pediatrician . He will check if she needs any medicine . Thanks
ডাক্তার ভাইতে প্রশ্ন করার জন্যে আপনাকে ধন্যবাদ । না দেখে আসলে ঠিকভাবে বলা পসিবল না । আপনি একজন গাইনী বিশেষজ্ঞ চিকিৎসক কে দেখিয়ে পরামর্শ নিন । ,,,,গাইনী বিশেষজ্ঞ চিকিৎসক,,,,গাইনী বিশেষজ্ঞ চিকিৎসক,প্রসূতি বিশেষজ্ঞ চিকিৎসক,ডাক্তার ভাইতে প্রশ্ন করার জন্যে আপনাকে ধন্যবাদ । না দেখে আসলে ঠিকভাবে বলা পসিবল না । আপনি একজন প্রসূতি বিশেষজ্ঞ চিকিৎসক কে দেখিয়ে পরামর্শ নিন ।
আপনাকে ধন্যবাদ প্রশ্ন করার জন্য । আপনি জ্বরের জন্য প্যারাসিটামল একটা বা দুইটা খেতে পারেন । এলার্জির জন্য এলাট্রল জাতীয় ঔষধ রাতে একটা করে খেতে পারেন । পানি বেশি করে পান করুন । একজন মেডিসিন ডাক্তারের পরামর্শ নিতে পারেন । ধন্যবাদ,,এলার্জির,প্যারাসিটামল | এলাট্রল,মেডিসিন ডাক্তারের,,,,মেডিসিন ডাক্তারের,অ্যালার্জি বিশেষজ্ঞের,আপনাকে ধন্যবাদ প্রশ্ন করার জন্য । আপনি জ্বরের জন্য প্যারাসিটামল একটা বা দুইটা খেতে পারেন । এলার্জির জন্য এলাট্রল জাতীয় ঔষধ রাতে একটা করে খেতে পারেন । পানি বেশি করে পান করুন । একজন অ্যালার্জি বিশেষজ্ঞের পরামর্শ নিতে পারেন । ধন্যবাদ
Thank you for asking question to Daktarbhai . Pls consult a cardiologist . Thank you . ,,,,cardiologist,,,,cardiologist,pulmonologist,Thank you for asking question to Daktarbhai . Pls consult a pulmonologist . Thank you .
আপনাকে ধন্যবাদ প্রশ্ন করার জন্য । আপনার ছেলেকে চোখের ডাক্তার দেখান । নাক বন্ধ থাকলে গরম বাতাসের ভাপ নিতে পারেন । একজন নাক কান গলা বিশেষজ্ঞ কে দেখান । ধন্যবাদ । ,,,,নাক কান গলা বিশেষজ্ঞ,,,,নাক কান গলা বিশেষজ্ঞ,অ্যালার্জি বিশেষজ্ঞ,আপনাকে ধন্যবাদ প্রশ্ন করার জন্য । আপনার ছেলেকে চোখের ডাক্তার দেখান । নাক বন্ধ থাকলে গরম বাতাসের ভাপ নিতে পারেন । একজন অ্যালার্জি বিশেষজ্ঞ কে দেখান । ধন্যবাদ ।
প্রশ্ন করার জন্য ধন্যবাদ । আপনার যেহেতু অনেক ধরনের সমস্যা আছে আপনার আরও বিস্তারিত তথ্য জানা প্রয়োজন এবং আপনি একজন বাত রোগ বিশেষজ্ঞ ডাক্তার দেখান । ধন্যবাদ । ,,,,বাত রোগ বিশেষজ্ঞ,,,,বাত রোগ বিশেষজ্ঞ,অস্থিরোগ বিশেষজ্ঞ,প্রশ্ন করার জন্য ধন্যবাদ । আপনার যেহেতু অনেক ধরনের সমস্যা আছে আপনার আরও বিস্তারিত তথ্য জানা প্রয়োজন এবং আপনি একজন অস্থিরোগ বিশেষজ্ঞ ডাক্তার দেখান । ধন্যবাদ ।
ডাক্তার ভাইতে প্রশ্ন করার জন্যে আপনাকে ধন্যবাদ । নাক বন্ধ থাকার জন্যে norsol nasal drop ১ - ২ ফোটা করে প্রয়োজন মত ব্যবহার করুন । একজন শিশু বিশেষজ্ঞ চিকিৎসক এর পরামর্শ নিবেন । ,নাক বন্ধ,,norsol nasal,শিশু বিশেষজ্ঞ,,drop ১ - ২ ফোটা করে প্রয়োজন মত,,শিশু বিশেষজ্ঞ,নাক-কান-গলা বিশেষজ্ঞ,ডাক্তার ভাইতে প্রশ্ন করার জন্যে আপনাকে ধন্যবাদ । নাক বন্ধ থাকার জন্যে norsol nasal drop ১ - ২ ফোটা করে প্রয়োজন মত ব্যবহার করুন । একজন নাক-কান-গলা বিশেষজ্ঞ চিকিৎসক এর পরামর্শ নিবেন ।
I m an advocate . Two years back . ENT specialist advised me I have suffering from Long Evula then prescribed some medicine then i cured . Three months ago I further attacked Khush kushi disease . Tele doctor advised Fimoxeclav - 625 + Tel fast + Sargel . I take this medicine but no cure and I am suffering Kush Kushi disease seriously . What can I do now ? ,,Long Evula | Khush kushi disease | Kush Kushi disease,Fimoxeclav - 625 + Tel fast + Sargel,ENT specialist,,,,ENT specialist,otolaryngologist,I m an advocate . Two years back . otolaryngologist advised me I have suffering from Long Evula then prescribed some medicine then i cured . Three months ago I further attacked Khush kushi disease . Tele doctor advised Fimoxeclav - 625 + Tel fast + Sargel . I take this medicine but no cure and I am suffering Kush Kushi disease seriously . What can I do now ?
ডাক্তার ভাইতে প্রশ্ন করার জন্য আপনাকে ধন্যবাদ । এটা এমনিতেই হতে পারে । একজন হরমোন বিশেষজ্ঞ চিকিৎসক এর পরামর্শ নিবেন । ,,,,হরমোন বিশেষজ্ঞ,,,,হরমোন বিশেষজ্ঞ,এন্ডোক্রাইনোলজি বিশেষজ্ঞ,ডাক্তার ভাইতে প্রশ্ন করার জন্য আপনাকে ধন্যবাদ । এটা এমনিতেই হতে পারে । একজন এন্ডোক্রাইনোলজি বিশেষজ্ঞ চিকিৎসক এর পরামর্শ নিবেন ।
Thank you for your question You can take tab . Calbo D 0 + 1 + 0 for 1month . This might be due nerve compression also . Tests and examination are required for diagnosis . Please consult with a medicine specialist and act accordingly . Thank you,,nerve compression,Calbo D,medicine specialist,,0 + 1 + 0,,medicine specialist,neurologist,Thank you for your question You can take tab . Calbo D 0 + 1 + 0 for 1month . This might be due nerve compression also . Tests and examination are required for diagnosis . Please consult with a neurologist and act accordingly . Thank you
আপনাকে ধন্যবাদ প্রশ্ন করার জন্য । আপনি পা গরম পানিতে সেক দিন । ব্যাথার জন্য প্যারাসিটামল খেতে পারেন । একজন ফিজিক্যাল মেডিসিন ডাক্তারের পরামর্ষ নিন । ধন্যবাদ,ব্যাথার,,প্যারাসিটামল,ফিজিক্যাল মেডিসিন ডাক্তারের,,,,ফিজিক্যাল মেডিসিন ডাক্তারের,অর্থোপেডিক ডাক্তারের,আপনাকে ধন্যবাদ প্রশ্ন করার জন্য । আপনি পা গরম পানিতে সেক দিন । ব্যাথার জন্য প্যারাসিটামল খেতে পারেন । একজন অর্থোপেডিক ডাক্তারের পরামর্ষ নিন । ধন্যবাদ
আপনাকে ধন্যবাদ প্রশ্ন করার জন্য । আপনি থাইরয়েড পরীক্ষা করিয়ে দেখতে পারেন কোনো সমস্যা আছে কিনা তা দেখুন । রিপোর্ট সহ একজন হরমনের ডাক্তার কে দেখিয়ে নিন । পানি বেশি করে পান করুন । ধন্যবাদ । ,,,,হরমনের ডাক্তার,,,থাইরয়েড পরীক্ষা,হরমনের ডাক্তার,থাইরয়েড বিশেষজ্ঞ,আপনাকে ধন্যবাদ প্রশ্ন করার জন্য । আপনি থাইরয়েড পরীক্ষা করিয়ে দেখতে পারেন কোনো সমস্যা আছে কিনা তা দেখুন । রিপোর্ট সহ একজন থাইরয়েড বিশেষজ্ঞ কে দেখিয়ে নিন । পানি বেশি করে পান করুন । ধন্যবাদ ।
"আপনাকে ধন্যবাদ প্রশ্ন করার জন্য । আপনার প্রেশার স্বাভাবিক প্রেশার এর সর্বোচ্চ অবস্থায় আছে । আপনার যদি কোনো রোগের লক্ষন না থাকে আপনি কিছু দিন খাদ্যাভ্যাস পরিবর্তন , নিয়মিত ব্যায়াম , সঠিক সময়ে ঘুমের অভ্যাস ইত্যাদি করে চেষ্টা করে দেখতে পারেন প্রশার নিয়ন্ত্রণ হয় কিনা । নিয়ন্ত্রনে না আসলে একজন মেডিসিনের ডাক্তারের পরামর্শ নিতে পারেন । ধনবাদ",,প্রেশার,,মেডিসিনের ডাক্তারের,,,,মেডিসিনের ডাক্তারের,হৃদরোগ বিশেষজ্ঞের,"আপনাকে ধন্যবাদ প্রশ্ন করার জন্য । আপনার প্রেশার স্বাভাবিক প্রেশার এর সর্বোচ্চ অবস্থায় আছে । আপনার যদি কোনো রোগের লক্ষন না থাকে আপনি কিছু দিন খাদ্যাভ্যাস পরিবর্তন , নিয়মিত ব্যায়াম , সঠিক সময়ে ঘুমের অভ্যাস ইত্যাদি করে চেষ্টা করে দেখতে পারেন প্রশার নিয়ন্ত্রণ হয় কিনা । নিয়ন্ত্রনে না আসলে একজন হৃদরোগ বিশেষজ্ঞের পরামর্শ নিতে পারেন । ধনবাদ"
"প্রফেসর < NAME > , শিশু সার্জেন্ট এনার অ্যাপোয়েন্টমেন্ট কিভাবে নেব ? ",,,,শিশু সার্জেন্ট,,,,শিশু সার্জেন্ট,শিশু বিশেষজ্ঞ,"প্রফেসর < NAME > , শিশু বিশেষজ্ঞ এনার অ্যাপোয়েন্টমেন্ট কিভাবে নেব ?"
ডাক্তার ভাই কে প্রশ্ন করার জন্য ধন্যবাদ । syp Ambrox ৮ ফোটা করে দিনে ২বার . . . . ৭দিন । অন্তত আরো ৩দিন দেখুন । এর মধ্যে অবস্থার উন্নতি না হলে শিশু বিশেষজ্ঞের পরামর্শ নিন । ,,,Ambrox,বিশেষজ্ঞের,,৮ ফোটা করে দিনে ২বার . . . . ৭দিন,,বিশেষজ্ঞের,বক্ষব্যাধি বিশেষজ্ঞ,ডাক্তার ভাই কে প্রশ্ন করার জন্য ধন্যবাদ । syp Ambrox ৮ ফোটা করে দিনে ২বার . . . . ৭দিন । অন্তত আরো ৩দিন দেখুন । এর মধ্যে অবস্থার উন্নতি না হলে বক্ষব্যাধি বিশেষজ্ঞের পরামর্শ নিন ।
"আপনাকে ধন্যবাদ প্রশ্ন করার জন্য । যেহেতু ওনার সমস্যাটি দীর্ঘদিনের এবং তা ওনার দৈনন্দিন কাজকর্মে ব্যাঘাত ঘটাচ্ছে , তাই এর বিস্তারিত ইতিহাস জেনে , কিছু পরীক্ষা নিরীক্ষা করে , এর মাধ্যমে এই ব্যাথার সঠিক কারণ নির্নয় করে এর সমাধান করতে হবে । আপনি একজন Orthopedics বিশেষজ্ঞের সাথে পরামর্শ করুন । ধন্যবাদ । ",,,,Orthopedics বিশেষজ্ঞের,,,,Orthopedics বিশেষজ্ঞের,রিউমাটোলজি বিশেষজ্ঞের,"আপনাকে ধন্যবাদ প্রশ্ন করার জন্য । যেহেতু ওনার সমস্যাটি দীর্ঘদিনের এবং তা ওনার দৈনন্দিন কাজকর্মে ব্যাঘাত ঘটাচ্ছে , তাই এর বিস্তারিত ইতিহাস জেনে , কিছু পরীক্ষা নিরীক্ষা করে , এর মাধ্যমে এই ব্যাথার সঠিক কারণ নির্নয় করে এর সমাধান করতে হবে । আপনি একজন রিউমাটোলজি বিশেষজ্ঞের সাথে পরামর্শ করুন । ধন্যবাদ ।"
ডাক্তারভাইকে প্রশ্ন করার জন্য ধন্যবাদ । Lulizole cream - - আক্রান্ত স্থানে দিনে ২ বার দিবেন - - - - - 15 days Tab . Deslor 5mg - - - 0 + 0 + 1 - - - - 15 days Dancare Shampoo - - - - আক্রান্ত স্থানে লাগিয়ে ১০ মিনিট পর ধুয়ে ফেলবেন - - - 15 days Prescription টি follow করুন । সেই সাথে অবশ্যই দ্রুত একজন Dermatologist এর পরামর্শ নিন । ধন্যবাদ,,,Lulizole cream | Tab . Deslor 5mg | Dancare Shampoo,Dermatologist,,দিনে ২ বার | 0 + 0 + 1,,Dermatologist,চর্মরোগ বিশেষজ্ঞ,ডাক্তারভাইকে প্রশ্ন করার জন্য ধন্যবাদ । Lulizole cream - - আক্রান্ত স্থানে দিনে ২ বার দিবেন - - - - - 15 days Tab . Deslor 5mg - - - 0 + 0 + 1 - - - - 15 days Dancare Shampoo - - - - আক্রান্ত স্থানে লাগিয়ে ১০ মিনিট পর ধুয়ে ফেলবেন - - - 15 days Prescription টি follow করুন । সেই সাথে অবশ্যই দ্রুত একজন চর্মরোগ বিশেষজ্ঞ এর পরামর্শ নিন । ধন্যবাদ
আপনাকে ধন্যবাদ প্রশ্ন করার জন্য । আপনি একজন মানসিক রোগ বিশেষজ্ঞ কে দেখান । বেশি ঘুমের ঔষধ খাওয়া মোটেও ভাল কিছুনা । ধন্যবাদ,,,,মানসিক রোগ বিশেষজ্ঞ,,,,মানসিক রোগ বিশেষজ্ঞ,স্নায়ুরোগ বিশেষজ্ঞ,আপনাকে ধন্যবাদ প্রশ্ন করার জন্য । আপনি একজন স্নায়ুরোগ বিশেষজ্ঞ কে দেখান । বেশি ঘুমের ঔষধ খাওয়া মোটেও ভাল কিছুনা । ধন্যবাদ
"আপনাকে ধন্যবাদ প্রশ্ন করার জন্য । লিভোস্টার খাওয়ার পরেও না কমলে আপনাকে শিশু ডাক্তার দেখাতে হবে । আদা , মধু , গরম পানি খাওয়াতে পারেন । সিরাপ মিউকোলাইট খাওয়াতে পারেন । ধন্যবাদ । ",,,সিরাপ মিউকোলাইট,শিশু ডাক্তার,,,,শিশু ডাক্তার,বক্ষব্যাধি বিশেষজ্ঞ,"আপনাকে ধন্যবাদ প্রশ্ন করার জন্য । লিভোস্টার খাওয়ার পরেও না কমলে আপনাকে বক্ষব্যাধি বিশেষজ্ঞ দেখাতে হবে । আদা , মধু , গরম পানি খাওয়াতে পারেন । সিরাপ মিউকোলাইট খাওয়াতে পারেন । ধন্যবাদ ।"
আমি একজন মানুষিক ডাক্তারের সন্ধান চাই ঢাকা মিরপুরের ভিতরে,,,,মানুষিক ডাক্তারের,,,,মানুষিক ডাক্তারের,মনোরোগ বিশেষজ্ঞের,আমি একজন মনোরোগ বিশেষজ্ঞের সন্ধান চাই ঢাকা মিরপুরের ভিতরে
আপনাকে ধন্যবাদ প্রশ্ন করার জন্য । এটা একটি প্রাথমিক চিকিৎসা । এতে ভাল হতে পারে । না হলে অবশ্যই একজন নাক কান গলা বিশেষজ্ঞ ডাক্তার কে দেখাতে হবে । আপাতত ট্যাবলেট এলাট্রল ১০ মিলিগ্রাম রাতে একটা করে ৭ দিন খেতে পারেন । ধন্যবাদ । ,,,ট্যাবলেট এলাট্রল ১০ মিলিগ্রাম,নাক কান গলা বিশেষজ্ঞ ডাক্তার,,রাতে একটা,,নাক কান গলা বিশেষজ্ঞ ডাক্তার,বক্ষব্যাধি বিশেষজ্ঞ ডাক্তার,আপনাকে ধন্যবাদ প্রশ্ন করার জন্য । এটা একটি প্রাথমিক চিকিৎসা । এতে ভাল হতে পারে । না হলে অবশ্যই একজন বক্ষব্যাধি বিশেষজ্ঞ ডাক্তার কে দেখাতে হবে । আপাতত ট্যাবলেট এলাট্রল ১০ মিলিগ্রাম রাতে একটা করে ৭ দিন খেতে পারেন । ধন্যবাদ ।
ডাক্তার ভাইকে প্রশ্ন করার জন্য ধন্যবাদ । আমি আমার আপনি আপনার ব্লাড প্রেসার পরীক্ষা করুন । দুশ্চিন্তা করবেন না । এবং একজন অভিজ্ঞ মেডিসিন বিশেষজ্ঞের পরামর্শ নিন । ধন্যবাদ,,,,মেডিসিন বিশেষজ্ঞের,,,,মেডিসিন বিশেষজ্ঞের,হৃদরোগ বিশেষজ্ঞের,ডাক্তার ভাইকে প্রশ্ন করার জন্য ধন্যবাদ । আমি আমার আপনি আপনার ব্লাড প্রেসার পরীক্ষা করুন । দুশ্চিন্তা করবেন না । এবং একজন অভিজ্ঞ হৃদরোগ বিশেষজ্ঞের পরামর্শ নিন । ধন্যবাদ
ডাক্তার ভাইকে প্রশ্ন করার জন্য ধন্যবাদ । আপনি এই বিষয়ে একজন বিউটিশিয়ান এর পরামর্শ নিন । ধন্যবাদ,,,,বিউটিশিয়ান,,,,বিউটিশিয়ান,চর্মরোগ বিশেষজ্ঞ,ডাক্তার ভাইকে প্রশ্ন করার জন্য ধন্যবাদ । আপনি এই বিষয়ে একজন চর্মরোগ বিশেষজ্ঞ এর পরামর্শ নিন । ধন্যবাদ
Thank you for your question . Please Consult with a Cardiologist For your problem . Thank you . ,,,,Cardiologist,,,,Cardiologist,Pulmonologist,Thank you for your question . Please Consult with a Pulmonologist For your problem . Thank you .
"আপনাকে ধন্যবাদ প্রশ্ন করার জন্য । আপনি চোখে বেশি করে পানি দেন । চোখকে বিশ্রাম দিন । টিভি , কম্পিউটার চালাবেন না । আকুয়া ফ্রেস নাচারাল টিয়ার ব্যবহার করতে পারেন । একজন চোখের ডাক্তার কে দেখিয়ে নিন । ধন্যবাদ",,,,চোখের ডাক্তার,,,,চোখের ডাক্তার,চক্ষু বিশেষজ্ঞ,"আপনাকে ধন্যবাদ প্রশ্ন করার জন্য । আপনি চোখে বেশি করে পানি দেন । চোখকে বিশ্রাম দিন । টিভি , কম্পিউটার চালাবেন না । আকুয়া ফ্রেস নাচারাল টিয়ার ব্যবহার করতে পারেন । একজন চক্ষু বিশেষজ্ঞ কে দেখিয়ে নিন । ধন্যবাদ"
আপনাকে ধন্যবাদ প্রশ্ন করার জন্য । আপনি জাতীয় শিশু হাসপাতাল শ্যামলী অথবা পিজি হাসপাতালে শিশু বিভাগে যোগাযোগ করতে পারেন । ধন্যবাদ,,,,শিশু বিভাগে,,,,শিশু বিভাগে,নবজাতক বিভাগে,আপনাকে ধন্যবাদ প্রশ্ন করার জন্য । আপনি জাতীয় শিশু হাসপাতাল শ্যামলী অথবা পিজি হাসপাতালে নবজাতক বিভাগে যোগাযোগ করতে পারেন । ধন্যবাদ
"ডাক্তার ভাই কে প্রশ্ন করার জন্য ধন্যবাদ এই অবস্হায় সরাসরি না দেখে এবং পরীক্ষা না করে কিছু বলা ঠিক হবেনা , আপাতত Syrup Avolac খেতে পারেন আপনি একজন Surgery Specialist এর পরামর্শ নিন ধন্যবাদ",,,Syrup Avolac,Surgery Specialist,,,,Surgery Specialist,Gastroenterology Specialist,"ডাক্তার ভাই কে প্রশ্ন করার জন্য ধন্যবাদ এই অবস্হায় সরাসরি না দেখে এবং পরীক্ষা না করে কিছু বলা ঠিক হবেনা , আপাতত Syrup Avolac খেতে পারেন আপনি একজন Gastroenterology Specialist এর পরামর্শ নিন ধন্যবাদ"
"প্রায় মাসখানেক যাবৎ আমার প্রচুর কফ এবং কাশি । গায়ে গায়ে জ্বর লেগেই আছে । মাথা অনেক ব্যাথা থাকে প্রায়শই । কাশি কমে গেছিলো এখন আবার হচ্ছে । তাই একজন বক্ষব্যাধি বিশেষজ্ঞের পরামর্শ নিয়েছিলাম । শ্বাস নিতে বুকে ব্যাথাও আছে তাই উনা রেফারেন্স আরেকজন কার্ডিওলোজি দেখাই । দুজন বিশেষজ্ঞ অনেক টেস্ট করতে দেন । কিন্তু আল্লাহরহমতে রিপোর্ট ভালো আসে । কিন্তু এখনো প্রচুর কফ । হালকা বাতাসে কাশি হচ্ছেই । বক্ষব্যাধি বিশেষজ্ঞ বলেন এ্যাজমা প্রবলেম । ইনহেলার , মেক্সহেলার এগুলো ইউস করছি এবং Azyth500 , Monas10 , Fenadin120",কফ | কাশি | গায়ে জ্বর | মাথা অনেক ব্যাথা | শ্বাস নিতে বুকে ব্যাথাও | প্রচুর কফ | কাশি | এ্যাজমা প্রবলেম,,ইনহেলার | মেক্সহেলার | Azyth500 | Monas10 | Fenadin120,বক্ষব্যাধি বিশেষজ্ঞের | কার্ডিওলোজি | বক্ষব্যাধি বিশেষজ্ঞ,,,,বক্ষব্যাধি বিশেষজ্ঞের | কার্ডিওলোজি | বক্ষব্যাধি বিশেষজ্ঞ,ফুসফুস বিশেষজ্ঞ,"প্রায় মাসখানেক যাবৎ আমার প্রচুর কফ এবং কাশি । গায়ে গায়ে জ্বর লেগেই আছে । মাথা অনেক ব্যাথা থাকে প্রায়শই । কাশি কমে গেছিলো এখন আবার হচ্ছে । তাই একজন ফুসফুস বিশেষজ্ঞের পরামর্শ নিয়েছিলাম । শ্বাস নিতে বুকে ব্যাথাও আছে তাই উনা রেফারেন্স আরেকজন কার্ডিওলোজি দেখাই । দুজন বিশেষজ্ঞ অনেক টেস্ট করতে দেন । কিন্তু আল্লাহরহমতে রিপোর্ট ভালো আসে । কিন্তু এখনো প্রচুর কফ । হালকা বাতাসে কাশি হচ্ছেই । বক্ষব্যাধি বিশেষজ্ঞ বলেন এ্যাজমা প্রবলেম । ইনহেলার , মেক্সহেলার এগুলো ইউস করছি এবং Azyth500 , Monas10 , Fenadin120"
Thank you for your question . Please Visit a dentist . Thank you . ,,,,dentist,,,,dentist,dental surgeon,Thank you for your question . Please Visit a dental surgeon . Thank you .
ডাক্তার ভাই কে প্রশ্ন করার জন্য ধন্যবাদ । আপনি দ্রুত একটা হাসপাতালের যাওয়ার ব্যাবস্থা করুন এই সমস্যার জন্য সরাসরি রোগী দেখা প্রয়োজন আপনি সরাসরি একজন Medicine specialist এর পরামর্শ নিন ধন্যবাদ,,,,Medicine specialist,,,,Medicine specialist,General physician,ডাক্তার ভাই কে প্রশ্ন করার জন্য ধন্যবাদ । আপনি দ্রুত একটা হাসপাতালের যাওয়ার ব্যাবস্থা করুন এই সমস্যার জন্য সরাসরি রোগী দেখা প্রয়োজন আপনি সরাসরি একজন General physician এর পরামর্শ নিন ধন্যবাদ
আপনাকে ধন্যবাদ প্রশ্ন করার জন্য । আপনি স্টিম নিতে পারেন । আরাম পাবেন । একজন নাক কান গলা ডাক্তারকে দেখিয়ে নিতে পারেন । ধন্যবাদ,,,,নাক কান গলা ডাক্তারকে,,,,নাক কান গলা ডাক্তারকে,বক্ষব্যাধি ডাক্তারকে,আপনাকে ধন্যবাদ প্রশ্ন করার জন্য । আপনি স্টিম নিতে পারেন । আরাম পাবেন । একজন বক্ষব্যাধি ডাক্তারকে দেখিয়ে নিতে পারেন । ধন্যবাদ
Thank you for your question . You can try our book appointment system to find out a good neurologist as your desire . One thing you said your father is suffering from mental health for last 5 year . Does he need a psychiatrist or neurologist ? You can find both psychiatrist and neurologist in our boobook appointment system . Thank you for staying with us . ,mental health,,,neurologist | psychiatrist | neurologist | psychiatrist | neurologist,,,,neurologist | psychiatrist | neurologist | psychiatrist | neurologist,neuropsychiatrist,Thank you for your question . You can try our book appointment system to find out a good neuropsychiatrist as your desire . One thing you said your father is suffering from mental health for last 5 year . Does he need a psychiatrist or neurologist ? You can find both psychiatrist and neurologist in our boobook appointment system . Thank you for staying with us .
"ডাক্তার ভাই কে প্রশ্ন করার জন্য ধন্যবাদ । পায়খানা আসলে , করতে যাবেন । এটা কন্ট্রোল এর সমস্যা হলে সার্জারি ডাক্তার দেখান । পিয়াজ খাবেন না , আলু খাবেন না । মশলা খাবেন না । যে সব খাওয়া তে বায়ু হয় , খাবেন না । ধন্যবাদ । ",,,,সার্জারি ডাক্তার,,,,সার্জারি ডাক্তার,গ্যাস্ট্রোএন্টারোলজি ডাক্তার,"ডাক্তার ভাই কে প্রশ্ন করার জন্য ধন্যবাদ । পায়খানা আসলে , করতে যাবেন । এটা কন্ট্রোল এর সমস্যা হলে গ্যাস্ট্রোএন্টারোলজি ডাক্তার দেখান । পিয়াজ খাবেন না , আলু খাবেন না । মশলা খাবেন না । যে সব খাওয়া তে বায়ু হয় , খাবেন না । ধন্যবাদ ।"
"আপনাকে ধন্যবাদ প্রশ্ন করার জন্য । আপনি আপনার ভাইকে আদা , মধু , কাল জিরা খাওয়ান । সিরাপ হানিকল খাওয়াতে পারেন । একজন ডাক্তারকে দেখিয়ে নিতে পারেন । ধন্যবাদ",,,,ডাক্তারকে,,,,ডাক্তারকে,সাধারণ চিকিৎসককে,"আপনাকে ধন্যবাদ প্রশ্ন করার জন্য । আপনি আপনার ভাইকে আদা , মধু , কাল জিরা খাওয়ান । সিরাপ হানিকল খাওয়াতে পারেন । একজন সাধারণ চিকিৎসককে দেখিয়ে নিতে পারেন । ধন্যবাদ"
আপনাকে ধন্যবাদ প্রশ্ন করার জন্য । আপনার সমস্যা একবারে কখনো ভাল হবে না । নিয়ন্ত্রণে থাকবে । আপনার এলার্জির সাথে সাথে IBS রোগ আছে যা দুশ্চিন্তা র সাথে জরিত । আপনি দুশ্চিন্তা করবেন না । দুধ খাবেন না । একজন মেডিসিন ডাক্তার কে দেখিয়ে চিকিৎসা নিন । কিন্তু মনে রাখতে হবে আপনি রোগ থেকে একেবারে মুক্তি পাবেন না শুধু নিয়ন্ত্রণে রাখা যাবে । ধন্যবাদ । ,,,,মেডিসিন ডাক্তার,,,,মেডিসিন ডাক্তার,গ্যাস্ট্রোএন্টেরোলজিস্ট,আপনাকে ধন্যবাদ প্রশ্ন করার জন্য । আপনার সমস্যা একবারে কখনো ভাল হবে না । নিয়ন্ত্রণে থাকবে । আপনার এলার্জির সাথে সাথে IBS রোগ আছে যা দুশ্চিন্তা র সাথে জরিত । আপনি দুশ্চিন্তা করবেন না । দুধ খাবেন না । একজন গ্যাস্ট্রোএন্টেরোলজিস্ট কে দেখিয়ে চিকিৎসা নিন । কিন্তু মনে রাখতে হবে আপনি রোগ থেকে একেবারে মুক্তি পাবেন না শুধু নিয়ন্ত্রণে রাখা যাবে । ধন্যবাদ ।
আপনাকে ধন্যবাদ প্রশ্ন করার জন্য । আপনার ছোট ভাইয়ের সম্ভবত টলসিল ইনফেকশন থাকতে পারে । গরম পানি লবন দিয়ে খান । গড়্গড়া করুন । একজন নাক কান গলা ড়োগ বিশেষজ্ঞ চিকিৎসক কে দেখিয়ে নিন । ব্যাথার জন্য প্যারাসিটামল খেতে পারেন । ধন্যবাদ । ,ব্যাথার,টলসিল ইনফেকশন,প্যারাসিটামল,নাক কান গলা ড়োগ বিশেষজ্ঞ,,,,নাক কান গলা ড়োগ বিশেষজ্ঞ,সংক্রামক রোগ বিশেষজ্ঞ,আপনাকে ধন্যবাদ প্রশ্ন করার জন্য । আপনার ছোট ভাইয়ের সম্ভবত টলসিল ইনফেকশন থাকতে পারে । গরম পানি লবন দিয়ে খান । গড়্গড়া করুন । একজন সংক্রামক রোগ বিশেষজ্ঞ চিকিৎসক কে দেখিয়ে নিন । ব্যাথার জন্য প্যারাসিটামল খেতে পারেন । ধন্যবাদ ।
Thanks for your question . continue your drug for at least 3 months . Take plenty of water . Don ' t go to bed or lie down one hour after taking lunch / dinner . you can visit a gastro enterologist . You may need endoscopy of upper GIT . Thank you,,,,gastro enterologist,,at least 3 months,endoscopy of upper GIT,gastro enterologist,hepatologist,Thanks for your question . continue your drug for at least 3 months . Take plenty of water . Don ' t go to bed or lie down one hour after taking lunch / dinner . you can visit a hepatologist . You may need endoscopy of upper GIT . Thank you
ডাক্তার ভাই কে প্রশ্ন করার জন্য ধন্যবাদ । একটু হাঁটতে চেষ্টা করুন । হাল্কা ব্যায়াম করুন । প্রছুর পানি আর শব্জি খান । Tab omidon 10 mg 1 + 1 + 1 10 days before food খাবেন । একজন মেডিসিন বিশেষজ্ঞ দেখান । ধন্যবাদ । ,,,Tab omidon 10 mg,মেডিসিন বিশেষজ্ঞ,,1 + 1 + 1,,মেডিসিন বিশেষজ্ঞ,গ্যাস্ট্রোএন্টারোলজি বিশেষজ্ঞ,ডাক্তার ভাই কে প্রশ্ন করার জন্য ধন্যবাদ । একটু হাঁটতে চেষ্টা করুন । হাল্কা ব্যায়াম করুন । প্রছুর পানি আর শব্জি খান । Tab omidon 10 mg 1 + 1 + 1 10 days before food খাবেন । একজন গ্যাস্ট্রোএন্টারোলজি বিশেষজ্ঞ দেখান । ধন্যবাদ ।
"mohila Doctor , cormo bisesoggo and , ma o sisu bisesoggo ak sathe kono doctor pawa jabe naki alada alada dekate hobe , jante chai ? ",,,,cormo bisesoggo | ma o sisu bisesoggo,,,,cormo bisesoggo | ma o sisu bisesoggo,strirog bisesoggo,"mohila Doctor , cormo bisesoggo and , strirog bisesoggo ak sathe kono doctor pawa jabe naki alada alada dekate hobe , jante chai ?"
"আমি একজন সার্জারি বিশেষজ্ঞ দেখিয়েছি আমার পায়খানার রাস্তায় একটু সমস্যা ছিল সার্জারি বিশেষজ্ঞ ডাক্তার এই রোগের নাম বলল এনাল ফিসা এবং কিছু ওষুধ লেখে , ১ / toroaid 10 mg 2 / erion ointment 3 / rectocare ointment 4 / nesifin setupএই ওষুধগুলো আমি আজ পাঁচ দিন হয়ে গেল খাচ্ছি কিন্তু আমার পায়খানার রাস্তায় ব্যথা এবং জ্বালাপোড়া এবং সেখানে ফাটা রয়ে গেছে এখন আমি কোন ওষুধ খেলে ভালো হয় এবং কি করলে ভালো হয় একটু আপনার পরামর্শ জানাবেন ? ",পায়খানার রাস্তায় ব্যথা | জ্বালাপোড়া,এনাল ফিসা,toroaid 10 mg | erion ointment | rectocare ointment | nesifin setupএই,সার্জারি বিশেষজ্ঞ | সার্জারি বিশেষজ্ঞ,,,,সার্জারি বিশেষজ্ঞ | সার্জারি বিশেষজ্ঞ,কোলোরেক্টাল সার্জারি বিশেষজ্ঞ,"আমি একজন কোলোরেক্টাল সার্জারি বিশেষজ্ঞ দেখিয়েছি আমার পায়খানার রাস্তায় একটু সমস্যা ছিল সার্জারি বিশেষজ্ঞ ডাক্তার এই রোগের নাম বলল এনাল ফিসা এবং কিছু ওষুধ লেখে , ১ / toroaid 10 mg 2 / erion ointment 3 / rectocare ointment 4 / nesifin setupএই ওষুধগুলো আমি আজ পাঁচ দিন হয়ে গেল খাচ্ছি কিন্তু আমার পায়খানার রাস্তায় ব্যথা এবং জ্বালাপোড়া এবং সেখানে ফাটা রয়ে গেছে এখন আমি কোন ওষুধ খেলে ভালো হয় এবং কি করলে ভালো হয় একটু আপনার পরামর্শ জানাবেন ?"
"আপনাকে ধন্যবাদ প্রশ্ন করার জন্য । চুল পড়ার অনেক কারনের মধ্যে বংশগত , হরমনের সমস্যা , থাইরয়েডের সমস্যা , কিছু অভ্যাসের কারনে , রক্ত স্বল্পতা , ক্যালসিয়াম সমস্যা ইত্যাদি । আপনি একজন চর্ম ডাক্তারকে দেখান । সমস্যা সমাধানের জন্য কারন খুজে বের করা জরুরি । ধন্যবাদ",,হরমনের সমস্যা | থাইরয়েডের সমস্যা | রক্ত স্বল্পতা | ক্যালসিয়াম সমস্যা,,চর্ম ডাক্তারকে,,,,চর্ম ডাক্তারকে,হরমোন বিশেষজ্ঞকে,"আপনাকে ধন্যবাদ প্রশ্ন করার জন্য । চুল পড়ার অনেক কারনের মধ্যে বংশগত , হরমনের সমস্যা , থাইরয়েডের সমস্যা , কিছু অভ্যাসের কারনে , রক্ত স্বল্পতা , ক্যালসিয়াম সমস্যা ইত্যাদি । আপনি একজন হরমোন বিশেষজ্ঞকে দেখান । সমস্যা সমাধানের জন্য কারন খুজে বের করা জরুরি । ধন্যবাদ"
ডাক্তার ভাই কে প্রশ্ন করার জন্য ধন্যবাদ Tab Algin 50 এবং Cap Sergel 20 mg খাওয়াতে পারেন আপনি একজন Medicine specialist এর পরামর্শ নিতে পারেন । ধন্যবাদ,,,Tab Algin 50 | Cap Sergel 20 mg,Medicine specialist,,,,Medicine specialist,Gastroenterology specialist,ডাক্তার ভাই কে প্রশ্ন করার জন্য ধন্যবাদ Tab Algin 50 এবং Cap Sergel 20 mg খাওয়াতে পারেন আপনি একজন Gastroenterology specialist এর পরামর্শ নিতে পারেন । ধন্যবাদ
আপনাকে ধন্যবাদ প্রশ্ন করার জন্য । আপনাকে প্রেশার এর ঔষধ খেতে হবে । একজন হৃদ রোগ বিশেষজ্ঞ চিকিৎসক এর পরামর্শ নিন । ধন্যবাদ । ,,,প্রেশার এর ঔষধ,হৃদ রোগ বিশেষজ্ঞ,,,,হৃদ রোগ বিশেষজ্ঞ,মেডিসিন বিশেষজ্ঞ,আপনাকে ধন্যবাদ প্রশ্ন করার জন্য । আপনাকে প্রেশার এর ঔষধ খেতে হবে । একজন মেডিসিন বিশেষজ্ঞ চিকিৎসক এর পরামর্শ নিন । ধন্যবাদ ।
ডাক্তার ভাই কে প্রশ্ন করার জন্য ধন্যবাদ । আইসক্রিম থেকে এমনটা হচ্ছে বলে মনে হয়না একজন Dentist এর সাথে যোগাযোগ করতে পারেন । ধন্যবাদ । ,,,,Dentist,,,,Dentist,Orthodontist,ডাক্তার ভাই কে প্রশ্ন করার জন্য ধন্যবাদ । আইসক্রিম থেকে এমনটা হচ্ছে বলে মনে হয়না একজন Orthodontist এর সাথে যোগাযোগ করতে পারেন । ধন্যবাদ ।
ডাক্তার ভাই কে প্রশ্ন করার জন্য ধন্যবাদ এই অবস্হায় ব্যাবহার করা যাবেনা আপনি একজন Gynaecologist এর পরামর্শ নিন ধন্যবাদ,,,,Gynaecologist,,,,Gynaecologist,Obstetrician,ডাক্তার ভাই কে প্রশ্ন করার জন্য ধন্যবাদ এই অবস্হায় ব্যাবহার করা যাবেনা আপনি একজন Obstetrician এর পরামর্শ নিন ধন্যবাদ
"আপনাকে ধন্যবাদ প্রশ্ন করার জন্য । আপনি ভা , , আলু , রুটি , মিষ্টি জাতীয় খাবার কম খাবেন । প্রতিদিন ব্যায়াম করবেন বিশেষ করে পেট কমানোর ব্যায়াম । সাতার বা জোরে হাটতে পারেন । যারা অনেক্ষন বসে কাজ করেন বা হাটা চলা কম করেন তাদের এই সমস্যা বেশি হয় । একজন ডায়েটিসিয়ানের সাথে পরামর্শ করতে পারেন । ধন্যবাদ",,,,ডায়েটিসিয়ানের,,,,ডায়েটিসিয়ানের,পুষ্টিবিদের,"আপনাকে ধন্যবাদ প্রশ্ন করার জন্য । আপনি ভা , , আলু , রুটি , মিষ্টি জাতীয় খাবার কম খাবেন । প্রতিদিন ব্যায়াম করবেন বিশেষ করে পেট কমানোর ব্যায়াম । সাতার বা জোরে হাটতে পারেন । যারা অনেক্ষন বসে কাজ করেন বা হাটা চলা কম করেন তাদের এই সমস্যা বেশি হয় । একজন পুষ্টিবিদের সাথে পরামর্শ করতে পারেন । ধন্যবাদ"
9 : 30 এ ডক্টর লুবনা খন্দকারের সাথে অ্যাপয়েন্টমেন্ট ছিল উনি স্কিনের ডাক্তার আমরা কল করছি উনি তো অ্যালাও করছেন না সময় তো পার হয়ে যাচ্ছে কি করতে পারি,,,,স্কিনের ডাক্তার,,,,স্কিনের ডাক্তার,চর্মরোগ বিশেষজ্ঞ,9 : 30 এ ডক্টর লুবনা খন্দকারের সাথে অ্যাপয়েন্টমেন্ট ছিল উনি চর্মরোগ বিশেষজ্ঞ আমরা কল করছি উনি তো অ্যালাও করছেন না সময় তো পার হয়ে যাচ্ছে কি করতে পারি
আপনাকে ধন্যবাদ প্রশ্ন করার জন্য । আপনি একজন মানূষিক ডাক্তাররের পরামর্শ নিতে পারেন । ধন্যবাদ,,,,মানূষিক ডাক্তাররের,,,,মানূষিক ডাক্তাররের,মনোরোগ বিশেষজ্ঞের,আপনাকে ধন্যবাদ প্রশ্ন করার জন্য । আপনি একজন মনোরোগ বিশেষজ্ঞের পরামর্শ নিতে পারেন । ধন্যবাদ
আপনাকে ধন্যবাদ প্রশ্ন করার জন্য । আপনি দ্রুত নাক জোরে চাপ দিয়ে ১৫ মিনিট চেপে ধরে রাখেন । বরফ ব্যবহার করতে পারেন । বন্ধ না হলে দ্রুত হাসপাতালে ইমার্জেন্সি বিভাগে যোগাযোগ করুন । ব্লাড প্রেসার মাপুন । ধন্যবাদ । ,,,,হাসপাতালে ইমার্জেন্সি বিভাগে,,,ব্লাড প্রেসার মাপুন,হাসপাতালে ইমার্জেন্সি বিভাগে,নাক-কান-গলা বিশেষজ্ঞ,আপনাকে ধন্যবাদ প্রশ্ন করার জন্য । আপনি দ্রুত নাক জোরে চাপ দিয়ে ১৫ মিনিট চেপে ধরে রাখেন । বরফ ব্যবহার করতে পারেন । বন্ধ না হলে দ্রুত নাক-কান-গলা বিশেষজ্ঞের সাথে যোগাযোগ করুন । ব্লাড প্রেসার মাপুন । ধন্যবাদ ।
Thank you for your question Take vitamin supplement and orange lemon more . You can visit a medicine specialist if associated symptoms persist . Thank you,,,vitamin supplement,medicine specialist,,,,medicine specialist,internal medicine specialist,Thank you for your question Take vitamin supplement and orange lemon more . You can visit an internal medicine specialist if associated symptoms persist . Thank you
"ধন্যবাদ আপনার প্রশ্নের জন্য । না দেখে সমাধান দেয়া যাচ্ছে না । ইনফেকশন থাকতে পারে , টেস্ট করে নিশ্চিত হতে হবে । নেফ্রোলজিস্ট এর পরামর্শ নিন । ধন্যবাদ",,ইনফেকশন,,নেফ্রোলজিস্ট,,,,নেফ্রোলজিস্ট,ইউরোলজিস্ট,"ধন্যবাদ আপনার প্রশ্নের জন্য । না দেখে সমাধান দেয়া যাচ্ছে না । ইনফেকশন থাকতে পারে , টেস্ট করে নিশ্চিত হতে হবে । ইউরোলজিস্ট এর পরামর্শ নিন । ধন্যবাদ"
"আপনাকে ধন্যবাদ প্রশ্ন করার জন্য । আপনি ভাত , আলু , রুটি , মিষ্টি কম খাবেন । প্রতিদিন আধা ঘন্টা ব্যায়াম করবেন । রাত জাগবেন না । একজন পুষ্টি বিশেষজ্ঞ কে দেখিয়ে নিতে পারেন । থাইরয়েড পরীক্ষা করিয়ে নিন । ধন্যবাদ । ",,,,পুষ্টি বিশেষজ্ঞ | থাইরয়েড পরীক্ষা,,,,পুষ্টি বিশেষজ্ঞ | থাইরয়েড পরীক্ষা,হরমোন বিশেষজ্ঞ,"আপনাকে ধন্যবাদ প্রশ্ন করার জন্য । আপনি ভাত , আলু , রুটি , মিষ্টি কম খাবেন । প্রতিদিন আধা ঘন্টা ব্যায়াম করবেন । রাত জাগবেন না । একজন হরমোন বিশেষজ্ঞ কে দেখিয়ে নিতে পারেন । থাইরয়েড পরীক্ষা করিয়ে নিন । ধন্যবাদ ।"
প্রশ্ন করার জন্য ধন্যবাদ । আপনি করোনা টেস্ট করান এবং একজন ডাক্তারের সাথে সরাসরি ভাবে যোগাযোগ করেন কারণ আরো কোন ধরনের সমস্যা আছে কিনা সেটা তথ্য জানা প্রয়োজন । ধন্যবাদ । ,,,,ডাক্তারের,,,করোনা টেস্ট করান,ডাক্তারের,সংক্রামক রোগ বিশেষজ্ঞ,প্রশ্ন করার জন্য ধন্যবাদ । আপনি করোনা টেস্ট করান এবং একজন সংক্রামক রোগ বিশেষজ্ঞের সাথে সরাসরি ভাবে যোগাযোগ করেন কারণ আরো কোন ধরনের সমস্যা আছে কিনা সেটা তথ্য জানা প্রয়োজন । ধন্যবাদ ।
ডাক্তারভাইকে প্রশ্ন করার জন্য ধন্যবাদ । প্রশ্নটি সম্পূর্ণ ভাবে সঠিক করে লিখবেন । প্রাথমিক ভাবে Tab Maxpro 20mg - - 1 + 0 + 1 - - - 30min before meal for 15 days খেতে পারেন । দৈনিক প্রচুর পানি পান করবেন ২ - ৩ লিটার । ভাজা পোড়া তেল মসলা যুক্ত খাবার পরিহার করবেন । তাতেও লাভবান না হলে দ্রুত ECG পরীক্ষা করিয়ে Medicine Specialist doctor এর পরামর্শ নিন । ধন্যবাদ । ,,,Tab Maxpro 20mg,Medicine Specialist doctor,,1 + 0 + 1 - - - 30min before meal,ECG পরীক্ষা,Medicine Specialist doctor,Cardiologist doctor,ডাক্তারভাইকে প্রশ্ন করার জন্য ধন্যবাদ । প্রশ্নটি সম্পূর্ণ ভাবে সঠিক করে লিখবেন । প্রাথমিক ভাবে Tab Maxpro 20mg - - 1 + 0 + 1 - - - 30min before meal for 15 days খেতে পারেন । দৈনিক প্রচুর পানি পান করবেন ২ - ৩ লিটার । ভাজা পোড়া তেল মসলা যুক্ত খাবার পরিহার করবেন । তাতেও লাভবান না হলে দ্রুত ECG পরীক্ষা করিয়ে Cardiologist doctor এর পরামর্শ নিন । ধন্যবাদ ।
ডাক্তার ভাই কে প্রশ্ন করার জন্য ধন্যবাদ । এটা দেখতে হবে । আলগা লবন দিবেন না । হাল্কা ব্যায়াম করা দরকার । রুম এ হাঁটতে পারে । Neurologist দেখাতে হবে । ধন্যবাদ । ,,,,Neurologist,,,,Neurologist,Neurosurgeon,ডাক্তার ভাই কে প্রশ্ন করার জন্য ধন্যবাদ । এটা দেখতে হবে । আলগা লবন দিবেন না । হাল্কা ব্যায়াম করা দরকার । রুম এ হাঁটতে পারে । Neurosurgeon দেখাতে হবে । ধন্যবাদ ।
Thanks for your question to daktar bhai . please do urine r / e and ultrasound lower abdomen and visit a gynae doctor . Thanks . ,,,,gynae doctor,,,urine r / e | ultrasound lower abdomen,gynae doctor,urologist,Thanks for your question to daktar bhai . please do urine r / e and ultrasound lower abdomen and visit a urologist . Thanks .
ডাক্তার ভাইতে প্রশ্ন করার জন্যে আপনাকে ধন্যবাদ । Tab - Filwel gold 0 + 1 + 0 ১ মাস খাবেন । একজন মেডিসিন বিশেষজ্ঞ চিকিৎসক এর পরামর্শ নিবেন । ,,,Tab - Filwel gold,মেডিসিন বিশেষজ্ঞ,,0 + 1 + 0,,মেডিসিন বিশেষজ্ঞ,জেনারেল ফিজিশিয়ান,ডাক্তার ভাইতে প্রশ্ন করার জন্যে আপনাকে ধন্যবাদ । Tab - Filwel gold 0 + 1 + 0 ১ মাস খাবেন । একজন জেনারেল ফিজিশিয়ান চিকিৎসক এর পরামর্শ নিবেন ।
আপনাকে ধন্যবাদ প্রশ্ন করার জন্য । আপনি চোখে বেশি করে পানি দিন । একজন বিশেষজ্ঞ শিশু চিকিৎসক কে দেখান । ধন্যবাদ । ,,,,বিশেষজ্ঞ শিশু চিকিৎসক,,,,বিশেষজ্ঞ শিশু চিকিৎসক,চক্ষু বিশেষজ্ঞ,আপনাকে ধন্যবাদ প্রশ্ন করার জন্য । আপনি চোখে বেশি করে পানি দিন । একজন চক্ষু বিশেষজ্ঞ কে দেখান । ধন্যবাদ ।
ধন্যবাদ আপনাকে প্রশ্নের জন্য । আপনি একজন নিউরোমেডিসিন এর ডাক্তার দেখান । ধন্যবাদ,,,,নিউরোমেডিসিন,,,,নিউরোমেডিসিন,নিউরোলজি,ধন্যবাদ আপনাকে প্রশ্নের জন্য । আপনি একজন নিউরোলজি এর ডাক্তার দেখান । ধন্যবাদ
"আপনাকে ধন্যবাদ প্রশ্ন করার জন্য । আপনি ঠিকই জানেন , হরমনের কারনে মুখে দাড়ি কম উঠতে পারে । বংশগত বা কিছু চর্ম রোগের কারনেও এমন হতে পারে । আপনি একজন হরমনের ডাক্তারের পরামর্শ নিন । ধন্যবাদ",,বংশগত | চর্ম রোগের,,হরমনের ডাক্তারের,,,,হরমনের ডাক্তারের,চর্মরোগ বিশেষজ্ঞের,"আপনাকে ধন্যবাদ প্রশ্ন করার জন্য । আপনি ঠিকই জানেন , হরমনের কারনে মুখে দাড়ি কম উঠতে পারে । বংশগত বা কিছু চর্ম রোগের কারনেও এমন হতে পারে । আপনি একজন চর্মরোগ বিশেষজ্ঞের পরামর্শ নিন । ধন্যবাদ"
"আপনাকে ধন্যবাদ প্রশ্ন করার জন্য । সিরাপ হানিকল খান দুই চামচ করে তিন বার । আদা , মধু , গরম পানি খান । এ - ই মুহুর্তে দেশে ভাইরাস এ - র প্রদুর্ভাব আছে । তাই একজন মেডিসিন বিশেষজ্ঞ কে দেখিয়ে চিকিৎসা নিন । ধন্যবাদ । ",,ভাইরাস,সিরাপ হানিকল,মেডিসিন বিশেষজ্ঞ,,দুই চামচ করে তিন বার,,মেডিসিন বিশেষজ্ঞ,সংক্রামক রোগ বিশেষজ্ঞ,"আপনাকে ধন্যবাদ প্রশ্ন করার জন্য । সিরাপ হানিকল খান দুই চামচ করে তিন বার । আদা , মধু , গরম পানি খান । এ - ই মুহুর্তে দেশে ভাইরাস এ - র প্রদুর্ভাব আছে । তাই একজন সংক্রামক রোগ বিশেষজ্ঞ কে দেখিয়ে চিকিৎসা নিন । ধন্যবাদ ।"
ডাক্তার ভাই কে প্রশ্ন করার জন্য ধন্যবাদ এমতবস্থায় বাসায় না থেকে হাসপাতালে চলে যান আপনি একজন Medicine specialist এর পরামর্শ নিতে পারেন । ধন্যবাদ,,,,Medicine specialist,,,,Medicine specialist,General physician,ডাক্তার ভাই কে প্রশ্ন করার জন্য ধন্যবাদ এমতবস্থায় বাসায় না থেকে হাসপাতালে চলে যান আপনি একজন General physician এর পরামর্শ নিতে পারেন । ধন্যবাদ
"গ্রাহক ডাক্তার ভাইকে প্রশ্ন করার জন্য আপনাকে ধন্যবাদ । মাসিকের আগে ও পরে সাদাস্রাব যাওয়া স্বাভাবিক । এছাড়া সাদা স্রাব যোনিপথকে সুস্থ ও স্বাভাবিক রাখতে সাহায্য করে । কিন্তু সব চটি অধিক পরিমাণে নিঃসৃত হয় তাহলে সেটি রোগের পর্যায়ে পড়ে । সেক্ষেত্রে খেয়াল রাখতে হবে যেন যোনি সবসময় শুস্ক থাকে , ভেজা না থাকে । পাতলা সুতির প্যান্টি পরিধান করবেন । কমপক্ষে আড়াই লিটার পানি পান করবেন । এরপরও বেশি সমস্যা হলে গাইনোকোলজিস্টের সাথে সাক্ষাত করে তার পরামর্শ গ্রহণ করবেন । ধন্যবাদ । ",,,,গাইনোকোলজিস্টের,,,,গাইনোকোলজিস্টের,স্ত্রীরোগ বিশেষজ্ঞের,"গ্রাহক ডাক্তার ভাইকে প্রশ্ন করার জন্য আপনাকে ধন্যবাদ । মাসিকের আগে ও পরে সাদাস্রাব যাওয়া স্বাভাবিক । এছাড়া সাদা স্রাব যোনিপথকে সুস্থ ও স্বাভাবিক রাখতে সাহায্য করে । কিন্তু সব চটি অধিক পরিমাণে নিঃসৃত হয় তাহলে সেটি রোগের পর্যায়ে পড়ে । সেক্ষেত্রে খেয়াল রাখতে হবে যেন যোনি সবসময় শুস্ক থাকে , ভেজা না থাকে । পাতলা সুতির প্যান্টি পরিধান করবেন । কমপক্ষে আড়াই লিটার পানি পান করবেন । এরপরও বেশি সমস্যা হলে স্ত্রীরোগ বিশেষজ্ঞের সাথে সাক্ষাত করে তার পরামর্শ গ্রহণ করবেন । ধন্যবাদ ।"
ডাক্তারভাইকে প্রশ্ন করার জন্য ধন্যবাদ । আর দেরী না করে বাচ্চাকে দ্রুত হাসপাতাল নিয়ে যান । ঘন ঘন এভাবে পায়খানা হলে বাচ্চা dehydrated হয়ে যাবে । ৫০০মিলি বোতলে এক প্যাকেট saline মিশিয়ে বাচ্চাকে ১৫ - ২০ মিনিট পর পর ২ চামচ করে খাওয়ান । ধন্যবাদ । ,,,saline,হাসপাতাল,,৫০০মিলি বোতলে এক প্যাকেট | ১৫ - ২০ মিনিট পর পর ২ চামচ,,হাসপাতাল,শিশুরোগ বিশেষজ্ঞ,ডাক্তারভাইকে প্রশ্ন করার জন্য ধন্যবাদ । আর দেরী না করে বাচ্চাকে দ্রুত শিশুরোগ বিশেষজ্ঞের কাছে নিয়ে যান । ঘন ঘন এভাবে পায়খানা হলে বাচ্চা dehydrated হয়ে যাবে । ৫০০মিলি বোতলে এক প্যাকেট saline মিশিয়ে বাচ্চাকে ১৫ - ২০ মিনিট পর পর ২ চামচ করে খাওয়ান । ধন্যবাদ ।
ডাক্তার ভাই কে প্রশ্ন করার জন্য ধন্যবাদ । আসলে করোনার লক্ষন এর শেষ নায় । নাকে কি সর্দি আছে ? ? অনেক সময় সর্দি থাকলে নাকে গন্ধ পাওয়া যায় না । সর্দি না থাকলে অবশ্যই করোনা টেষ্ট করে দেখা উচিত । প্রয়োজনে মেডিসিন বিশেষঙ্গের পরামর্শ নিতে পারেন । প্রচুর পরিমানে ভিটামিন সি যুক্ত খাবার গ্রহণ করুন । ,সর্দি | সর্দি | নাকে গন্ধ পাওয়া যায় না | সর্দি,করোনার,,মেডিসিন বিশেষঙ্গের,,,করোনা টেষ্ট,মেডিসিন বিশেষঙ্গের,সংক্রামক রোগ বিশেষজ্ঞের,ডাক্তার ভাই কে প্রশ্ন করার জন্য ধন্যবাদ । আসলে করোনার লক্ষন এর শেষ নায় । নাকে কি সর্দি আছে ? ? অনেক সময় সর্দি থাকলে নাকে গন্ধ পাওয়া যায় না । সর্দি না থাকলে অবশ্যই করোনা টেষ্ট করে দেখা উচিত । প্রয়োজনে সংক্রামক রোগ বিশেষজ্ঞের পরামর্শ নিতে পারেন । প্রচুর পরিমানে ভিটামিন সি যুক্ত খাবার গ্রহণ করুন ।
Thanks for your question to daktar Bhai . Please give him syp omidon and consult with child doctor . Thanks,,,syp omidon,child doctor,,,,child doctor,pediatrician,Thanks for your question to daktar Bhai . Please give him syp omidon and consult with pediatrician . Thanks
"মেডিসিন বিশেষজ্ঞ দেখিয়ে রোগ নির্ণয় করে চিকিৎসা করা যদি হয়ে থাকে , তাহলে ঔষধ গুলো চালানো যেতে পারে । সাথে একজন গাইনী রোগ বিশেষজ্ঞ দেখিয়ে চিকিৎসা নিতে পারেন । ধন্যবাদ । ",,,,মেডিসিন বিশেষজ্ঞ | গাইনী রোগ বিশেষজ্ঞ,,,,মেডিসিন বিশেষজ্ঞ | গাইনী রোগ বিশেষজ্ঞ,প্রসূতি ও স্ত্রীরোগ বিশেষজ্ঞ,"মেডিসিন বিশেষজ্ঞ দেখিয়ে রোগ নির্ণয় করে চিকিৎসা করা যদি হয়ে থাকে , তাহলে ঔষধ গুলো চালানো যেতে পারে । সাথে একজন প্রসূতি ও স্ত্রীরোগ বিশেষজ্ঞ দেখিয়ে চিকিৎসা নিতে পারেন । ধন্যবাদ ।"
" ; ধন্যবাদ আপনার প্রশ্নের জন্য । সরাসরি নাক , কান , গলা বিশেষজ্ঞ দেখিয়ে পরামর্শ নিতে হবে ধন্যবাদ",,,,"নাক , কান , গলা বিশেষজ্ঞ",,,,"নাক , কান , গলা বিশেষজ্ঞ",মাথা ও ঘাড় বিশেষজ্ঞ,; ধন্যবাদ আপনার প্রশ্নের জন্য । সরাসরি মাথা ও ঘাড় বিশেষজ্ঞ দেখিয়ে পরামর্শ নিতে হবে ধন্যবাদ
আপনাকে ধন্যবাদ প্রশ্ন করার জন্য । আপনার যে সমস্যার কথা বলেছেন তা ইয়াবা খাওয়ার পার্শ্ব প্রতিক্রিয়া । আপনি একজন মন রোগ বিশেষজ্ঞ কে দেখান । মাদকাসক্তি নিরাময় কেন্দ্র এ যোগাযোগ করুন । ধন্যবাদ । ,,,,মন রোগ বিশেষজ্ঞ | মাদকাসক্তি নিরাময় কেন্দ্র,,,,মন রোগ বিশেষজ্ঞ | মাদকাসক্তি নিরাময় কেন্দ্র,মাদকাসক্তি বিশেষজ্ঞ,আপনাকে ধন্যবাদ প্রশ্ন করার জন্য । আপনার যে সমস্যার কথা বলেছেন তা ইয়াবা খাওয়ার পার্শ্ব প্রতিক্রিয়া । আপনি একজন মাদকাসক্তি বিশেষজ্ঞ কে দেখান । মাদকাসক্তি নিরাময় কেন্দ্র এ যোগাযোগ করুন । ধন্যবাদ ।
আমার পায়ে অনেক দিন যাবৎ রগের সমস্যার কারণে ব্যথা ভুগছি পায়ের মধ্যে অনেক জায়গায় গা হয়েছে এবং ভাস্কুলার সাজারি ডাক্তার সাকলাইন রাসেল কে দেখিয়াছি এবং সঠিক কোনো পরামর্শ পায় নি এমন অবস্থায় আমার করণিয় কি ? ,অনেক দিন যাবৎ রগের সমস্যার কারণে ব্যথা | পায়ের মধ্যে অনেক জায়গায় গা,,,ভাস্কুলার সাজারি ডাক্তার,,,,ভাস্কুলার সাজারি ডাক্তার,রক্তনালী বিশেষজ্ঞ ডাক্তার,আমার পায়ে অনেক দিন যাবৎ রগের সমস্যার কারণে ব্যথা ভুগছি পায়ের মধ্যে অনেক জায়গায় গা হয়েছে এবং রক্তনালী বিশেষজ্ঞ ডাক্তার সাকলাইন রাসেল কে দেখিয়াছি এবং সঠিক কোনো পরামর্শ পায় নি এমন অবস্থায় আমার করণিয় কি ?
ডাক্তার ভাই কে প্রশ্ন করার জন্য ধন্যবাদ । নিয়মিত পু্ষ্টিকর খাবার খান একজন Medicine specialist এর সাথে যোগাযোগ করতে পারেন । ধন্যবাদ । ,,,,Medicine specialist,,,,Medicine specialist,General physician,ডাক্তার ভাই কে প্রশ্ন করার জন্য ধন্যবাদ । নিয়মিত পু্ষ্টিকর খাবার খান একজন General physician এর সাথে যোগাযোগ করতে পারেন । ধন্যবাদ ।
বাচ্চার বয়স ২২ মাস । সর্দি ও কাশি হয়েছে । কাশির সময় ঘড় ঘড় শব্দ করছে । ,সর্দি | কাশি | কাশির সময় ঘড় ঘড় শব্দ করছে,,,২২ মাস,,,,২২ মাস,কোনোটি নয়,বাচ্চার বয়স ২২ মাস । সর্দি ও কাশি হয়েছে । কাশির সময় ঘড় ঘড় শব্দ করছে ।
"ডাক্তার ভাই কে প্রশ্ন করার জন্য ধন্যবাদ । আপনি বাচ্চার নাড়াচাড়া খেয়াল করবেন । ব্যথা হলে , যদি তা কোমর , পা তে ছড়ায় , কোন ধরনের রক্তপাত হলে , পানি ভাঙলে সাথে সাথে নিকটস্থ হাসপাতালে যাবেন । সর্বপরি সাবধানতা অবলম্বন করবেন । ধন্যবাদ । ","ব্যথা হলে | কোমর , পা তে ছড়ায় | কোন ধরনের রক্তপাত | পানি ভাঙলে",,,হাসপাতালে,,,,হাসপাতালে,প্রসূতি বিশেষজ্ঞ,"ডাক্তার ভাই কে প্রশ্ন করার জন্য ধন্যবাদ । আপনি বাচ্চার নাড়াচাড়া খেয়াল করবেন । ব্যথা হলে , যদি তা কোমর , পা তে ছড়ায় , কোন ধরনের রক্তপাত হলে , পানি ভাঙলে সাথে সাথে নিকটস্থ প্রসূতি বিশেষজ্ঞের কাছে যাবেন । সর্বপরি সাবধানতা অবলম্বন করবেন । ধন্যবাদ ।"
"আপনাকে ধন্যবাদ প্রশ্ন করার জন্য । আপনি পূনরায় একজন অভিজ্ঞ নাক , কান , গলা বিশেষজ্ঞের পরামর্শ নিন । ধন্যবাদ । ",,,,"অভিজ্ঞ নাক , কান , গলা বিশেষজ্ঞের",,,,"অভিজ্ঞ নাক , কান , গলা বিশেষজ্ঞের",অভিজ্ঞ মাথা ও ঘাড় বিশেষজ্ঞের,আপনাকে ধন্যবাদ প্রশ্ন করার জন্য । আপনি পূনরায় একজন অভিজ্ঞ মাথা ও ঘাড় বিশেষজ্ঞের পরামর্শ নিন । ধন্যবাদ ।
ডাক্তারভাইকে প্রশ্ন করার জন্য ধন্যবাদ । বাচ্চাকে ঘন ঘন বুকের দুধ টানাবেন । বাচ্চার মা যেন ঠিকমত খায় সে দিকে লক্ষ্য রাখবেন । Tab Omidon 10mg 1 + 1 + 1 after meal খাবেন । ২ / ৩ দিন পরও যদি বুকের দুধ না আসে সে ক্ষেত্রে অবশ্যই গাইনী ও অবস . ডাক্তারের পরামর্শ নিবেন । ধন্যবাদ । ,,,Tab Omidon 10mg,গাইনী,,1 + 1 + 1,,গাইনী,স্ত্রীরোগ বিশেষজ্ঞ,ডাক্তারভাইকে প্রশ্ন করার জন্য ধন্যবাদ । বাচ্চাকে ঘন ঘন বুকের দুধ টানাবেন । বাচ্চার মা যেন ঠিকমত খায় সে দিকে লক্ষ্য রাখবেন । Tab Omidon 10mg 1 + 1 + 1 after meal খাবেন । ২ / ৩ দিন পরও যদি বুকের দুধ না আসে সে ক্ষেত্রে অবশ্যই স্ত্রীরোগ বিশেষজ্ঞ ও অবস . ডাক্তারের পরামর্শ নিবেন । ধন্যবাদ ।
"আপনাকে ধন্যবাদ প্রশ্ন করার জন্য । বুকের কোন এক্সরে করা হয়েছিল ? না করা হয়ে থাকলে একটি এক্সরে করে একজন মেডিসিন বিশেষজ্ঞের সাথে সরাসরি পরামর্শ করুন । প্রয়োজনে , আপনি ডাক্তারভাই এপ্লিকেশন থেকে ' Video Call To A Doctor ' সার্ভিসটি ব্যবহার করে একজন বিশেষজ্ঞ ডাক্তারের এপয়েন্টমেন্ট নিয়ে ভিডিও কল এ কথা বলতে পারেন এবং ডাক্তার - এর লেখা প্রেস্ক্রিপশন আপনি আপনার এপ্লিকেশন এ পেয়ে যাবেন । আরও বিস্তারিত জানতে < NUMBER > তে কল করুন । ধন্যবাদ । ",,,,মেডিসিন বিশেষজ্ঞের,,,এক্সরে,মেডিসিন বিশেষজ্ঞের,বক্ষব্যাধি বিশেষজ্ঞের,"আপনাকে ধন্যবাদ প্রশ্ন করার জন্য । বুকের কোন এক্সরে করা হয়েছিল ? না করা হয়ে থাকলে একটি এক্সরে করে একজন বক্ষব্যাধি বিশেষজ্ঞের সাথে সরাসরি পরামর্শ করুন । প্রয়োজনে , আপনি ডাক্তারভাই এপ্লিকেশন থেকে ' Video Call To A Doctor ' সার্ভিসটি ব্যবহার করে একজন বিশেষজ্ঞ ডাক্তারের এপয়েন্টমেন্ট নিয়ে ভিডিও কল এ কথা বলতে পারেন এবং ডাক্তার - এর লেখা প্রেস্ক্রিপশন আপনি আপনার এপ্লিকেশন এ পেয়ে যাবেন । আরও বিস্তারিত জানতে < NUMBER > তে কল করুন । ধন্যবাদ ।"
"ডাক্তার ভাই এর সাথে থাকার জন্য ধন্যবাদ । জরুরি ভিত্তিতে একজন নাক কান গলা বিশেষজ্ঞ এর সরাসরি পরামর্শ গ্রহণ করুন । কানে পানি দিবেন না , খোচাবেন না . Dr < NAME > Mbbs",,,,নাক কান গলা বিশেষজ্ঞ,,,,নাক কান গলা বিশেষজ্ঞ,কর্ণ বিশেষজ্ঞ,"ডাক্তার ভাই এর সাথে থাকার জন্য ধন্যবাদ । জরুরি ভিত্তিতে একজন কর্ণ বিশেষজ্ঞ এর সরাসরি পরামর্শ গ্রহণ করুন । কানে পানি দিবেন না , খোচাবেন না . Dr < NAME > Mbbs"
"আপনাকে ধন্যবাদ প্রশ্ন করার জন্য । আপনি পানি বেশি করে পান করুন , রাতে ঠিকমত ঘুমান । মুখের দাগের জন্য একজন চর্ম ডাক্তারের পরামর্শ নিন । ধন্যবাদ",,,,চর্ম ডাক্তারের,,,,চর্ম ডাক্তারের,প্লাস্টিক সার্জনের,"আপনাকে ধন্যবাদ প্রশ্ন করার জন্য । আপনি পানি বেশি করে পান করুন , রাতে ঠিকমত ঘুমান । মুখের দাগের জন্য একজন প্লাস্টিক সার্জনের পরামর্শ নিন । ধন্যবাদ"
আপনাকে ধন্যবাদ প্রশ্ন করার জন্য । এটা কোনো ক্রনিক রোগের লক্ষন হতে পারে । একজন মেডিসিন বিশেষজ্ঞ কে দেখান । ধন্যবাদ । ,,,,মেডিসিন বিশেষজ্ঞ,,,,মেডিসিন বিশেষজ্ঞ,পারিবারিক চিকিৎসা বিশেষজ্ঞ,আপনাকে ধন্যবাদ প্রশ্ন করার জন্য । এটা কোনো ক্রনিক রোগের লক্ষন হতে পারে । একজন পারিবারিক চিকিৎসা বিশেষজ্ঞ কে দেখান । ধন্যবাদ ।
আপনাকে ধন্যবাদ প্রশ্ন করার জন্য । আপনার নার্ভে কোনো সমস্যা হতে পারে । একজন নিউরোমেডিসিন বিশেষজ্ঞ কে দেখাতে পারেন । ধন্যবাদ । ,,,,নিউরোমেডিসিন বিশেষজ্ঞ,,,,নিউরোমেডিসিন বিশেষজ্ঞ,নিউরোলজি বিশেষজ্ঞ,আপনাকে ধন্যবাদ প্রশ্ন করার জন্য । আপনার নার্ভে কোনো সমস্যা হতে পারে । একজন নিউরোলজি বিশেষজ্ঞ কে দেখাতে পারেন । ধন্যবাদ ।
শিশু ডাক্তার দেখিয়ে নিন । ধন্যবাদ । ,,,,শিশু ডাক্তার,,,,শিশু ডাক্তার,নবজাতক বিশেষজ্ঞ,নবজাতক বিশেষজ্ঞ দেখিয়ে নিন । ধন্যবাদ ।
"আপনাকে ধন্যবাদ প্রশ্ন করার জন্য । কিছু গুরুত্বপূর্ন পরীক্ষার প্রয়োজন রয়েছে , দ্রুত একজন গাইনী বিশেষজ্ঞের সাথে সরাসরি দেখা করে পরামর্শ নিন । ধন্যবাদ । ",,,,গাইনী বিশেষজ্ঞের,,,,গাইনী বিশেষজ্ঞের,প্রসূতি বিশেষজ্ঞের,"আপনাকে ধন্যবাদ প্রশ্ন করার জন্য । কিছু গুরুত্বপূর্ন পরীক্ষার প্রয়োজন রয়েছে , দ্রুত একজন প্রসূতি বিশেষজ্ঞের সাথে সরাসরি দেখা করে পরামর্শ নিন । ধন্যবাদ ।"
Consult with a plastic surgeon,,,,plastic surgeon,,,,plastic surgeon,reconstructive surgeon,Consult with a reconstructive surgeon
Thank you for your question Consult with a medicine specialist and act Accordingly Thank you,,,,medicine specialist,,,,medicine specialist,internal medicine specialist,Thank you for your question Consult with an internal medicine specialist and act Accordingly Thank you
Thanks for questioning to daktervai . Please consult with a Dentist,,,,Dentist,,,,Dentist,Orthodontist,Thanks for questioning to daktervai . Please consult with a Orthodontist
Thanks for questioning daktarbhai . Please consult with a skin specialist . Give vitamin E capsule mixed with your hair oil . Thanks,,,vitamin E capsule,skin specialist,,,,skin specialist,hair specialist,Thanks for questioning daktarbhai . Please consult with a hair specialist . Give vitamin E capsule mixed with your hair oil . Thanks
আপনাকে ধন্যবাদ প্রশ্ন করার জন্য । আপনি বেকলোফেন ১০ মিলিগ্রাম সকালে ও রাতে খাবার পরে কগান । ট্যাবলেট প্যারাসিটামল ৫০০ মিলিগ্রাম দুই বেলা খাবার পরে একটা করে এবং ট্যাবলেট ওমেপ্রাজল ২০ মিলিগ্রাম সকালে ও রাতে একটা করে খাবার আগে খান । গরম পানির সেক দিন । ভাল না হলে একজন অর্থপেডিক্স বিশেষজ্ঞ চিকিৎসক কে দেখিয়ে নিন । ধন্যবাদ । ,,,বেকলোফেন ১০ মিলিগ্রাম | ট্যাবলেট প্যারাসিটামল ৫০০ মিলিগ্রাম | ট্যাবলেট ওমেপ্রাজল ২০ মিলিগ্রাম,অর্থপেডিক্স বিশেষজ্ঞ চিকিৎসক,,সকালে ও রাতে খাবার পরে | দুই বেলা খাবার পরে একটা করে | সকালে ও রাতে একটা করে খাবার আগে,,অর্থপেডিক্স বিশেষজ্ঞ চিকিৎসক,রিউমাটোলজি বিশেষজ্ঞ চিকিৎসক,আপনাকে ধন্যবাদ প্রশ্ন করার জন্য । আপনি বেকলোফেন ১০ মিলিগ্রাম সকালে ও রাতে খাবার পরে কগান । ট্যাবলেট প্যারাসিটামল ৫০০ মিলিগ্রাম দুই বেলা খাবার পরে একটা করে এবং ট্যাবলেট ওমেপ্রাজল ২০ মিলিগ্রাম সকালে ও রাতে একটা করে খাবার আগে খান । গরম পানির সেক দিন । ভাল না হলে একজন রিউমাটোলজি বিশেষজ্ঞ চিকিৎসক কে দেখিয়ে নিন । ধন্যবাদ ।
Thanks for your question to daktar bhai . I have to see her hand before giving any medicine . you can consult with any skin doctor . Thanks . ,,,,skin doctor,,,,skin doctor,plastic surgeon,Thanks for your question to daktar bhai . I have to see her hand before giving any medicine . you can consult with any plastic surgeon . Thanks .
ধন্যবাদ আপনাকে প্রশ্ন করার জন্য । আপনার রোগটির চিকিৎসার জন্য আরও বিস্তারিত তথ্য জানা দরকার । আপনি ডাক্তারভাই এপ্লিকেশন থেকে ' Video Call To A Doctor ' সার্ভিসটি ব্যবহার করে একজন শিশু বিশেষজ্ঞ ডাক্তারের এপয়েন্টমেন্ট নিয়ে ভিডিও কল এ কথা বলতে পারেন এবং ডাক্তারএর লেখা প্রেস্ক্রিপশন আপনি আপনার এপ্লিকেশন এ পেয়ে যাবেন । আরও বিস্তারিত জানতে < NUMBER > তে কল করুন । ধন্যবাদ । ,,,,শিশু বিশেষজ্ঞ,,,,শিশু বিশেষজ্ঞ,নবজাতক বিশেষজ্ঞ,ধন্যবাদ আপনাকে প্রশ্ন করার জন্য । আপনার রোগটির চিকিৎসার জন্য আরও বিস্তারিত তথ্য জানা দরকার । আপনি ডাক্তারভাই এপ্লিকেশন থেকে ' Video Call To A Doctor ' সার্ভিসটি ব্যবহার করে একজন নবজাতক বিশেষজ্ঞ ডাক্তারের এপয়েন্টমেন্ট নিয়ে ভিডিও কল এ কথা বলতে পারেন এবং ডাক্তারএর লেখা প্রেস্ক্রিপশন আপনি আপনার এপ্লিকেশন এ পেয়ে যাবেন । আরও বিস্তারিত জানতে < NUMBER > তে কল করুন । ধন্যবাদ ।
"Thanks for asking Daktar bhai . Please , try to not panic and consult with an expert medicine specialist as soon as possible . Thank you . ",,,,medicine specialist,,,,medicine specialist,internal medicine specialist,"Thanks for asking Daktar bhai . Please , try to not panic and consult with an expert internal medicine specialist as soon as possible . Thank you ."
আপনাকে ধন্যবাদ প্রশ্ন করার জন্য । আপনার সমস্যা বাচ্চাকে না দেখে ও কিছু পরীক্ষা না করে বোঝা যাবে না । আপিনি একজন শিশু বিশেষজ্ঞ চিকিৎসক কে দেখিয়ে নিন । ধন্যবাদ । ,,,,শিশু বিশেষজ্ঞ,,,,শিশু বিশেষজ্ঞ,শিশু নিউরোলজি বিশেষজ্ঞ,আপনাকে ধন্যবাদ প্রশ্ন করার জন্য । আপনার সমস্যা বাচ্চাকে না দেখে ও কিছু পরীক্ষা না করে বোঝা যাবে না । আপিনি একজন শিশু নিউরোলজি বিশেষজ্ঞ চিকিৎসক কে দেখিয়ে নিন । ধন্যবাদ ।
"আপনাকে ধন্যবাদ প্রশ্ন করার জন্য । আপনি ভিটামিন বি১ , বি৬ , বি১২ সকালে ও রাতে একটা করে খেতে পারেন । প্যারাসিটামল খান ব্যাথার জন্য । একজন ফিজিক্যাল মেডিসিন বিশেষজ্ঞ কে দেখাতে পারেন । ধন্যবাদ",,,"ভিটামিন বি১ , বি৬ , বি১২ | প্যারাসিটামল",ফিজিক্যাল মেডিসিন বিশেষজ্ঞ,,সকালে ও রাতে একটা করে,,ফিজিক্যাল মেডিসিন বিশেষজ্ঞ,পুনর্বাসন চিকিৎসা বিশেষজ্ঞ,"আপনাকে ধন্যবাদ প্রশ্ন করার জন্য । আপনি ভিটামিন বি১ , বি৬ , বি১২ সকালে ও রাতে একটা করে খেতে পারেন । প্যারাসিটামল খান ব্যাথার জন্য । একজন পুনর্বাসন চিকিৎসা বিশেষজ্ঞ কে দেখাতে পারেন । ধন্যবাদ"
আপনাকে ধন্যবাদ প্রশ্ন করার জন্য । আপনার ছেলেকে একজন দাঁতের ডাক্তার কে দেখান । ধন্যবাদ । ,,,,দাঁতের ডাক্তার,,,,দাঁতের ডাক্তার,অর্থোডন্টিস্ট,আপনাকে ধন্যবাদ প্রশ্ন করার জন্য । আপনার ছেলেকে একজন অর্থোডন্টিস্ট কে দেখান । ধন্যবাদ ।
"আমার ছেলে বাচ্চাটার হার্নিয়া হয়েছে মনে হয় । লিঙ্গের দুই ইঞ্চি উপরে ফুলে যাচ্ছে দিন দিন । এখন বেশি ই মনে হচ্ছে । এখন কি করলে ভাল হবে ? উল্লেখ্য বাচ্চা 7 months এর premature normal delivery ছিল 18 জুন । 40 দিন NICU তে ছিল । এখনও ওজন 2 . 5 কেজি হয় নি । এমতাবস্থায় হার্নিয়ার কি অপারেশন করা যাবে ? বাচ্চাকে যে শিশু ডাক্তার নিয়মিত দেখেন উনাকে দেখিয়েছি , উনি বলেছেন আরও পরে পরীক্ষা করে দেখে তারপরে অপারেশন নিয়ে চিন্তা করবেন । কিন্তু বাচ্চার হার্নিয়ার ফোলা দিন দিন বেড়েই চলেছে । কি করব এই মুহূর্তে একটু পরামর্শ দিন । ",লিঙ্গের দুই ইঞ্চি উপরে ফুলে যাচ্ছে | হার্নিয়ার ফোলা,হার্নিয়া | হার্নিয়ার,,শিশু ডাক্তার,,,,শিশু ডাক্তার,শিশু সার্জন,"আমার ছেলে বাচ্চাটার হার্নিয়া হয়েছে মনে হয় । লিঙ্গের দুই ইঞ্চি উপরে ফুলে যাচ্ছে দিন দিন । এখন বেশি ই মনে হচ্ছে । এখন কি করলে ভাল হবে ? উল্লেখ্য বাচ্চা 7 months এর premature normal delivery ছিল 18 জুন । 40 দিন NICU তে ছিল । এখনও ওজন 2 . 5 কেজি হয় নি । এমতাবস্থায় হার্নিয়ার কি অপারেশন করা যাবে ? বাচ্চাকে যে শিশু সার্জন নিয়মিত দেখেন উনাকে দেখিয়েছি , উনি বলেছেন আরও পরে পরীক্ষা করে দেখে তারপরে অপারেশন নিয়ে চিন্তা করবেন । কিন্তু বাচ্চার হার্নিয়ার ফোলা দিন দিন বেড়েই চলেছে । কি করব এই মুহূর্তে একটু পরামর্শ দিন ।"
ডাক্তার ভাই এর সাথে থাকার জন্য আপনাকে ধন্যবাদ । কতবার নড়াচড়া করছে ? Dr < NAME > Mbbs,,,,Dr < NAME > Mbbs,,,,Dr < NAME > Mbbs,প্রসূতি ও স্ত্রীরোগ বিশেষজ্ঞ,ডাক্তার ভাই এর সাথে থাকার জন্য আপনাকে ধন্যবাদ । কতবার নড়াচড়া করছে ? প্রসূতি ও স্ত্রীরোগ বিশেষজ্ঞ
"ডাক্তার ভাইকে প্রশ্ন করার জন্য ধন্যবাদ । আপনি অতি দ্রুত একজন ইউরোলজিস্টের পরামর্শ নিন । কোমরে ব্যথার জন্য গরম সেঁক নিতে পারেন , এবং বেশি করে পানি পান করুন তাতে প্রস্রাব পরিষ্কার হওয়ার সম্ভাবনা আছে । এবং অবশ্যই ইউরোলজিস্টের পরামর্শ নিন । কেননা আপনার মা এর আগে কোন প্রস্রাব অথবা কিডনি জনিত সমস্যা ছিল কিনা জানান নেই । ধন্যবাদ",কোমরে ব্যথার,প্রস্রাব অথবা কিডনি জনিত সমস্যা,,ইউরোলজিস্টের | ইউরোলজিস্টের,,,,ইউরোলজিস্টের | ইউরোলজিস্টের,নেফ্রোলজিস্টের,"ডাক্তার ভাইকে প্রশ্ন করার জন্য ধন্যবাদ । আপনি অতি দ্রুত একজন নেফ্রোলজিস্টের পরামর্শ নিন । কোমরে ব্যথার জন্য গরম সেঁক নিতে পারেন , এবং বেশি করে পানি পান করুন তাতে প্রস্রাব পরিষ্কার হওয়ার সম্ভাবনা আছে । এবং অবশ্যই ইউরোলজিস্টের পরামর্শ নিন । কেননা আপনার মা এর আগে কোন প্রস্রাব অথবা কিডনি জনিত সমস্যা ছিল কিনা জানান নেই । ধন্যবাদ"
ডাক্তার ভাই কে প্রশ্ন করার জন্য ধন্যবাদ । চর্ম বিশেষজ্ঞ র সাথে কথা বলুন । ধন্যবাদ । ,,,,চর্ম বিশেষজ্ঞ,,,,চর্ম বিশেষজ্ঞ,চর্মরোগ বিশেষজ্ঞ,ডাক্তার ভাই কে প্রশ্ন করার জন্য ধন্যবাদ । চর্মরোগ বিশেষজ্ঞ র সাথে কথা বলুন । ধন্যবাদ ।
ডাক্তার ভাইতে প্রশ্ন করার জন্যে আপনাকে ধন্যবাদ । আপনি দয়া করে একজন শিশু বিশেষজ্ঞ চিকিৎসক এর পরামর্শ নিন । ,,,,শিশু বিশেষজ্ঞ,,,,শিশু বিশেষজ্ঞ,নবজাতক বিশেষজ্ঞ,ডাক্তার ভাইতে প্রশ্ন করার জন্যে আপনাকে ধন্যবাদ । আপনি দয়া করে একজন নবজাতক বিশেষজ্ঞ চিকিৎসক এর পরামর্শ নিন ।
ডাক্তার ভাই ‌কে প্রশ্ন করার জন্য ধন্যবাদ । আপনি একজন ভালো মানসিক রোগ এর চিকিৎসক কে দেখিয়ে Counseling করিয়ে নিন আপনারwife এর । ধন্যবাদ,,,,মানসিক রোগ এর চিকিৎসক,,,,মানসিক রোগ এর চিকিৎসক,মনোবিজ্ঞানী,ডাক্তার ভাই ‌কে প্রশ্ন করার জন্য ধন্যবাদ । আপনি একজন ভালো মনোবিজ্ঞানী কে দেখিয়ে Counseling করিয়ে নিন আপনারwife এর । ধন্যবাদ
Thank you for asking your question to daktarbhai . Apni akjon psychiatrist er shate consult korben . ,,,,psychiatrist,,,,psychiatrist,neurologist,Thank you for asking your question to daktarbhai . Apni akjon neurologist er shate consult korben .
ধন্যবাদ আপনাকে প্রশ্নের জন্য । কিডনি সমস্যার জন্য নেফ্রোলজিস্ট দেখাবেন । আর হাত পা কাপার জন্য নিউরোলজিস্ট দেখাবেন । ধন্যবাদ,,,,নেফ্রোলজিস্ট | নিউরোলজিস্ট,,,,নেফ্রোলজিস্ট | নিউরোলজিস্ট,ইউরোলজিস্ট,ধন্যবাদ আপনাকে প্রশ্নের জন্য । কিডনি সমস্যার জন্য ইউরোলজিস্ট দেখাবেন । আর হাত পা কাপার জন্য নিউরোলজিস্ট দেখাবেন । ধন্যবাদ
"আপনাকে ধন্যবাদ প্রশ্ন করার জন্য । আপনি প্রাথমিক চিকিৎসা ইতিমধ্যে নিয়েছেন । গরম পানি , আদা , মধু , তুলসি খান । একজন মেডিসিন বিশেষজ্ঞ কে দেখান । ধন্যবাদ । ",,,,মেডিসিন বিশেষজ্ঞ,,,,মেডিসিন বিশেষজ্ঞ,জেনারেল ফিজিশিয়ান,"আপনাকে ধন্যবাদ প্রশ্ন করার জন্য । আপনি প্রাথমিক চিকিৎসা ইতিমধ্যে নিয়েছেন । গরম পানি , আদা , মধু , তুলসি খান । একজন জেনারেল ফিজিশিয়ান কে দেখান । ধন্যবাদ ।"
"Thank you for asking your question to daktarbhai . 1 ) pusti kor khabar khaben jemon : - dim , dudh , mach , mangso , shak , shobji khaben . 2 ) Time moto ghumaben , besi raat jaga jabe na , protidin 30min kore exercise korben . 3 ) akjon gynecologist er shate consult korben . ",,,,gynecologist,,,,gynecologist,obstetrician,"Thank you for asking your question to daktarbhai . 1 ) pusti kor khabar khaben jemon : - dim , dudh , mach , mangso , shak , shobji khaben . 2 ) Time moto ghumaben , besi raat jaga jabe na , protidin 30min kore exercise korben . 3 ) akjon obstetrician er shate consult korben ."
"গ্রাহক , অনেক সময় দেখা যায় কোন কিছু নিয়ে দুশ্চিন্তা করলে বা ঘুম ঠিক মতো না হলে মাথা ব্যাথা হয় । এই ক্ষেত্রে আপনি প্রতিদিন নিয়মিত ৮ - ১১ ঘণ্টা ঘুমানর চেষ্টা করুন ও দুশ্চিন্তা মুক্ত থাকুন । - ঠাণ্ডা থেকেও মাথা ব্যাথা হতে পারে । সাধারণত যাদের ঘন ঘন সর্দি ও কাশি হয় তাদের ভেতরে সাইনাসের সমস্যা দেখতে পাওয়া যায় । মূলত সাইনুসাইটিস ( Sinusitis ) থেকে এই ধরণের মাথা ব্যথা হয়ে থাকে । এই ধরনের ব্যথা সর্দি কাশির সময়ে কিংবা এরপর থেকে শুরু হয় । সাইনাসের ব্যথা সকালের দিকে বেশি হয় । এই ব্যাথা কপালে আর নাকের দুই ধারে হয়ে থাকে । আবার মাথা নিচু করলে বেশি বাড়ে । এমনকি মাথা নাড়লেও ব্যথাটা তীব্র হয় । এই ক্ষেত্রে আপনাকে ঠাণ্ডার ঔষধ খেতে হবে । সাময়িক সমাধান এর জন্য এন্টিহিস্টামিন ও প্যারাসিটামল খেতে পারেন । চোখের পাওয়ার কমলে বা বাড়লে মাথা ব্যাথা হতে পারে । সেই ক্ষেত্রে আপনি একজন Eye Specialist এর সাথে দেখা করতে পারেন । - আপনার মাথা ব্যাথা কি সবসময় থাকে নাকি কোন কাজ করতে গেলে হয় যেমন পড়াশোনা বা computer ব্যবহার করা ? আপনার মাথা ব্যথা টি যদি কপালের সামনে ও দুই পাশে থাকে এবং ব্যাথার সাথে বমি ভাব বা বমি বা শব্দ সজ্য করতে না পারার সমস্যা থাকে তাহলে আপনি হয়তো Migraine headache এ ভুগছেন । এই ক্ষেত্রে আপনি একজন Medicine Specialist এর সাথে দেখা করতে পারেন । আবার অনেক সময় কপালের দুই ধারে ব্যাথা হতে পারে যা ৩০ মিনিট থেকে কিছু ঘণ্টা বা কিছু দিন পর্যন্ত থাকতে পারে । একে বলা হয় Tension headache . সাধারনত এই ধরণের ব্যথা আপনার দৈনন্দিন জীবনে কোন বাধা সৃষ্টি করেনা । Stress বা dehydration এর কারণে হয়ে থাকে । এই ধরণের ব্যাথার জন্য আপনি প্যারাসিটামল খেতে পারেন । প্রেসার এর কারণেও মাথা ঘার ব্যথা হতে পারে । আপনার মাথা ব্যথা যদি বেশি তীব্র হয় বা অনেক দিন ধরে আছে তাহলে আপনি অবশ্যই মাথা ব্যথা বিশেষজ্ঞ ডাক্তারের পরামর্শ নিন । মনে হয় আপনাকে সাহায্য করতে পেরেছি ভালো থাকবেন । ",দুশ্চিন্তা | মাথা ব্যাথা | দুশ্চিন্তা | মাথা ব্যাথা | ঘন ঘন সর্দি | কাশি | সাইনাসের সমস্যা | মাথা ব্যথা | ব্যথা সর্দি কাশির | সাইনাসের ব্যথা | ব্যাথা কপালে আর নাকের দুই ধারে হয়ে থাকে | মাথা নিচু করলে বেশি বাড়ে | মাথা নাড়লেও ব্যথাটা তীব্র হয় | মাথা ব্যাথা | মাথা ব্যাথা | মাথা ব্যথা | বমি ভাব | বমি | কপালের দুই ধারে ব্যাথা | ব্যথা | ব্যাথার | মাথা ব্যথা | মাথা ব্যথা,সাইনুসাইটিস ( Sinusitis ) | Migraine headache | Tension headache | Stress | dehydration | প্রেসার এর কারণেও মাথা ঘার ব্যথা,এন্টিহিস্টামিন | প্যারাসিটামল | প্যারাসিটামল,Eye Specialist | Medicine Specialist,,,,Eye Specialist | Medicine Specialist,Ophthalmologist,"গ্রাহক , অনেক সময় দেখা যায় কোন কিছু নিয়ে দুশ্চিন্তা করলে বা ঘুম ঠিক মতো না হলে মাথা ব্যাথা হয় । এই ক্ষেত্রে আপনি প্রতিদিন নিয়মিত ৮ - ১১ ঘণ্টা ঘুমানর চেষ্টা করুন ও দুশ্চিন্তা মুক্ত থাকুন । - ঠাণ্ডা থেকেও মাথা ব্যাথা হতে পারে । সাধারণত যাদের ঘন ঘন সর্দি ও কাশি হয় তাদের ভেতরে সাইনাসের সমস্যা দেখতে পাওয়া যায় । মূলত সাইনুসাইটিস ( Sinusitis ) থেকে এই ধরণের মাথা ব্যথা হয়ে থাকে । এই ধরনের ব্যথা সর্দি কাশির সময়ে কিংবা এরপর থেকে শুরু হয় । সাইনাসের ব্যথা সকালের দিকে বেশি হয় । এই ব্যাথা কপালে আর নাকের দুই ধারে হয়ে থাকে । আবার মাথা নিচু করলে বেশি বাড়ে । এমনকি মাথা নাড়লেও ব্যথাটা তীব্র হয় । এই ক্ষেত্রে আপনাকে ঠাণ্ডার ঔষধ খেতে হবে । সাময়িক সমাধান এর জন্য এন্টিহিস্টামিন ও প্যারাসিটামল খেতে পারেন । চোখের পাওয়ার কমলে বা বাড়লে মাথা ব্যাথা হতে পারে । সেই ক্ষেত্রে আপনি একজন Ophthalmologist এর সাথে দেখা করতে পারেন । - আপনার মাথা ব্যাথা কি সবসময় থাকে নাকি কোন কাজ করতে গেলে হয় যেমন পড়াশোনা বা computer ব্যবহার করা ? আপনার মাথা ব্যথা টি যদি কপালের সামনে ও দুই পাশে থাকে এবং ব্যাথার সাথে বমি ভাব বা বমি বা শব্দ সজ্য করতে না পারার সমস্যা থাকে তাহলে আপনি হয়তো Migraine headache এ ভুগছেন । এই ক্ষেত্রে আপনি একজন Medicine Specialist এর সাথে দেখা করতে পারেন । আবার অনেক সময় কপালের দুই ধারে ব্যাথা হতে পারে যা ৩০ মিনিট থেকে কিছু ঘণ্টা বা কিছু দিন পর্যন্ত থাকতে পারে । একে বলা হয় Tension headache . সাধারনত এই ধরণের ব্যথা আপনার দৈনন্দিন জীবনে কোন বাধা সৃষ্টি করেনা । Stress বা dehydration এর কারণে হয়ে থাকে । এই ধরণের ব্যাথার জন্য আপনি প্যারাসিটামল খেতে পারেন । প্রেসার এর কারণেও মাথা ঘার ব্যথা হতে পারে । আপনার মাথা ব্যথা যদি বেশি তীব্র হয় বা অনেক দিন ধরে আছে তাহলে আপনি অবশ্যই মাথা ব্যথা বিশেষজ্ঞ ডাক্তারের পরামর্শ নিন । মনে হয় আপনাকে সাহায্য করতে পেরেছি ভালো থাকবেন ।"
আপনাকে ধন্যবাদ প্রশ্ন করার জন্য । ব্যাথার জায়গায় ঠান্ডা পানির সেক দিন । একটি হাতের এক্স রে করিয়ে একজন অর্থপেডিক্স সার্জন কে দেখান । ধন্যবাদ,,,,অর্থপেডিক্স সার্জন,,,এক্স রে,অর্থপেডিক্স সার্জন,ট্রমা সার্জন,আপনাকে ধন্যবাদ প্রশ্ন করার জন্য । ব্যাথার জায়গায় ঠান্ডা পানির সেক দিন । একটি হাতের এক্স রে করিয়ে একজন ট্রমা সার্জন কে দেখান । ধন্যবাদ
ডাক্তার ভাই কে প্রশ্ন করার জন্য ধন্যবাদ । আপনার বাচ্চার রক্তের cbc পরীক্ষা করে শিশু বিশেযজ্ঞের পরামর্শ নিবেন । ,,,,শিশু বিশেযজ্ঞের,,,রক্তের cbc পরীক্ষা,শিশু বিশেযজ্ঞের,শিশু হেমাটোলজিস্টের,ডাক্তার ভাই কে প্রশ্ন করার জন্য ধন্যবাদ । আপনার বাচ্চার রক্তের cbc পরীক্ষা করে শিশু হেমাটোলজিস্টের পরামর্শ নিবেন ।
ধন্যবাদ আপনার প্রশ্নের জন্য । বিশদ আলোচনার প্রয়োজন । এই জন্য আপনি একজন গাইনি চিকিৎসকের পরামর্শ নিন । আপনি এই এপের মাধ্যমে ভিডিও কনফারেন্সে চিকিৎসকের পরামর্শ নিতে পারেন । ধন্যবাদ,,,,গাইনি চিকিৎসকের,,,,গাইনি চিকিৎসকের,স্ত্রীরোগ বিশেষজ্ঞের,ধন্যবাদ আপনার প্রশ্নের জন্য । বিশদ আলোচনার প্রয়োজন । এই জন্য আপনি একজন স্ত্রীরোগ বিশেষজ্ঞের পরামর্শ নিন । আপনি এই এপের মাধ্যমে ভিডিও কনফারেন্সে চিকিৎসকের পরামর্শ নিতে পারেন । ধন্যবাদ
ডাক্তারভাইকে প্রশ্ন করার জন্য ধন্যবাদ । চোখে শুধু clear পানি দিয়ে পরিস্কার রাখুন । চোখ জোরে ঘসে চুলকাবেন না । চোখের উপর সুতি কাপড় দিয়ে hot compression দিন । প্রাথমিক ভাবে Visitear Eye Drop আক্রান্ত চোখে ১ - ২ ফোঁটা ৩ বার করে ব্যবহার করুন । অবশ্যই চক্ষু ডাক্তারের পরামর্শ নিয়ে নিবেন অন্য কোন সমস্যা হচ্ছে কিনা যাচাই করার জন্য । ধন্যবাদ । ,,,Visitear Eye Drop,চক্ষু ডাক্তারের,,১ - ২ | ৩ বার,,চক্ষু ডাক্তারের,কর্নিয়া বিশেষজ্ঞের,ডাক্তারভাইকে প্রশ্ন করার জন্য ধন্যবাদ । চোখে শুধু clear পানি দিয়ে পরিস্কার রাখুন । চোখ জোরে ঘসে চুলকাবেন না । চোখের উপর সুতি কাপড় দিয়ে hot compression দিন । প্রাথমিক ভাবে Visitear Eye Drop আক্রান্ত চোখে ১ - ২ ফোঁটা ৩ বার করে ব্যবহার করুন । অবশ্যই কর্নিয়া বিশেষজ্ঞের পরামর্শ নিয়ে নিবেন অন্য কোন সমস্যা হচ্ছে কিনা যাচাই করার জন্য । ধন্যবাদ ।
Thank you for your question . Some tests should be done for your problem . Please directly consult with A medicine specialist for your problem . Thank you . ,,,,medicine specialist,,,,medicine specialist,general physician,Thank you for your question . Some tests should be done for your problem . Please directly consult with A general physician for your problem . Thank you .
আপনাকে ধন্যবাদ প্রশ্ন করার জন্য । আপনার রাইনাইটিস হয়েছে । আপনি একজন নাক কান গলা রোগ বিশেষজ্ঞের পরামর্শ নিন । ধন্যবাদ,,রাইনাইটিস,,নাক কান গলা রোগ বিশেষজ্ঞের,,,,নাক কান গলা রোগ বিশেষজ্ঞের,অ্যালার্জি বিশেষজ্ঞের,আপনাকে ধন্যবাদ প্রশ্ন করার জন্য । আপনার রাইনাইটিস হয়েছে । আপনি একজন অ্যালার্জি বিশেষজ্ঞের পরামর্শ নিন । ধন্যবাদ
ডাক্তার ভাই কে প্রশ্ন করার জন্য ধন্যবাদ । শিশুকে ভালো করে পরীক্ষা করে দেখা উচিৎ এবং বুকের xray ও পেটের আল্ট্রাসনোগ্রাম না করে বলা যায় না । আপনি শিশু বিশেযজ্ঞের পরামর্শ নিন । ,,,,শিশু বিশেযজ্ঞের,,,বুকের xray | পেটের আল্ট্রাসনোগ্রাম,শিশু বিশেযজ্ঞের,শিশু রোগ বিশেষজ্ঞের,ডাক্তার ভাই কে প্রশ্ন করার জন্য ধন্যবাদ । শিশুকে ভালো করে পরীক্ষা করে দেখা উচিৎ এবং বুকের xray ও পেটের আল্ট্রাসনোগ্রাম না করে বলা যায় না । আপনি শিশু রোগ বিশেষজ্ঞের পরামর্শ নিন ।
ডাক্তার ভাইকে প্রশ্ন করার জন্য ধন্যবাদ । Tab Bextrum Gold দিনে একটি করে ট্যাবলেট খেতে পারেন 1 মাস । প্রতিদিন কিছু সময় নিয়ে শারীরিক এক্সারসাইজ করেন । আর বেশি অসুবিধা হলে একজন ইন্টারনাল মেডিসিন বিশেষজ্ঞের পরামর্শ নিতে পারেন । ধন্যবাদ,,,Tab Bextrum Gold,ইন্টারনাল মেডিসিন বিশেষজ্ঞের,,দিনে একটি করে ট্যাবলেট খেতে পারেন 1 মাস,,ইন্টারনাল মেডিসিন বিশেষজ্ঞের,জেনারেল মেডিসিন বিশেষজ্ঞের,ডাক্তার ভাইকে প্রশ্ন করার জন্য ধন্যবাদ । Tab Bextrum Gold দিনে একটি করে ট্যাবলেট খেতে পারেন 1 মাস । প্রতিদিন কিছু সময় নিয়ে শারীরিক এক্সারসাইজ করেন । আর বেশি অসুবিধা হলে একজন জেনারেল মেডিসিন বিশেষজ্ঞের পরামর্শ নিতে পারেন । ধন্যবাদ
Thank you for your question . Take regular exercise . Take high protein diet . sleep well . Avoid tension . You can consult with a nutritionist if you want . Thank you,,,,nutritionist,,,,nutritionist,dietitian,Thank you for your question . Take regular exercise . Take high protein diet . sleep well . Avoid tension . You can consult with a dietitian if you want . Thank you
Tab . Napa500mg 1 + 1 + 1 for 3days . Do a dengue NS 1 ag test and covid test . Consult with a medicine specialist and act accordingly if eye sight is all right . Thank you,,,Tab . Napa500mg,medicine specialist,,1 + 1 + 1,dengue NS 1 ag test | covid test,medicine specialist,infectious disease specialist,Tab . Napa500mg 1 + 1 + 1 for 3days . Do a dengue NS 1 ag test and covid test . Consult with an infectious disease specialist and act accordingly if eye sight is all right . Thank you
আপনাকে ধন্যবাদ প্রশ্ন করার জন্য । আপনার কিছুটা উপকারে আসতে পারে । দিতে পারেন । একজন নাক কান গলা অথবা রেস্পিরেটরি বিশেষজ্ঞ কে দেখান । ধন্যবাদ । ,,,,নাক কান গলা | রেস্পিরেটরি বিশেষজ্ঞ,,,,নাক কান গলা | রেস্পিরেটরি বিশেষজ্ঞ,বক্ষব্যাধি বিশেষজ্ঞ,আপনাকে ধন্যবাদ প্রশ্ন করার জন্য । আপনার কিছুটা উপকারে আসতে পারে । দিতে পারেন । একজন নাক কান গলা অথবা বক্ষব্যাধি বিশেষজ্ঞ কে দেখান । ধন্যবাদ ।
আপনাকে ধন্যবাদ প্রশ্ন করার জন্য । আপনার মাথায় খুব সম্ভবত খুশকি হয়েছে । আপনি খুশকি নাশক শেম্পু সপ্তাহে দুবার মাথায় দিন । চুল পিরষ্কার রাখুন । একজন চর্ম ডাক্তারের পরামর্শ নিতে পারেন । ধন্যবাদ,,,,চর্ম ডাক্তারের,,,,চর্ম ডাক্তারের,চর্মরোগ বিশেষজ্ঞের,আপনাকে ধন্যবাদ প্রশ্ন করার জন্য । আপনার মাথায় খুব সম্ভবত খুশকি হয়েছে । আপনি খুশকি নাশক শেম্পু সপ্তাহে দুবার মাথায় দিন । চুল পিরষ্কার রাখুন । একজন চর্মরোগ বিশেষজ্ঞের পরামর্শ নিতে পারেন । ধন্যবাদ
"আপনাকে ধন্যবাদ প্রশ্ন করার জন্য । হাটুতে ব্যাথার কারন গুলোর মধ্যে ব্যাথা পাওয়া , অস্টিও আর্থাইটিস , লিগামেন্ট টান খাওয়া ইত্যাদি আছে । আপনি একজন অর্থপেডিক্স বিশেষজ্ঞ এর পরামর্শ নিন । ধন্যবাদ",,অস্টিও আর্থাইটিস,,অর্থপেডিক্স বিশেষজ্ঞ,,,,অর্থপেডিক্স বিশেষজ্ঞ,রিউমাটোলজি বিশেষজ্ঞ,"আপনাকে ধন্যবাদ প্রশ্ন করার জন্য । হাটুতে ব্যাথার কারন গুলোর মধ্যে ব্যাথা পাওয়া , অস্টিও আর্থাইটিস , লিগামেন্ট টান খাওয়া ইত্যাদি আছে । আপনি একজন রিউমাটোলজি বিশেষজ্ঞ এর পরামর্শ নিন । ধন্যবাদ"
ডাক্তার ভাইকে প্রশ্ন করার জন্য ধন্যবাদ । আপনার বাচ্চার যেহেতু আট মাস ধরে ঠান্ডা যেহেতু আপনি অবশ্যই একজন শিশু বিশেষজ্ঞের পরামর্শ নিন । ধন্যবাদ,ঠান্ডা,,,শিশু বিশেষজ্ঞের,আট মাস,,,শিশু বিশেষজ্ঞের,বক্ষব্যাধি বিশেষজ্ঞের,ডাক্তার ভাইকে প্রশ্ন করার জন্য ধন্যবাদ । আপনার বাচ্চার যেহেতু আট মাস ধরে ঠান্ডা যেহেতু আপনি অবশ্যই একজন বক্ষব্যাধি বিশেষজ্ঞের পরামর্শ নিন । ধন্যবাদ
আপনাকে ধন্যবাদ প্রশ্ন করার জন্য । আপনি একজন অভিজ্ঞ অরথোপেডিক্স সার্জন এর পরামর্শ নিন । ধন্যবাদ । ,,,,অরথোপেডিক্স সার্জন,,,,অরথোপেডিক্স সার্জন,ট্রমা সার্জন,আপনাকে ধন্যবাদ প্রশ্ন করার জন্য । আপনি একজন অভিজ্ঞ ট্রমা সার্জন এর পরামর্শ নিন । ধন্যবাদ ।
আপনাকে ধন্যবাদ প্রশ্ন করার জন্য । খাবারে অরুচি কোনো রোগ নয় । রোগের লক্ষন । আপনি কিছু পরীক্ষা নিরিক্ষা করে রোগ সম্পর্কে নিশ্চিত হয়ে নিন । ট্যাবলেট ওমিডন ১০ মিলিগ্রাম সকালে ও রাতে একটা করে খাবার আগে খান । একজন মেডিসিন বিশেষজ্ঞ কে দেখিয়ে চিকিৎসা নিন । ধন্যবাদ । ,,,ট্যাবলেট ওমিডন ১০ মিলিগ্রাম,মেডিসিন বিশেষজ্ঞ,,সকালে ও রাতে একটা করে,,মেডিসিন বিশেষজ্ঞ,গ্যাস্ট্রোএন্টারোলজি বিশেষজ্ঞ,আপনাকে ধন্যবাদ প্রশ্ন করার জন্য । খাবারে অরুচি কোনো রোগ নয় । রোগের লক্ষন । আপনি কিছু পরীক্ষা নিরিক্ষা করে রোগ সম্পর্কে নিশ্চিত হয়ে নিন । ট্যাবলেট ওমিডন ১০ মিলিগ্রাম সকালে ও রাতে একটা করে খাবার আগে খান । একজন গ্যাস্ট্রোএন্টারোলজি বিশেষজ্ঞ কে দেখিয়ে চিকিৎসা নিন । ধন্যবাদ ।
ধন্যবাদ আপনাকে প্রশ্নের জন্য । নাপা খাওয়াবেন । এই এপ্লিকেশনে ভিডিও কলে ডেন্টিস্ট এর পরামর্শ নিন । ধন্যবাদ,,,নাপা,ডেন্টিস্ট,,,,ডেন্টিস্ট,অর্থোডন্টিস্ট,ধন্যবাদ আপনাকে প্রশ্নের জন্য । নাপা খাওয়াবেন । এই এপ্লিকেশনে ভিডিও কলে অর্থোডন্টিস্ট এর পরামর্শ নিন । ধন্যবাদ
আপনাকে ধন্যবাদ প্রশ্ন করার জন্য । আপনার বাচ্চার নিউমোনিয়া হতে পারে । আপনি একজন শিশু বিশেষজ্ঞ ডাক্তার র পরামর্শ নিন । ধন্যবাদ,,,,শিশু বিশেষজ্ঞ,,,,শিশু বিশেষজ্ঞ,বক্ষব্যাধি বিশেষজ্ঞ,আপনাকে ধন্যবাদ প্রশ্ন করার জন্য । আপনার বাচ্চার নিউমোনিয়া হতে পারে । আপনি একজন বক্ষব্যাধি বিশেষজ্ঞ ডাক্তার র পরামর্শ নিন । ধন্যবাদ
"আপনাকে ধন্যবাদ প্রশ্ন করার জন্য । চিকিৎসকের পরামর্শ ছাড়া ঔষধ খাবেন না , একজন অর্থোপেডিকস বিশেষজ্ঞের সাথে সরাসরি দেখা করে বিস্তারিত পরামর্শ করে প্রয়োজনীয় পরীক্ষার পর চিকিৎসা নিন । ধন্যবাদ । ",,,,অর্থোপেডিকস বিশেষজ্ঞের,,,,অর্থোপেডিকস বিশেষজ্ঞের,রিউমাটোলজি বিশেষজ্ঞের,"আপনাকে ধন্যবাদ প্রশ্ন করার জন্য । চিকিৎসকের পরামর্শ ছাড়া ঔষধ খাবেন না , একজন রিউমাটোলজি বিশেষজ্ঞের সাথে সরাসরি দেখা করে বিস্তারিত পরামর্শ করে প্রয়োজনীয় পরীক্ষার পর চিকিৎসা নিন । ধন্যবাদ ।"
আপনাকে ধন্যবাদ প্রশ্ন করার জন্য । জিনক সিরাপ খাওয়াতে পারেন । খাওয়ার পরে বাচ্চাকে বসিয়ে পেট থেকে গ্যাস বের করে দিবেন । প্রয়োজন এ একজন শিয়াহু বিশেষজ্ঞ কে দেখিয়ে নিন । ধন্যবাদ । ,,,জিনক সিরাপ,শিয়াহু বিশেষজ্ঞ,,,,শিয়াহু বিশেষজ্ঞ,শিশু গ্যাস্ট্রোএন্টেরোলজি বিশেষজ্ঞ,আপনাকে ধন্যবাদ প্রশ্ন করার জন্য । জিনক সিরাপ খাওয়াতে পারেন । খাওয়ার পরে বাচ্চাকে বসিয়ে পেট থেকে গ্যাস বের করে দিবেন । প্রয়োজন এ একজন শিশু গ্যাস্ট্রোএন্টেরোলজি বিশেষজ্ঞ কে দেখিয়ে নিন । ধন্যবাদ ।
আপনাকে ধন্যবাদ প্রশ্ন করার জন্য । আপনার আব্বার খুব সম্ভবত টেনিস এলবো হয়েছে । এ - র জন্য উনাকে গরম পানির সেক দিন আধা ঘন্টা করে দুই বার । ট্যাবলেট প্যারাসিটামল ৫০০ মিলিগ্রাম ব্যাথার জন্য খাবেন । এই খানে ব্যাথার জন্য এক ধরনের ইঞ্জেকশন দেয়া যায় । কিছু ফিজিওথেরাপি দেয়া যায় । যা করোনা পরিস্থিতি কিছুটা ভাল হলে একজন ফিজি ক্যাল মেডিসিন বিশেষজ্ঞ ডাক্তার কে দেখিয়ে নিতে হবে । ধন্যবাদ । ,,টেনিস এলবো,ট্যাবলেট প্যারাসিটামল ৫০০ মিলিগ্রাম,ফিজি ক্যাল মেডিসিন বিশেষজ্ঞ ডাক্তার,,,,ফিজি ক্যাল মেডিসিন বিশেষজ্ঞ ডাক্তার,অর্থোপেডিক বিশেষজ্ঞ ডাক্তার,আপনাকে ধন্যবাদ প্রশ্ন করার জন্য । আপনার আব্বার খুব সম্ভবত টেনিস এলবো হয়েছে । এ - র জন্য উনাকে গরম পানির সেক দিন আধা ঘন্টা করে দুই বার । ট্যাবলেট প্যারাসিটামল ৫০০ মিলিগ্রাম ব্যাথার জন্য খাবেন । এই খানে ব্যাথার জন্য এক ধরনের ইঞ্জেকশন দেয়া যায় । কিছু ফিজিওথেরাপি দেয়া যায় । যা করোনা পরিস্থিতি কিছুটা ভাল হলে একজন অর্থোপেডিক বিশেষজ্ঞ ডাক্তার কে দেখিয়ে নিতে হবে । ধন্যবাদ ।
আপনাকে ধন্যবাদ প্রশ্ন করার জন্য । আপনি ইতিমধ্যে প্রাথমিক চিকিৎসা আপনার মেয়েকে দিয়েছেন । সবজি পানি বেশি করে পান করান । একজন শিশু সার্জারি বিশেষজ্ঞের পরামর্শ নিন । ধন্যবাদ,,,,শিশু সার্জারি বিশেষজ্ঞের,,,,শিশু সার্জারি বিশেষজ্ঞের,শিশু বিশেষজ্ঞের,আপনাকে ধন্যবাদ প্রশ্ন করার জন্য । আপনি ইতিমধ্যে প্রাথমিক চিকিৎসা আপনার মেয়েকে দিয়েছেন । সবজি পানি বেশি করে পান করান । একজন শিশু বিশেষজ্ঞের পরামর্শ নিন । ধন্যবাদ
"আপনার প্রশ্নের জন্য ধন্যবাদ । ছেলেদের প্রস্টেট নামক এক ধরনের গ্রন্থি থাকে যা কিনা বয়স ৫৫বছর এর পর অনেকেরই বড় হতে থাকে । এর জন্য বিভিন্ন সমস্যা দেখা দেয় , যেমন - প্রস্রাবে জ্বালাপোড়া / ফোটায় ফোটায় প্রস্রাব হওয়া / ক্লিয়ারলি না হওয়া , ঘনঘন বেগ হওয়া ইত্যাদি । এই জন্য আপনার বাবার পেটের আল্ট্রাসনোগ্রাফি করানো প্রয়োজন । আপনি একজন ইউরোলজিস্টের পরামর্শ নিন । ধন্যবাদ । ",প্রস্রাবে জ্বালাপোড়া | ফোটায় ফোটায় প্রস্রাব হওয়া | ক্লিয়ারলি না হওয়া | ঘনঘন বেগ হওয়া,,,ইউরোলজিস্টের,৫৫বছর,,পেটের আল্ট্রাসনোগ্রাফি,ইউরোলজিস্টের,নেফ্রোলজিস্টের,"আপনার প্রশ্নের জন্য ধন্যবাদ । ছেলেদের প্রস্টেট নামক এক ধরনের গ্রন্থি থাকে যা কিনা বয়স ৫৫বছর এর পর অনেকেরই বড় হতে থাকে । এর জন্য বিভিন্ন সমস্যা দেখা দেয় , যেমন - প্রস্রাবে জ্বালাপোড়া / ফোটায় ফোটায় প্রস্রাব হওয়া / ক্লিয়ারলি না হওয়া , ঘনঘন বেগ হওয়া ইত্যাদি । এই জন্য আপনার বাবার পেটের আল্ট্রাসনোগ্রাফি করানো প্রয়োজন । আপনি একজন নেফ্রোলজিস্টের পরামর্শ নিন । ধন্যবাদ ।"
ডাক্তার ভাইকে প্রশ্ন করার জন্য ধন্যবাদ । আপনি এই বিষয়ে দ্রুত শিশু বিশেষজ্ঞের পরামর্শ নিন এবং সরাসরি একজন শিশু ডাক্তার দেখান । ধন্যবাদ,,,,শিশু বিশেষজ্ঞের | শিশু ডাক্তার,,,,শিশু বিশেষজ্ঞের | শিশু ডাক্তার,শিশু নিউরোলজিস্টের,ডাক্তার ভাইকে প্রশ্ন করার জন্য ধন্যবাদ । আপনি এই বিষয়ে দ্রুত শিশু নিউরোলজিস্টের পরামর্শ নিন এবং সরাসরি একজন শিশু ডাক্তার দেখান । ধন্যবাদ
"ধন্যবাদ আপনাকে প্রশ্ন করার জন্য । আপনি বাচ্চাকে বেশি করে শাকসব্জি , ফল , আঁশযুক্ত খাবার দিবেন , পানি দিবেন । প্রয়োজনে বিস্তারিত আলোচনার জন্য ডাক্তারভাই এপ্লিকেশন থেকে ' Video Call To A Doctor ' সার্ভিসটি ব্যবহার করে একজন শিশু বিশেষজ্ঞ ডাক্তারের এপয়েন্টমেন্ট নিয়ে ভিডিও কল এ কথা বলতে পারেন এবং আপনার রিপোর্ট র ছবি তুলে ডাক্তার কে পাঠাতে পারবেন । ডাক্তারএর লেখা প্রেস্ক্রিপশন আপনি আপনার এপ্লিকেশন এ পেয়ে যাবেন । ধন্যবাদ",,,,শিশু বিশেষজ্ঞ,,,,শিশু বিশেষজ্ঞ,শিশু গ্যাস্ট্রোএন্টেরোলজিস্ট,"ধন্যবাদ আপনাকে প্রশ্ন করার জন্য । আপনি বাচ্চাকে বেশি করে শাকসব্জি , ফল , আঁশযুক্ত খাবার দিবেন , পানি দিবেন । প্রয়োজনে বিস্তারিত আলোচনার জন্য ডাক্তারভাই এপ্লিকেশন থেকে ' Video Call To A Doctor ' সার্ভিসটি ব্যবহার করে একজন শিশু গ্যাস্ট্রোএন্টেরোলজিস্ট ডাক্তারের এপয়েন্টমেন্ট নিয়ে ভিডিও কল এ কথা বলতে পারেন এবং আপনার রিপোর্ট র ছবি তুলে ডাক্তার কে পাঠাতে পারবেন । ডাক্তারএর লেখা প্রেস্ক্রিপশন আপনি আপনার এপ্লিকেশন এ পেয়ে যাবেন । ধন্যবাদ"
আপনাকে ধন্যবাদ প্রশ্ন করার জন্য । আপনি প্যারাসিটামল ১ টা খেতে পারেন । নিয়মিত কিছুদিন সকালে ও রাতে ১টা করে গ্যাস্টিকের ঔষধ খেতে পারেন । একটা ইসিজি করিয়ে নিন । একজন মেডিসিন ডাক্তারকে দেখিয়ে নিতে পারেন । ধন্যবাদ,,,প্যারাসিটামল | গ্যাস্টিকের ঔষধ,মেডিসিন ডাক্তারকে,,নিয়মিত কিছুদিন সকালে ও রাতে ১টা করে,ইসিজি,মেডিসিন ডাক্তারকে,মেডিসিন বিশেষজ্ঞকে,আপনাকে ধন্যবাদ প্রশ্ন করার জন্য । আপনি প্যারাসিটামল ১ টা খেতে পারেন । নিয়মিত কিছুদিন সকালে ও রাতে ১টা করে গ্যাস্টিকের ঔষধ খেতে পারেন । একটা ইসিজি করিয়ে নিন । একজন মেডিসিন বিশেষজ্ঞকে দেখিয়ে নিতে পারেন । ধন্যবাদ
ডাক্তার ভাই কে প্রশ্ন করার জন্য ধন্যবাদ । একজন ভালো মেডিসিন বিশেষজ্ঞ দেখান । complete blood count করতে পারেন । ধন্যবাদ । ,,,,মেডিসিন বিশেষজ্ঞ,,,complete blood count,মেডিসিন বিশেষজ্ঞ,রক্তরোগ বিশেষজ্ঞ,ডাক্তার ভাই কে প্রশ্ন করার জন্য ধন্যবাদ । একজন ভালো রক্তরোগ বিশেষজ্ঞ দেখান । complete blood count করতে পারেন । ধন্যবাদ ।
ডাক্তার ভাইতে প্রশ্ন করার জন্যে আপনাকে ধন্যবাদ । ইসিজি কি কোনো কার্ডিওলজিস্ট কে দেখিয়েছেন ? ডাক্তার দেখিয়ে থাকলে সেই অনুযায়ী যে মেডিসিন খাচ্ছেন সেটা খাবেন । প্রয়োজনে পুনরায় পূর্বের চিকিৎসক এর পরামর্শ নিন । ,,,,কার্ডিওলজিস্ট,,,ইসিজি,কার্ডিওলজিস্ট,বক্ষব্যাধি বিশেষজ্ঞ,ডাক্তার ভাইতে প্রশ্ন করার জন্যে আপনাকে ধন্যবাদ । ইসিজি কি কোনো বক্ষব্যাধি বিশেষজ্ঞ কে দেখিয়েছেন ? ডাক্তার দেখিয়ে থাকলে সেই অনুযায়ী যে মেডিসিন খাচ্ছেন সেটা খাবেন । প্রয়োজনে পুনরায় পূর্বের চিকিৎসক এর পরামর্শ নিন ।
"গ্রাহক ডাক্তার ভাইকে প্রশ্ন করার জন্য আপনাকে ধন্যবাদ । আপনার এই সমস্যা , সারা জমিনে পরীক্ষা না করে বোঝা সম্ভব নয় । তাই আপনি একজন সার্জনের সাথে সাক্ষাত করে তারপর অংশগ্রহণ করুন । ধন্যবাদ । ",,,,সার্জনের,,,,সার্জনের,অর্থোপেডিক সার্জনের,"গ্রাহক ডাক্তার ভাইকে প্রশ্ন করার জন্য আপনাকে ধন্যবাদ । আপনার এই সমস্যা , সারা জমিনে পরীক্ষা না করে বোঝা সম্ভব নয় । তাই আপনি একজন অর্থোপেডিক সার্জনের সাথে সাক্ষাত করে তারপর অংশগ্রহণ করুন । ধন্যবাদ ।"
ডাক্তার ভাই কে প্রশ্ন করার জন্য ধন্যবাদ । আপনার বাচ্চাকে vit K1 vaccine খাওয়াতে পারবেন । আর বাচ্চাকে একজন শিশু বিশেষজ্ঞ ডাক্তার কে দেখান । ,,,vit K1 vaccine,শিশু বিশেষজ্ঞ ডাক্তার,,,,শিশু বিশেষজ্ঞ ডাক্তার,নবজাতক বিশেষজ্ঞ ডাক্তার,ডাক্তার ভাই কে প্রশ্ন করার জন্য ধন্যবাদ । আপনার বাচ্চাকে vit K1 vaccine খাওয়াতে পারবেন । আর বাচ্চাকে একজন নবজাতক বিশেষজ্ঞ ডাক্তার কে দেখান ।
Daktar bhai ke question korar jonno dhonnobad . gynae doctor er sathe consult korun . Thanks . ,,,,gynae doctor,,,,gynae doctor,obstetrician,Daktar bhai ke question korar jonno dhonnobad . obstetrician er sathe consult korun . Thanks .
ডাক্তার ভাই কে প্রশ্ন করার জন্য ধন্যবাদ আপনার রেজাল্ট স্বাভাবিক দেখা যাচ্ছে । আপনি একজন Medicine specialist এর পরামর্শ নিতে পারেন । ধন্যবাদ,,,,Medicine specialist,,,,Medicine specialist,General physician,ডাক্তার ভাই কে প্রশ্ন করার জন্য ধন্যবাদ আপনার রেজাল্ট স্বাভাবিক দেখা যাচ্ছে । আপনি একজন General physician এর পরামর্শ নিতে পারেন । ধন্যবাদ
"আসসালামুআলাইকুম , আমার ভাইয়ের বয়স ৩০ বছর । ওর পায়ে ছোট ছোট ফোড়া হয়েছে , একটা ভালো হয় আবার আরেকটা হচ্ছে প্রায় ৪ / ৫ দিন ধরে । সঠিক পরামর্শ কামনা করছি । আরেকটা সমস্যা , ওর মুখে ঘাঁ হয় একজন চর্ম ও যৌন বিশেষজ্ঞ বিভাগীয় প্রধান তিনি ওরাডেক্সন ট্যাবলেট দিয়েছিলো । আগে ভালোই কাজ করতে এখন আর কাজ করতেছে না । করলেও সময় লাগতেছে অনেক । এখানেও সঠিকর পরামর্শ কামনা করছি । অগ্রিম ধন্যবাদ । ",পায়ে ছোট ছোট ফোড়া হয়েছে | ওর মুখে ঘাঁ হয়,,ওরাডেক্সন,চর্ম ও যৌন বিশেষজ্ঞ,৩০ বছর,,,চর্ম ও যৌন বিশেষজ্ঞ,চর্মরোগ বিশেষজ্ঞ,"আসসালামুআলাইকুম , আমার ভাইয়ের বয়স ৩০ বছর । ওর পায়ে ছোট ছোট ফোড়া হয়েছে , একটা ভালো হয় আবার আরেকটা হচ্ছে প্রায় ৪ / ৫ দিন ধরে । সঠিক পরামর্শ কামনা করছি । আরেকটা সমস্যা , ওর মুখে ঘাঁ হয় একজন চর্মরোগ বিশেষজ্ঞ বিভাগীয় প্রধান তিনি ওরাডেক্সন ট্যাবলেট দিয়েছিলো । আগে ভালোই কাজ করতে এখন আর কাজ করতেছে না । করলেও সময় লাগতেছে অনেক । এখানেও সঠিকর পরামর্শ কামনা করছি । অগ্রিম ধন্যবাদ ।"
"আপনাকে ধন্যবাদ প্রশ্ন করার জন্য । আপনার সমস্যাটি অনেকদিনের এবং এ সংক্রান্ত পরীক্ষা ছাড়া এ সমস্যার সঠিক সমাধান দেয়া সম্ভব নয় , আপনি একজন Neurologist এর সাথে সরাসরি পরামর্শ করুন । ধন্যবাদ । ",,,,Neurologist,,,,Neurologist,Neurosurgeon,"আপনাকে ধন্যবাদ প্রশ্ন করার জন্য । আপনার সমস্যাটি অনেকদিনের এবং এ সংক্রান্ত পরীক্ষা ছাড়া এ সমস্যার সঠিক সমাধান দেয়া সম্ভব নয় , আপনি একজন Neurosurgeon এর সাথে সরাসরি পরামর্শ করুন । ধন্যবাদ ।"
ডাক্তার ভাই কে প্রশ্ন করার জন্য ধন্যবাদ । একজন দাতের ডাক্তার দেখান । গরম পানি লবন দিয়ে গড়গড়া করেন । ধন্যবাদ । ,,,,দাতের ডাক্তার,,,,দাতের ডাক্তার,মুখ ও চোয়ালের সার্জন,ডাক্তার ভাই কে প্রশ্ন করার জন্য ধন্যবাদ । একজন মুখ ও চোয়ালের সার্জন দেখান । গরম পানি লবন দিয়ে গড়গড়া করেন । ধন্যবাদ ।
ডাক্তার ভাই কে প্রশ্ন করার জন্য ধন্যবাদ । । বাবুর বুক পরীক্ষা না করে চিকিৎসা দেয়া সম্ভব হচ্ছে না । । আপনি হাসপাতাল এ গিয়ে সরাসরি ডাক্তার এর সাথে যোগাযোগ করেন । । এবং একজন শিশু বিশেষজ্ঞ এর পরামর্শ নিবেন । । ধন্যবাদ । । ,,,,শিশু বিশেষজ্ঞ,,,,শিশু বিশেষজ্ঞ,শিশু হৃদরোগ বিশেষজ্ঞ,ডাক্তার ভাই কে প্রশ্ন করার জন্য ধন্যবাদ । । বাবুর বুক পরীক্ষা না করে চিকিৎসা দেয়া সম্ভব হচ্ছে না । । আপনি হাসপাতাল এ গিয়ে সরাসরি ডাক্তার এর সাথে যোগাযোগ করেন । । এবং একজন শিশু হৃদরোগ বিশেষজ্ঞ এর পরামর্শ নিবেন । । ধন্যবাদ । ।
ডাক্তার ভাই কে প্রশ্ন করার জন্য ধন্যবাদ আপনি Clofenac gel প্রতি বেলা আক্রান্ত স্হানে লাগাবেন । আপনি একজন Medicine specialist এর পরামর্শ নিতে পারেন । ধন্যবাদ,,,Clofenac gel,Medicine specialist,,,,Medicine specialist,General physician,ডাক্তার ভাই কে প্রশ্ন করার জন্য ধন্যবাদ আপনি Clofenac gel প্রতি বেলা আক্রান্ত স্হানে লাগাবেন । আপনি একজন General physician এর পরামর্শ নিতে পারেন । ধন্যবাদ
আপনাকে ধন্যবাদ প্রশ্ন করার জন্য । আপনি দ্রুত আপনার স্ত্রী কে একজন সার্জারি বিশেষজ্ঞ কে দেখান । উনার সম্ভবত ব্রেস্ট ইনফেকশন হয়েছে । চিকিৎসা না করালে বড় কোনো সমস্যা হতে পারে । ধন্যবাদ । ,,,,সার্জারি বিশেষজ্ঞ,,,,সার্জারি বিশেষজ্ঞ,জেনারেল সার্জারি বিশেষজ্ঞ,আপনাকে ধন্যবাদ প্রশ্ন করার জন্য । আপনি দ্রুত আপনার স্ত্রী কে একজন জেনারেল সার্জারি বিশেষজ্ঞ কে দেখান । উনার সম্ভবত ব্রেস্ট ইনফেকশন হয়েছে । চিকিৎসা না করালে বড় কোনো সমস্যা হতে পারে । ধন্যবাদ ।
আপনাকে ধন্যবাদ প্রশ্ন করার জন্য । আপনার ডায়াবেটিস নিয়ন্ত্রণে নাই । ঔষধ পরিবর্তন বা ডোজ বাড়াতে হবে । নিয়মিত ব্যায়াম করুন । আপনার অন্যান্য সমস্যা ডায়াবেটিস থেকে হতে পারে । ভিটামিন খেয়ে এই সমস্যার সমাধান হবে না । একজন মেডিসিন বিশেষজ্ঞ ডাক্তার কে দেখিয়ে নিন । ধন্যবাদ । ,,,,মেডিসিন বিশেষজ্ঞ ডাক্তার,,,,মেডিসিন বিশেষজ্ঞ ডাক্তার,এন্ডোক্রাইনোলজি বিশেষজ্ঞ ডাক্তার,আপনাকে ধন্যবাদ প্রশ্ন করার জন্য । আপনার ডায়াবেটিস নিয়ন্ত্রণে নাই । ঔষধ পরিবর্তন বা ডোজ বাড়াতে হবে । নিয়মিত ব্যায়াম করুন । আপনার অন্যান্য সমস্যা ডায়াবেটিস থেকে হতে পারে । ভিটামিন খেয়ে এই সমস্যার সমাধান হবে না । একজন এন্ডোক্রাইনোলজি বিশেষজ্ঞ ডাক্তার কে দেখিয়ে নিন । ধন্যবাদ ।
ধন্যবাদ আপনাকে প্রশ্নের জন্য । সরাসরি স্কিন ডাক্তার দেখিয়ে পরামর্শ নিন । । না দেখে ওষুধ দেয়া যাবেনা । ধন্যবাদ,,,,স্কিন ডাক্তার,,,,স্কিন ডাক্তার,চর্মরোগ বিশেষজ্ঞ,ধন্যবাদ আপনাকে প্রশ্নের জন্য । সরাসরি চর্মরোগ বিশেষজ্ঞ দেখিয়ে পরামর্শ নিন । । না দেখে ওষুধ দেয়া যাবেনা । ধন্যবাদ
"গ্রাহক , আপনার প্রশ্নের জন্য ধন্যবাদ , গ্রাহক , বাজারে ওজন কমানোর জন্য বিভিন্ন ধরণের ঔষধ পাওয়া যেতে পারে । তবে সেই ঔষধ গুলো কতখানি কার্যকর বা নিরাপদ তার কোন বৈজ্ঞানিক ভিত্তি নেই । যেকোনো ধরণের ঔষধ এর ই কিছু না কিছু পার্শ্ব প্রতিক্রিয়া থাকে । তাই ওজন কমানোর জন্য কোন ডাক্তারের পরামর্শ ছাড়া কোন ধরণের ঔষধ খাওয়া ঠিক নয় । শরীরের লম্বার সঙ্গে ওজনের একটা অনুপাত থাকে , এই অনুপাতকে ( BMI ) বডি মাস ইনডেক্স বলে . যেমন ধরুন আপনার উচ্চতা আর আপনার ওজনে যদি আপনার BMI 18 - 24 . 9 হয় তালে এটা নরমাল । 24 . 9 এর বেশি হলে , আপনাকে ওজন কমাতে হবে । ওজন কমানোর জন্য আপনি কতগুলো জিনিস করতে পারেন । যেমন আপনার মোট খাওয়ার পরিমান কমাতে হবে . ভাত , আলু , রুটি এবং মিষ্টি খাওয়ার পরিমান কমাতে হবে । প্রচুর পরিমানে পানি খেতে হবে । Protin জাতীয় খাবার শাকসব্জি , মুরগি এবং মাস খেতে হবে . প্রতিদিন নিয়মিত ব্যায়াম করতে হবে , এমন কিছু করুন যাতে আপনি আনন্দ পান . শুরুতে ২০ মিনিট করে তারপর ধীরে ধীরে সময় বাড়াতে হবে Iরাতে ৮ থেকে ৯ ঘন্টা ঘুমানো উচিত Iতৈলাক্ত এবং ভাজা খাবার খাবেন না , কোমল জাতীয় পানীয় পান করবেন না । পেট এর মেদ কমানোর জন্য green tea খুবি উপকারি । আপনি প্রতিদিন ৩ - ৪ কাপ green teaখেতে পারেন । বেশি করে লেবু , শশা , টক দই খাবেন । এতে করে পেট এর মেদ কমবে । পেট এর মেদ কমানোর জন্য কিছু aerobics exercise আছে । সেগুল নিয়মিত করবেন । ওজন কমানোর জন্য খাওয়া দাওয়ার ব্যাপারে একজন নিউট্রিশনিস্ট এর পরামর্শ নিতে পারেন এবং তার কাছ থেকে আপনি খাদ্য তালিকা নিতে পারেনI ওজন ধীরে ধীরে কমানো উচিত Iতাড়াতাড়ি ওজন কমানোর চেষ্টা করলে আপনি অসুস্থ হয়ে পড়তে পারেন । মনে হয় আপনাকে সাহায্য করতে পেরেছি ভালো থাকবেন । ",,,,নিউট্রিশনিস্ট,,,,নিউট্রিশনিস্ট,ডায়েটিশিয়ান,"গ্রাহক , আপনার প্রশ্নের জন্য ধন্যবাদ , গ্রাহক , বাজারে ওজন কমানোর জন্য বিভিন্ন ধরণের ঔষধ পাওয়া যেতে পারে । তবে সেই ঔষধ গুলো কতখানি কার্যকর বা নিরাপদ তার কোন বৈজ্ঞানিক ভিত্তি নেই । যেকোনো ধরণের ঔষধ এর ই কিছু না কিছু পার্শ্ব প্রতিক্রিয়া থাকে । তাই ওজন কমানোর জন্য কোন ডাক্তারের পরামর্শ ছাড়া কোন ধরণের ঔষধ খাওয়া ঠিক নয় । শরীরের লম্বার সঙ্গে ওজনের একটা অনুপাত থাকে , এই অনুপাতকে ( BMI ) বডি মাস ইনডেক্স বলে . যেমন ধরুন আপনার উচ্চতা আর আপনার ওজনে যদি আপনার BMI 18 - 24 . 9 হয় তালে এটা নরমাল । 24 . 9 এর বেশি হলে , আপনাকে ওজন কমাতে হবে । ওজন কমানোর জন্য আপনি কতগুলো জিনিস করতে পারেন । যেমন আপনার মোট খাওয়ার পরিমান কমাতে হবে . ভাত , আলু , রুটি এবং মিষ্টি খাওয়ার পরিমান কমাতে হবে । প্রচুর পরিমানে পানি খেতে হবে । Protin জাতীয় খাবার শাকসব্জি , মুরগি এবং মাস খেতে হবে . প্রতিদিন নিয়মিত ব্যায়াম করতে হবে , এমন কিছু করুন যাতে আপনি আনন্দ পান . শুরুতে ২০ মিনিট করে তারপর ধীরে ধীরে সময় বাড়াতে হবে Iরাতে ৮ থেকে ৯ ঘন্টা ঘুমানো উচিত Iতৈলাক্ত এবং ভাজা খাবার খাবেন না , কোমল জাতীয় পানীয় পান করবেন না । পেট এর মেদ কমানোর জন্য green tea খুবি উপকারি । আপনি প্রতিদিন ৩ - ৪ কাপ green teaখেতে পারেন । বেশি করে লেবু , শশা , টক দই খাবেন । এতে করে পেট এর মেদ কমবে । পেট এর মেদ কমানোর জন্য কিছু aerobics exercise আছে । সেগুল নিয়মিত করবেন । ওজন কমানোর জন্য খাওয়া দাওয়ার ব্যাপারে একজন ডায়েটিশিয়ান এর পরামর্শ নিতে পারেন এবং তার কাছ থেকে আপনি খাদ্য তালিকা নিতে পারেনI ওজন ধীরে ধীরে কমানো উচিত Iতাড়াতাড়ি ওজন কমানোর চেষ্টা করলে আপনি অসুস্থ হয়ে পড়তে পারেন । মনে হয় আপনাকে সাহায্য করতে পেরেছি ভালো থাকবেন ।"
আপনাকে ধন্যবাদ প্রশ্ন করার জন্য । চোখে ঠান্ডা পানির সেক দিন । ভাল না হলে চোখের ডাক্তার কে দেখিয়ে নিন । ধন্যবাদ । ,,,,চোখের ডাক্তার,,,,চোখের ডাক্তার,চক্ষু বিশেষজ্ঞ,আপনাকে ধন্যবাদ প্রশ্ন করার জন্য । চোখে ঠান্ডা পানির সেক দিন । ভাল না হলে চক্ষু বিশেষজ্ঞ কে দেখিয়ে নিন । ধন্যবাদ ।
ডাক্তার ভাইকে প্রশ্ন করার জন্য ধন্যবাদ । শুধুমাত্র ডায়বেটিস এর কারনে এমন ব্লিডিং হওয়ার কথা না । আপনার কোন গাইনীকোলজিকাল সমস্যা আছে কিনা তা নির্নয় করা জুরুরি । আপনি একজন গাইনোলজিস্ট ডাক্তার এর শরণাপন্ন হন । যাবতীয় পরীক্ষা নিরিক্ষার মাধ্যমে সঠিক রোগ নির্নয় করে চিকিৎসা গ্রহণ করুন । ধন্যবাদ । ,,ডায়বেটিস,,গাইনোলজিস্ট ডাক্তার,,,,গাইনোলজিস্ট ডাক্তার,স্ত্রীরোগ বিশেষজ্ঞ ডাক্তার,ডাক্তার ভাইকে প্রশ্ন করার জন্য ধন্যবাদ । শুধুমাত্র ডায়বেটিস এর কারনে এমন ব্লিডিং হওয়ার কথা না । আপনার কোন গাইনীকোলজিকাল সমস্যা আছে কিনা তা নির্নয় করা জুরুরি । আপনি একজন স্ত্রীরোগ বিশেষজ্ঞ ডাক্তার এর শরণাপন্ন হন । যাবতীয় পরীক্ষা নিরিক্ষার মাধ্যমে সঠিক রোগ নির্নয় করে চিকিৎসা গ্রহণ করুন । ধন্যবাদ ।
ডাক্তার ভাইকে প্রশ্ন করার জন্য ধন্যবাদ । এই ক্ষেত্রে আপনি অবশ্যই একজন গাইনি বিশেষজ্ঞের পরামর্শ নিয়ে সঠিক এন্টিবায়োটিক সেবন করাবেন । ধন্যবাদ,,,এন্টিবায়োটিক,গাইনি বিশেষজ্ঞের,,,,গাইনি বিশেষজ্ঞের,স্ত্রীরোগ বিশেষজ্ঞের,ডাক্তার ভাইকে প্রশ্ন করার জন্য ধন্যবাদ । এই ক্ষেত্রে আপনি অবশ্যই একজন স্ত্রীরোগ বিশেষজ্ঞের পরামর্শ নিয়ে সঠিক এন্টিবায়োটিক সেবন করাবেন । ধন্যবাদ
"ডাক্তার ভাই কে প্রশ্ন করার জন্য ধন্যবাদ । , এটা দেখতে হবে । চর্ম ডাক্তার এর পরামর্শ নিন । ধন্যবাদ । ",,,,চর্ম ডাক্তার,,,,চর্ম ডাক্তার,অ্যালার্জি বিশেষজ্ঞ,"ডাক্তার ভাই কে প্রশ্ন করার জন্য ধন্যবাদ । , এটা দেখতে হবে । অ্যালার্জি বিশেষজ্ঞ এর পরামর্শ নিন । ধন্যবাদ ।"
আপনাকে ধন্যবাদ প্রশ্ন করার জন্য । আপনি ব্যাথার জন্য প্যারাসিটামল ৫০০ মিলিগ্রাম কগেতে পারেন । ট্যাবলেট সিভিট একটা করে দুই বার খান । মাউথ ওয়াস ব্যবহার করুন । একজন ডেন্টিস্ট জে দেখিয়ে নিন । ধন্যবাদ । ,,,প্যারাসিটামল ৫০০ মিলিগ্রাম | ট্যাবলেট সিভিট | মাউথ ওয়াস,ডেন্টিস্ট,,একটা করে দুই বার,,ডেন্টিস্ট,ওরাল সার্জন,আপনাকে ধন্যবাদ প্রশ্ন করার জন্য । আপনি ব্যাথার জন্য প্যারাসিটামল ৫০০ মিলিগ্রাম কগেতে পারেন । ট্যাবলেট সিভিট একটা করে দুই বার খান । মাউথ ওয়াস ব্যবহার করুন । একজন ওরাল সার্জন জে দেখিয়ে নিন । ধন্যবাদ ।
"আপনাকে ধন্যবাদ প্রশ্ন করার জন্য । রক্তের গ্লুকোজের মাত্রা পরীক্ষা করুন এবং FT3 , FT4 , TSH পরীক্ষা গুলো করান , একজন এন্ডোক্রাইনোলজিস্ট এর পরামর্শ নিন । ধন্যবাদ । ",,,,এন্ডোক্রাইনোলজিস্ট,,,রক্তের গ্লুকোজের মাত্রা পরীক্ষা | FT3 | FT4 | TSH পরীক্ষা,এন্ডোক্রাইনোলজিস্ট,ডায়াবেটোলজিস্ট,"আপনাকে ধন্যবাদ প্রশ্ন করার জন্য । রক্তের গ্লুকোজের মাত্রা পরীক্ষা করুন এবং FT3 , FT4 , TSH পরীক্ষা গুলো করান , একজন ডায়াবেটোলজিস্ট এর পরামর্শ নিন । ধন্যবাদ ।"
আপনাকে ধন্যবাদ প্রশ্ন করার জন্য । আপনার মায়ের সমস্যা প্রাথমিক চিকিৎসা তে ভাল হবে বা । রোগ ধরে চিকিৎসা করতে হবে । একজন মেডিসিন বিশেষজ্ঞ দেখান । ধন্যবাদ । ,,,,মেডিসিন বিশেষজ্ঞ,,,,মেডিসিন বিশেষজ্ঞ,অভ্যন্তরীণ রোগ বিশেষজ্ঞ,আপনাকে ধন্যবাদ প্রশ্ন করার জন্য । আপনার মায়ের সমস্যা প্রাথমিক চিকিৎসা তে ভাল হবে বা । রোগ ধরে চিকিৎসা করতে হবে । একজন অভ্যন্তরীণ রোগ বিশেষজ্ঞ দেখান । ধন্যবাদ ।
Thank you for your question . I already answered your query in your previous message . Your problem will not solve in primary treatment . you need to visit a ortho paedic specialist . Thank you . ,,,,ortho paedic specialist,,,,ortho paedic specialist,rheumatologist,Thank you for your question . I already answered your query in your previous message . Your problem will not solve in primary treatment . you need to visit a rheumatologist . Thank you .
Thank you for your question . Tab . Monas5mg by chewing once a day for dry cough . If other symptoms arise please consult with a pediatrician . Thank you,,,Tab . Monas5mg,pediatrician,,once a day,,pediatrician,pulmonologist,Thank you for your question . Tab . Monas5mg by chewing once a day for dry cough . If other symptoms arise please consult with a pulmonologist . Thank you
আপনাকে ধন্যবাদ প্রশ্ন করার জন্য । একজন Neurologist এর সাথে যোগাযোগ করুন । ধন্যবাদ । ,,,,Neurologist,,,,Neurologist,Neurosurgeon,আপনাকে ধন্যবাদ প্রশ্ন করার জন্য । একজন Neurosurgeon এর সাথে যোগাযোগ করুন । ধন্যবাদ ।
"প্রস্রাব করার পরও ৮ / ১০ মিনিট ধরে ঢিলা নিলেও অনেক সময় মনে হয় প্রস্রাব পরে এবং তা অনেকাংশে বেশিই হয় । আগে ইউরোলজিস্ট দেখাইসিলাম । কমেছিলো , এখন আবার বেড়ে গেছে । বয়স - ৩০ মেডিসিন , ওসারটিল ৫০ খাচ্ছি ৫ বছর । পরিবারের প্রায় সবারই প্রেসার আছে । ",প্রস্রাব করার পরও ৮ / ১০ মিনিট ধরে ঢিলা নিলেও অনেক সময় মনে হয় প্রস্রাব পরে,প্রেসার,ওসারটিল ৫০,ইউরোলজিস্ট,৩০,,,ইউরোলজিস্ট,নেফ্রোলজিস্ট,"প্রস্রাব করার পরও ৮ / ১০ মিনিট ধরে ঢিলা নিলেও অনেক সময় মনে হয় প্রস্রাব পরে এবং তা অনেকাংশে বেশিই হয় । আগে নেফ্রোলজিস্ট দেখাইসিলাম । কমেছিলো , এখন আবার বেড়ে গেছে । বয়স - ৩০ মেডিসিন , ওসারটিল ৫০ খাচ্ছি ৫ বছর । পরিবারের প্রায় সবারই প্রেসার আছে ।"
ডাক্তার ভাই কে প্রশ্ন করার জন্য ধন্যবাদ । পরিবারের আর কারও আছে কিনা খোঁজ নিন । বংশগতি বা জেনেটিক্স এর জন্য এমন হতে পারে । এই অবস্হায় ডাক্তারকে সরাসরি দেখিয়ে পরামর্শ নিন । একজন Pediatricianএর সাথে যোগাযোগ করতে পারেন । ধন্যবাদ । ,,,,Pediatricianএর,,,,Pediatricianএর,শিশু বিশেষজ্ঞের,ডাক্তার ভাই কে প্রশ্ন করার জন্য ধন্যবাদ । পরিবারের আর কারও আছে কিনা খোঁজ নিন । বংশগতি বা জেনেটিক্স এর জন্য এমন হতে পারে । এই অবস্হায় ডাক্তারকে সরাসরি দেখিয়ে পরামর্শ নিন । একজন শিশু বিশেষজ্ঞের সাথে যোগাযোগ করতে পারেন । ধন্যবাদ ।
ডাক্তার ভাইতে প্রশ্ন করার জন্যে আপনাকে ধন্যবাদ । একজন মেডিসিন বিশেষজ্ঞ চিকিৎসক এর পরামর্শ নিবেন । ,,,,মেডিসিন বিশেষজ্ঞ,,,,মেডিসিন বিশেষজ্ঞ,সংক্রামক রোগ বিশেষজ্ঞ,ডাক্তার ভাইতে প্রশ্ন করার জন্যে আপনাকে ধন্যবাদ । একজন সংক্রামক রোগ বিশেষজ্ঞ চিকিৎসক এর পরামর্শ নিবেন ।
আপনাকে ধন্যবাদ প্রশ্ন করার জন্য । আপনি এইবার একজন গাইনি চিকিৎসকের পরামর্শ নিন । ধন্যবাদ,,,,গাইনি চিকিৎসকের,,,,গাইনি চিকিৎসকের,প্রসূতি চিকিৎসকের,আপনাকে ধন্যবাদ প্রশ্ন করার জন্য । আপনি এইবার একজন প্রসূতি চিকিৎসকের পরামর্শ নিন । ধন্যবাদ
Thanks for asking question . Pls consult with a colorectal surgeon for laser treatment . ,,,,colorectal surgeon,,,,colorectal surgeon,proctologist,Thanks for asking question . Pls consult with a proctologist for laser treatment .
আপনাকে ধন্যবাদ প্রশ্ন করার জন্য । আপনি থাইরয়েড এর পরিক্ষা করুন । মেডিসিন ডাক্তারের পরামর্ষ নিন । ধন্যবাদ,,,,মেডিসিন ডাক্তারের,,,থাইরয়েড এর পরিক্ষা,মেডিসিন ডাক্তারের,এন্ডোক্রাইনোলজিস্টের,আপনাকে ধন্যবাদ প্রশ্ন করার জন্য । আপনি থাইরয়েড এর পরিক্ষা করুন । এন্ডোক্রাইনোলজিস্টের পরামর্ষ নিন । ধন্যবাদ
আপনাকে ধন্যবাদ প্রশ্ন করার জন্য । আপনি বাচ্চাকে সিরাপ প্যারাসিটামল খাওয়াতে পারেন । একচামচ করে দিনে দুই তিনবার । কুসুম গরম পানি দিয়ে শরীর মুছে দিবেন । জ্বর তিন দিনের বেশি হলে একজন শিশু ডাক্তারের পরামর্শ নিন । ধন্যবাদ,,,সিরাপ প্যারাসিটামল,শিশু ডাক্তারের,,একচামচ | দিনে দুই তিনবার,,শিশু ডাক্তারের,শিশু রোগ বিশেষজ্ঞের,আপনাকে ধন্যবাদ প্রশ্ন করার জন্য । আপনি বাচ্চাকে সিরাপ প্যারাসিটামল খাওয়াতে পারেন । একচামচ করে দিনে দুই তিনবার । কুসুম গরম পানি দিয়ে শরীর মুছে দিবেন । জ্বর তিন দিনের বেশি হলে একজন শিশু রোগ বিশেষজ্ঞের পরামর্শ নিন । ধন্যবাদ
আপনাকে ধন্যবাদ প্রশ্ন করার জন্য । আপনি ডোজ কমিয়ে দেখতে পারেন । এরপরে আপনার ডায়াবেটিস এর মাত্রা দেখতে হবে । একজন ডায়াবেটিস ডাক্তারকে দেখিয়ে নিন । ধন্যবাদ,,ডায়াবেটিস,,ডায়াবেটিস ডাক্তারকে,,,,ডায়াবেটিস ডাক্তারকে,এন্ডোক্রাইনোলজিস্টকে,আপনাকে ধন্যবাদ প্রশ্ন করার জন্য । আপনি ডোজ কমিয়ে দেখতে পারেন । এরপরে আপনার ডায়াবেটিস এর মাত্রা দেখতে হবে । একজন এন্ডোক্রাইনোলজিস্টকে দেখিয়ে নিন । ধন্যবাদ
ডাক্তার ভাই কে প্রশ্ন করার জন্য ধন্যবাদ । এটা ছত্রাক বা ব্যাকটেরিয়া র জন্য হতে পারে । গায়নি ডাক্তার র পরামর্শ নিন । ধন্যবাদ । ,,,,গায়নি ডাক্তার,,,,গায়নি ডাক্তার,প্রসূতি বিশেষজ্ঞ,ডাক্তার ভাই কে প্রশ্ন করার জন্য ধন্যবাদ । এটা ছত্রাক বা ব্যাকটেরিয়া র জন্য হতে পারে । প্রসূতি বিশেষজ্ঞ র পরামর্শ নিন । ধন্যবাদ ।
ধন্যবাদ আপনাকে প্রশ্নের জন্য । আপনার মাথার চামড়ায় কোন ব্যাকটেরিয়া বা ফাংগাল ইনফেকশন আছে কিনা তা না দেখে ওষুধ দেয়া যাবেনা । সরাসরি একজন চর্ম বিশেষজ্ঞ দেখান । ধন্যবাদ,,,,চর্ম বিশেষজ্ঞ,,,,চর্ম বিশেষজ্ঞ,সংক্রামক রোগ বিশেষজ্ঞ,ধন্যবাদ আপনাকে প্রশ্নের জন্য । আপনার মাথার চামড়ায় কোন ব্যাকটেরিয়া বা ফাংগাল ইনফেকশন আছে কিনা তা না দেখে ওষুধ দেয়া যাবেনা । সরাসরি একজন সংক্রামক রোগ বিশেষজ্ঞ দেখান । ধন্যবাদ
আপনাকে ধন্যবাদ প্রশ্ন করার জন্য । আপনি ট্যাবলেট এলাট্রল ১০ মিলিগ্রাম রাতে একটা করে খেতে পারেন । ভাল না হলে একজন মেডিসিন বিশেষজ্ঞ কে দেখাতে পারেন । ধন্যবাদ । ,,,এলাট্রল ১০ মিলিগ্রাম,মেডিসিন বিশেষজ্ঞ,,একটা,,মেডিসিন বিশেষজ্ঞ,জেনারেল ফিজিশিয়ান,আপনাকে ধন্যবাদ প্রশ্ন করার জন্য । আপনি ট্যাবলেট এলাট্রল ১০ মিলিগ্রাম রাতে একটা করে খেতে পারেন । ভাল না হলে একজন জেনারেল ফিজিশিয়ান কে দেখাতে পারেন । ধন্যবাদ ।
Yes some treatment can be help to grow your hair again . U have to consult with a dermatologist . ,,,,dermatologist,,,,dermatologist,trichologist,Yes some treatment can be help to grow your hair again . U have to consult with a trichologist .
ডাক্তার ভাই কে প্রশ্ন করার জন্য ধন্যবাদ রাতে ১ টা করে Tab Bextram Silver খাওয়াতে পারেন । আপনি একজন Medicine specialist এর পরামর্শ নিতে পারেন । ধন্যবাদ,,,Tab Bextram Silver,Medicine specialist,,রাতে ১ টা,,Medicine specialist,Family medicine specialist,ডাক্তার ভাই কে প্রশ্ন করার জন্য ধন্যবাদ রাতে ১ টা করে Tab Bextram Silver খাওয়াতে পারেন । আপনি একজন Family medicine specialist এর পরামর্শ নিতে পারেন । ধন্যবাদ
"ডাক্তার ভাইকে প্রশ্ন করার জন্য ধন্যবাদ । আপনি অতি দ্রুত একজন অভিজ্ঞ গাইনি বিশেষজ্ঞের পরামর্শ নিন , দেরি করবেন না । ধন্যবাদ",,,,গাইনি বিশেষজ্ঞের,,,,গাইনি বিশেষজ্ঞের,প্রসূতি বিশেষজ্ঞের,"ডাক্তার ভাইকে প্রশ্ন করার জন্য ধন্যবাদ । আপনি অতি দ্রুত একজন অভিজ্ঞ প্রসূতি বিশেষজ্ঞের পরামর্শ নিন , দেরি করবেন না । ধন্যবাদ"
Thanks for your question to daktar bhai . I think you can take . But the effects of vaccine can come low . But for better consultation you should talk to a cancer specialist before giving vaccine . Thanks,,,vaccine | vaccine,cancer specialist,,,,cancer specialist,oncologist,Thanks for your question to daktar bhai . I think you can take . But the effects of vaccine can come low . But for better consultation you should talk to an oncologist before giving vaccine . Thanks
আপনাকে ধন্যবাদ প্রশ্ন করার জন্য । আপনি নিয়মিত ব্যালেন্স ডায়েট খান । ঠিকমত ঘুমান । দুশ্চিন্তা করবেন না । নিয়মিত ব্যায়াম করুন । কোনো রোগ থাকলে একজন মেডিসিন ডাক্তার কে দেখিয়ে নিতে পারেন । ধন্যবাদ । ,,,,মেডিসিন ডাক্তার,,,,মেডিসিন ডাক্তার,পারিবারিক চিকিৎসক,আপনাকে ধন্যবাদ প্রশ্ন করার জন্য । আপনি নিয়মিত ব্যালেন্স ডায়েট খান । ঠিকমত ঘুমান । দুশ্চিন্তা করবেন না । নিয়মিত ব্যায়াম করুন । কোনো রোগ থাকলে একজন পারিবারিক চিকিৎসক কে দেখিয়ে নিতে পারেন । ধন্যবাদ ।
Thanks for your question . consult with oncologist via this app through video conference . thanks,,,,oncologist,,,,oncologist,radiation oncologist,Thanks for your question . consult with radiation oncologist via this app through video conference . thanks
Thanks for your question . Consult with a neurologist . Thanks,,,,neurologist,,,,neurologist,neurosurgeon,Thanks for your question . Consult with a neurosurgeon . Thanks
ডাক্তার ভাইতে প্রশ্ন করার জন্যে আপনাকে ধন্যবাদ । আপনি একজন স্কিন স্পেশালিষ্ট এর পরামর্শ নিন । ,,,,স্কিন স্পেশালিষ্ট,,,,স্কিন স্পেশালিষ্ট,অ্যালার্জি বিশেষজ্ঞ,ডাক্তার ভাইতে প্রশ্ন করার জন্যে আপনাকে ধন্যবাদ । আপনি একজন অ্যালার্জি বিশেষজ্ঞ এর পরামর্শ নিন ।
Thank you for asking question to Daktarbhai . Consult a gynaecologist physically . Thanks . ,,,,gynaecologist,,,,gynaecologist,obstetrician,Thank you for asking question to Daktarbhai . Consult an obstetrician physically . Thanks .
ডাক্তার ভাই কে প্রশ্ন করার জন্য ধন্যবাদ । একজন মেডিসিন বিশেষজ্ঞ দেখান । পরিক্ষা করা দরকার । ধন্যবাদ । ,,,,মেডিসিন বিশেষজ্ঞ,,,,মেডিসিন বিশেষজ্ঞ,পারিবারিক চিকিৎসা বিশেষজ্ঞ,ডাক্তার ভাই কে প্রশ্ন করার জন্য ধন্যবাদ । একজন পারিবারিক চিকিৎসা বিশেষজ্ঞ দেখান । পরিক্ষা করা দরকার । ধন্যবাদ ।
ডাক্তার ভাই কে প্রশ্ন করার জন্য ধন্যবাদ Flacol Pediatric Drop ৬ ফোটা করে টাদিনে ২ বার ৭ দিন Motigut Pediatric drop ৮ ফোটা করে ৩ বেলা খাওয়ার আগে সরাসরি একজন Pediatricianএর সাথে যোগাযোগ করতে পারেন ধন্যবাদ । ,,,Flacol Pediatric Drop | Motigut Pediatric drop,Pediatricianএর,,৬ ফোটা করে টাদিনে ২ বার | ৮ ফোটা করে ৩ বেলা,,Pediatricianএর,Pediatric Gastroenterologist,ডাক্তার ভাই কে প্রশ্ন করার জন্য ধন্যবাদ Flacol Pediatric Drop ৬ ফোটা করে টাদিনে ২ বার ৭ দিন Motigut Pediatric drop ৮ ফোটা করে ৩ বেলা খাওয়ার আগে সরাসরি একজন Pediatric Gastroenterologistএর সাথে যোগাযোগ করতে পারেন ধন্যবাদ ।
"Thanks for your question to daktar Bhai . Please do kidney function test . If it is ok you can restrict protein in diet . Please limit meat , fish etc . Please visit a dietician . Thanks",,,,dietician,,,kidney function test,dietician,nephrologist,"Thanks for your question to daktar Bhai . Please do kidney function test . If it is ok you can restrict protein in diet . Please limit meat , fish etc . Please visit a nephrologist . Thanks"
"ডাক্তার ভাই কে প্রশ্ন করার জন্য ধন্যবাদ ভিটামিন মিনারেলস এর অভাবে অথবা ডায়াবেটিকস এর জন্য এমন হতে পারেএই অবস্হায় সরাসরি না দেখে এবং পরীক্ষা না করে ঔষধ দেওয়া ঠিক হবেনা , এতে সমস্যা আরও বাড়তে পারে আপনি একজন Medicine specialist এর পরামর্শ নিন ধন্যবাদ",,ডায়াবেটিকস,ভিটামিন | মিনারেলস,Medicine specialist,,,পরীক্ষা,Medicine specialist,Endocrinologist,"ডাক্তার ভাই কে প্রশ্ন করার জন্য ধন্যবাদ ভিটামিন মিনারেলস এর অভাবে অথবা ডায়াবেটিকস এর জন্য এমন হতে পারেএই অবস্হায় সরাসরি না দেখে এবং পরীক্ষা না করে ঔষধ দেওয়া ঠিক হবেনা , এতে সমস্যা আরও বাড়তে পারে আপনি একজন Endocrinologist এর পরামর্শ নিন ধন্যবাদ"
আপনাকে ধন্যবাদ প্রশ্ন করার জন্য । আপনি ব্যাথার জন্য প্যারাসিটামল খেতে পারেন ১টা বা ২ টা । গরম পানির সেক দিবেন । এক্স রে করান । একজন অর্থোপেডিক্স ডাক্তারের পরামর্শ নিন । ধন্যবাদ,,,প্যারাসিটামল,অর্থোপেডিক্স ডাক্তারের,,,এক্স রে,অর্থোপেডিক্স ডাক্তারের,রিউমাটোলজি ডাক্তারের,আপনাকে ধন্যবাদ প্রশ্ন করার জন্য । আপনি ব্যাথার জন্য প্যারাসিটামল খেতে পারেন ১টা বা ২ টা । গরম পানির সেক দিবেন । এক্স রে করান । একজন রিউমাটোলজি ডাক্তারের পরামর্শ নিন । ধন্যবাদ
Thank you for your question . You can take paracetamol for pain . Apply cold water over the pain area . If pain persist attend an emergency room or an Orthopaedic surgeon . Thank you . ,pain,,paracetamol,Orthopaedic surgeon,,,,Orthopaedic surgeon,Emergency medicine specialist,Thank you for your question . You can take paracetamol for pain . Apply cold water over the pain area . If pain persist attend an emergency room or an Emergency medicine specialist . Thank you .
"আপনাকে ধন্যবাদ প্রশ্ন করার জন্য । না দেখে সমস্যাটি সম্পর্কে সঠিক ধারনা পাওয়া যাচ্ছে না , আপনি একজন চর্মরোগ বিশেষজ্ঞের সাথে সরাসরি পরামর্শ করুন । ধন্যবাদ । ",,,,চর্মরোগ বিশেষজ্ঞের,,,,চর্মরোগ বিশেষজ্ঞের,অ্যালার্জি বিশেষজ্ঞের,"আপনাকে ধন্যবাদ প্রশ্ন করার জন্য । না দেখে সমস্যাটি সম্পর্কে সঠিক ধারনা পাওয়া যাচ্ছে না , আপনি একজন অ্যালার্জি বিশেষজ্ঞের সাথে সরাসরি পরামর্শ করুন । ধন্যবাদ ।"
"Thanks for your question to Daktar bhai . She has to move a lot , has to do exercise while in bed . she can use a hardboard below her waist . Consult with a diabetic specialist . Thanks",,,,diabetic specialist,,,,diabetic specialist,endocrinologist,"Thanks for your question to Daktar bhai . She has to move a lot , has to do exercise while in bed . she can use a hardboard below her waist . Consult with an endocrinologist . Thanks"
প্রশ্ন করার জন্য ধন্যবাদ । আপনার বাচ্চার কান পরীক্ষা করে দেখতে হবে যে কানে কোন ইনফেকশন আছে কিনা তাই আপনি একজন নাক কান গলা বিশেষজ্ঞ ডাক্তারের কাছে আপনার বাচ্চাকে দেখান এবং তার পরামর্শ অনুযায়ী চিকিৎসা নেন । ধন্যবাদ । ,,,,নাক কান গলা বিশেষজ্ঞ,,,কান পরীক্ষা,নাক কান গলা বিশেষজ্ঞ,শিশুরোগ বিশেষজ্ঞ,প্রশ্ন করার জন্য ধন্যবাদ । আপনার বাচ্চার কান পরীক্ষা করে দেখতে হবে যে কানে কোন ইনফেকশন আছে কিনা তাই আপনি একজন শিশুরোগ বিশেষজ্ঞ ডাক্তারের কাছে আপনার বাচ্চাকে দেখান এবং তার পরামর্শ অনুযায়ী চিকিৎসা নেন । ধন্যবাদ ।
"ধন্যবাদ আপনার প্রশ্নের জন্য । ইনফেকশন থাকতে পারে , টেস্ট করে নিশ্চিত হতে হবে । সরাসরি দন্তবিশেষজ্ঞ দেখিয়ে পরামর্শ নিতে হবে । এর আগ পর্যন্ত আপনি সিভিট খান । ধন্যবাদ",,ইনফেকশন,সিভিট,দন্তবিশেষজ্ঞ,,,,দন্তবিশেষজ্ঞ,মুখ ও চোয়াল শল্যবিশেষজ্ঞ,"ধন্যবাদ আপনার প্রশ্নের জন্য । ইনফেকশন থাকতে পারে , টেস্ট করে নিশ্চিত হতে হবে । সরাসরি মুখ ও চোয়াল শল্যবিশেষজ্ঞ দেখিয়ে পরামর্শ নিতে হবে । এর আগ পর্যন্ত আপনি সিভিট খান । ধন্যবাদ"
আপনাকে ধন্যবাদ প্রশ্ন করার জন্য । আপনার সমস্যাটি না দেখে ঠিকমত বোঝা যাচ্ছে না । আপনার কথা শুনে মনে হচ্ছে মামস হয়েছে অথবা আপনার কোনো লিমফ গ্লান্ড ফুলে গেছে । এর প্রতিকার না দেখে চিকিৎসা দেয়া যাবে না । আপনি একজন মেডিসিন বিশেষজ্ঞ কে দেখান । প্রাথমিকভাবে গরম পানি খেতে পাতেন । ব্যাথার জন্য প্যারাসিটামল ৫০০ মিলিগ্রাম একটা করে খেতে পারেন । ধন্যবাদ । ,,মামস | লিমফ গ্লান্ড ফুলে গেছে,প্যারাসিটামল ৫০০ মিলিগ্রাম,মেডিসিন বিশেষজ্ঞ,,একটা করে,,মেডিসিন বিশেষজ্ঞ,নাক-কান-গলা বিশেষজ্ঞ,আপনাকে ধন্যবাদ প্রশ্ন করার জন্য । আপনার সমস্যাটি না দেখে ঠিকমত বোঝা যাচ্ছে না । আপনার কথা শুনে মনে হচ্ছে মামস হয়েছে অথবা আপনার কোনো লিমফ গ্লান্ড ফুলে গেছে । এর প্রতিকার না দেখে চিকিৎসা দেয়া যাবে না । আপনি একজন নাক-কান-গলা বিশেষজ্ঞ কে দেখান । প্রাথমিকভাবে গরম পানি খেতে পাতেন । ব্যাথার জন্য প্যারাসিটামল ৫০০ মিলিগ্রাম একটা করে খেতে পারেন । ধন্যবাদ ।
"আপনাকে ধন্যবাদ প্রশ্ন করার জন্য । আপনি শরীরে ইউরিক এসিড বেশি করে এমন খাবার খাবেন না যেমন বাধা কপি , মূলা , গরু খাশির মাংস , ডাল ইত্যাদি । ওজন নিয়ন্ত্রণে রাখুন । একজন ফিজিক্যাল মেডিসিন বিশেষজ্ঞ কে দেখান । ধন্যবাদ",,,,ফিজিক্যাল মেডিসিন বিশেষজ্ঞ,,,,ফিজিক্যাল মেডিসিন বিশেষজ্ঞ,রিউমাটোলজি বিশেষজ্ঞ,"আপনাকে ধন্যবাদ প্রশ্ন করার জন্য । আপনি শরীরে ইউরিক এসিড বেশি করে এমন খাবার খাবেন না যেমন বাধা কপি , মূলা , গরু খাশির মাংস , ডাল ইত্যাদি । ওজন নিয়ন্ত্রণে রাখুন । একজন রিউমাটোলজি বিশেষজ্ঞ কে দেখান । ধন্যবাদ"
ডাক্তার ভাই কে প্রশ্ন করার জন্য ধন্যবাদ আপনি প্রতি রাতে ১ টা করে Tab Rivotril 0 . 5 mg খাবেন । আপনি একজন Medicine specialist এর পরামর্শ নিতে পারেন । ধন্যবাদ,,,Tab Rivotril 0 . 5 mg,Medicine specialist,,প্রতি রাতে ১ টা করে,,Medicine specialist,Neurology specialist,ডাক্তার ভাই কে প্রশ্ন করার জন্য ধন্যবাদ আপনি প্রতি রাতে ১ টা করে Tab Rivotril 0 . 5 mg খাবেন । আপনি একজন Neurology specialist এর পরামর্শ নিতে পারেন । ধন্যবাদ
ডাক্তার ভাই কে প্রশ্ন করার জন্য ধন্যবাদ । urine r / e করে শিশু ডাক্তার এর পরামর্শ নিন । ধন্যবাদ । ,,,,শিশু ডাক্তার,,,urine r / e,শিশু ডাক্তার,শিশু বিশেষজ্ঞ,ডাক্তার ভাই কে প্রশ্ন করার জন্য ধন্যবাদ । urine r / e করে শিশু বিশেষজ্ঞ এর পরামর্শ নিন । ধন্যবাদ ।
আপনাকে ধন্যবাদ প্রশ্ন করার জন্য । আপনার সমস্যা গুরুতর । সম্ভবত আপনার অস্টিওআর্থাইটিস এবং সাইটিকা সমস্যা হচ্ছে । আপনি একজন অর্থোপেডিক বিশেষজ্ঞ কে অথবা ফিজিক্যাল মেডিসিন বিশেষজ্ঞ কে দেখান । আপাতত গরম পানির সেঁক দিন আধা ঘন্টা করে দিনে দুইবার । ওজন কমান । ধন্যবাদ । ,,অস্টিওআর্থাইটিস | সাইটিকা,,অর্থোপেডিক বিশেষজ্ঞ | ফিজিক্যাল মেডিসিন বিশেষজ্ঞ,,,,অর্থোপেডিক বিশেষজ্ঞ | ফিজিক্যাল মেডিসিন বিশেষজ্ঞ,রিউমাটোলজি বিশেষজ্ঞ,আপনাকে ধন্যবাদ প্রশ্ন করার জন্য । আপনার সমস্যা গুরুতর । সম্ভবত আপনার অস্টিওআর্থাইটিস এবং সাইটিকা সমস্যা হচ্ছে । আপনি একজন রিউমাটোলজি বিশেষজ্ঞ কে অথবা ফিজিক্যাল মেডিসিন বিশেষজ্ঞ কে দেখান । আপাতত গরম পানির সেঁক দিন আধা ঘন্টা করে দিনে দুইবার । ওজন কমান । ধন্যবাদ ।
"গ্রাহক , ডাক্তার ভাইকে প্রশ্ন করার জন্য আপনাকে ধন্যবাদ । আপনি অতি সত্তর একজন নাককান গলা বিশেষজ্ঞের সাথে সাক্ষাত করে তার পরামর্শ গ্রহন করুন । এতে সরেজমিনে পরিক্ষা করে কাটা বের করা প্রয়োজন । ধন্যবাদ । ",,,,নাককান গলা বিশেষজ্ঞের,,,,নাককান গলা বিশেষজ্ঞের,শল্যচিকিৎসা বিশেষজ্ঞের,"গ্রাহক , ডাক্তার ভাইকে প্রশ্ন করার জন্য আপনাকে ধন্যবাদ । আপনি অতি সত্তর একজন শল্যচিকিৎসা বিশেষজ্ঞের সাথে সাক্ষাত করে তার পরামর্শ গ্রহন করুন । এতে সরেজমিনে পরিক্ষা করে কাটা বের করা প্রয়োজন । ধন্যবাদ ।"
ডাক্তার ভাইকে প্রশ্ন করার জন্য ধন্যবাদ । আপনার বাবাকে আপনি একজন কলোরেক্টাল সার্জনকে দেখান । ধন্যবাদ । ,,,,কলোরেক্টাল সার্জনকে,,,,কলোরেক্টাল সার্জনকে,গ্যাস্ট্রোএন্টেরোলজিস্টকে,ডাক্তার ভাইকে প্রশ্ন করার জন্য ধন্যবাদ । আপনার বাবাকে আপনি একজন গ্যাস্ট্রোএন্টেরোলজিস্টকে দেখান । ধন্যবাদ ।
"আপনার প্রশ্নের জন্য ধন্যবাদ , সবসময় জ্বর থাকার অনেক কারন রয়েছে , তার মাঝে , ওজন কম , সঠিক ভাবে প্রাত্যাহিক খাবার না খাওয়া , শরীরে ভিটামিন এবং মিনারেল এর অভাব হলে , অতিরিক্ত পরিশ্রম করলে , সবসময় দুশ্চিন্তা গ্রস্থ থাকলে , রক্তের পরিমান কম থাকলে অন্ন্যতম । আপনি নিয়মিত পুস্টিকর খাবার খাবেন , প্রতিদিন নিয়মিত খাবার গ্রহন করবেন । মৌসুমী ফল এবং দুধ এবং ডিম খাবেন । এতে করে আপনার অন্ন্য দুইটা সমস্যা ও সমাধান হয়ে যাবে । তার সাথে সাথে একজন মেডিসিন বিশেষজ্ঞ চিকিৎসক এর পরামর্শ গ্রহন করুন । মনে হয় আপনাকে সাহায্য করতে পেরেছি ভালো থাকবেন । ",জ্বর,,,মেডিসিন বিশেষজ্ঞ,,,,মেডিসিন বিশেষজ্ঞ,সংক্রামক রোগ বিশেষজ্ঞ,"আপনার প্রশ্নের জন্য ধন্যবাদ , সবসময় জ্বর থাকার অনেক কারন রয়েছে , তার মাঝে , ওজন কম , সঠিক ভাবে প্রাত্যাহিক খাবার না খাওয়া , শরীরে ভিটামিন এবং মিনারেল এর অভাব হলে , অতিরিক্ত পরিশ্রম করলে , সবসময় দুশ্চিন্তা গ্রস্থ থাকলে , রক্তের পরিমান কম থাকলে অন্ন্যতম । আপনি নিয়মিত পুস্টিকর খাবার খাবেন , প্রতিদিন নিয়মিত খাবার গ্রহন করবেন । মৌসুমী ফল এবং দুধ এবং ডিম খাবেন । এতে করে আপনার অন্ন্য দুইটা সমস্যা ও সমাধান হয়ে যাবে । তার সাথে সাথে একজন সংক্রামক রোগ বিশেষজ্ঞ চিকিৎসক এর পরামর্শ গ্রহন করুন । মনে হয় আপনাকে সাহায্য করতে পেরেছি ভালো থাকবেন ।"
আপনাকে ধন্যবাদ প্রশ্ন করার জন্য । আপনি হাটুতে ব্যাথা পেয়ে থাকলে এক্স রে করাতে হবে । ব্যাথা কমার জন্য প্যারাসিটামল একটা বা দুইটা খেতে পারেন । গরম পানির সেক দিন ৷ একজন অর্থপেডিক্স ডাক্তারের পরামর্শ নিন । ধন্যবাদ,,,প্যারাসিটামল,অর্থপেডিক্স ডাক্তারের,,,এক্স রে,অর্থপেডিক্স ডাক্তারের,রিউমাটোলজি ডাক্তারের,আপনাকে ধন্যবাদ প্রশ্ন করার জন্য । আপনি হাটুতে ব্যাথা পেয়ে থাকলে এক্স রে করাতে হবে । ব্যাথা কমার জন্য প্যারাসিটামল একটা বা দুইটা খেতে পারেন । গরম পানির সেক দিন ৷ একজন রিউমাটোলজি ডাক্তারের পরামর্শ নিন । ধন্যবাদ
Thanks for your question to daktar Bhai . Please give him warm water bath and massage his belly very softly with warm clothes . And visit a child doctor . Thanks,,,,child doctor,,,,child doctor,pediatrician,Thanks for your question to daktar Bhai . Please give him warm water bath and massage his belly very softly with warm clothes . And visit a pediatrician . Thanks
আপনাকে ধন্যবাদ প্রশ্ন করার জন্য । ব্রণের দাগ ভাল হতে সময় লাগে । আপনি নোখ দিয়ে খুটাবেন না । একজন চর্ম ডাক্তারের পরামর্শ নিন । ধন্যবাদ,,,,চর্ম ডাক্তারের,,,,চর্ম ডাক্তারের,চর্মরোগ বিশেষজ্ঞের,আপনাকে ধন্যবাদ প্রশ্ন করার জন্য । ব্রণের দাগ ভাল হতে সময় লাগে । আপনি নোখ দিয়ে খুটাবেন না । একজন চর্মরোগ বিশেষজ্ঞের পরামর্শ নিন । ধন্যবাদ
আপনাকে ধন্যবাদ প্রশ্ন করার জন্য । আপনি মুখ পরিষ্কার রাখুন । ঘূম ঠিক মত হতে হবে । একজন চর্ম রোগের ডাক্তার কে দেখিয়ে নিন । ধন্যবাদ,,,,চর্ম রোগের ডাক্তার,,,,চর্ম রোগের ডাক্তার,অ্যালার্জি বিশেষজ্ঞ,আপনাকে ধন্যবাদ প্রশ্ন করার জন্য । আপনি মুখ পরিষ্কার রাখুন । ঘূম ঠিক মত হতে হবে । একজন অ্যালার্জি বিশেষজ্ঞ কে দেখিয়ে নিন । ধন্যবাদ
ধন্যবাদ আপনাকে প্রশ্নের জন্য । আপনার সমস্যার সমাধান না হলে আপনি সেই সার্জনের কাছে আবার যান ৷ উনি আপনাকে ভাল ব্যাখ্যা দিতে পারবে । । ধন্যবাদ,,,,সার্জনের,,,,সার্জনের,অর্থোপেডিক সার্জনের,ধন্যবাদ আপনাকে প্রশ্নের জন্য । আপনার সমস্যার সমাধান না হলে আপনি সেই অর্থোপেডিক সার্জনের কাছে আবার যান ৷ উনি আপনাকে ভাল ব্যাখ্যা দিতে পারবে । । ধন্যবাদ
"আপনাকে ধন্যবাদ প্রশ্ন করার জন্য । একজন নিউরোলজিস্ট এর পরামর্শ নিন , প্রয়োজনীয় পরীক্ষার পর এর চিকিৎসা নিন । ধন্যবাদ । ",,,,নিউরোলজিস্ট,,,,নিউরোলজিস্ট,নিউরোসার্জন,"আপনাকে ধন্যবাদ প্রশ্ন করার জন্য । একজন নিউরোসার্জন এর পরামর্শ নিন , প্রয়োজনীয় পরীক্ষার পর এর চিকিৎসা নিন । ধন্যবাদ ।"
Thank you for asking your question to daktarbhai . Onek shomoi mol jodi besi sokto hoy tokhon mol er shate blood ashe . apnar jodi amon problem thake tahole apni Yusuf guler vushi 2chamoch pani te gule sokale ar raat e khaben . Ar hospital e giye surgery Department er doctor er shate consult korben . ,,,,surgery Department er doctor,,,,surgery Department er doctor,colorectal surgeon,Thank you for asking your question to daktarbhai . Onek shomoi mol jodi besi sokto hoy tokhon mol er shate blood ashe . apnar jodi amon problem thake tahole apni Yusuf guler vushi 2chamoch pani te gule sokale ar raat e khaben . Ar hospital e giye colorectal surgeon er shate consult korben .
"Thank you for asking question to Daktar Bhai . Please brush your teeth properly twice a day , clean & gurgle properly after taking food . consult with a dentist . Thank you . ",,,,dentist,,,,dentist,periodontist,"Thank you for asking question to Daktar Bhai . Please brush your teeth properly twice a day , clean & gurgle properly after taking food . consult with a periodontist . Thank you ."
"ধন্যবাদ আপনার প্রশ্নের জন্য । না দেখে সমাধান দেয়া যাচ্ছে না । আপাতত এলারজি উদ্রেককারী খাবার , ধূলাবালি এড়িয়ে চলুন । সরাসরি চর্মরোগ বিশেষজ্ঞ দেখিয়ে পরামর্শ নিতে হবে ধন্যবাদ",,,,চর্মরোগ বিশেষজ্ঞ,,,,চর্মরোগ বিশেষজ্ঞ,অ্যালার্জি বিশেষজ্ঞ,"ধন্যবাদ আপনার প্রশ্নের জন্য । না দেখে সমাধান দেয়া যাচ্ছে না । আপাতত এলারজি উদ্রেককারী খাবার , ধূলাবালি এড়িয়ে চলুন । সরাসরি অ্যালার্জি বিশেষজ্ঞ দেখিয়ে পরামর্শ নিতে হবে ধন্যবাদ"
আপনাকে ধন্যবাদ প্রশ্ন করার জন্য । আপনার একজন মানসিক রোগ বিশেষজ্ঞ ও মন রোগের কাউন্সিল এর সাথে পরামর্শ করতে হভে । মেডিটেশন করতে পারেন । ধন্যবাদ । ,,,,মানসিক রোগ বিশেষজ্ঞ | মন রোগের কাউন্সিল,,,,মানসিক রোগ বিশেষজ্ঞ | মন রোগের কাউন্সিল,স্নায়ুরোগ বিশেষজ্ঞ,আপনাকে ধন্যবাদ প্রশ্ন করার জন্য । আপনার একজন স্নায়ুরোগ বিশেষজ্ঞ ও মন রোগের কাউন্সিল এর সাথে পরামর্শ করতে হভে । মেডিটেশন করতে পারেন । ধন্যবাদ ।
ডাক্তার ভাইকে প্রশ্ন করার জন্য ধন্যবাদ । আপনি এই বিষয়ে একজন নিউরো মেডিসিন বিশেষজ্ঞের পরামর্শ নিন এবং সে অনুযায়ী চিকিৎসা গ্রহণ করুন । ধন্যবাদ,,,,নিউরো মেডিসিন বিশেষজ্ঞের,,,,নিউরো মেডিসিন বিশেষজ্ঞের,নিউরোসার্জনের,ডাক্তার ভাইকে প্রশ্ন করার জন্য ধন্যবাদ । আপনি এই বিষয়ে একজন নিউরোসার্জনের পরামর্শ নিন এবং সে অনুযায়ী চিকিৎসা গ্রহণ করুন । ধন্যবাদ
"Tab . Rupastin 10 mg - - 0 + 0 + 1 - - for 7 days , after meal . It will decrease the itching . You may need to consult with consultant of opthalmology . Thanks",,,Tab . Rupastin 10 mg,opthalmology,,0 + 0 + 1,,opthalmology,dermatology,"Tab . Rupastin 10 mg - - 0 + 0 + 1 - - for 7 days , after meal . It will decrease the itching . You may need to consult with consultant of dermatology . Thanks"
Thanks for your question to daktar bhai . please do urine for r / e . And then consult with medicine specialist with reports . Thanks,,,,medicine specialist,,,urine for r / e,medicine specialist,nephrologist,Thanks for your question to daktar bhai . please do urine for r / e . And then consult with nephrologist with reports . Thanks
"আপনাকে ধন্যবাদ প্রশ্ন করার জন্য । আপনি হানিকন কফ সিরাপ খেতে পারেন । গরম পানিতে আদা , মধু দিয়ে খান । পেটে গ্যাসের জন্য ওমেপ্রাজল ২০মিলিগ্রাম খেতে পারেন সকালে ও রাতে একটা করে । সিরাপ এন্টাসিড তিন চামচ প্রয়োজনে খেতে পারেন । একজন মেডিসিন ডাক্তার কে দেখিয়ে নিন । ধন্যবাদ",গ্যাসের,,হানিকন কফ সিরাপ | ওমেপ্রাজল ২০মিলিগ্রাম | সিরাপ এন্টাসিড,মেডিসিন ডাক্তার,,সকালে ও রাতে একটা | তিন চামচ,,মেডিসিন ডাক্তার,বক্ষব্যাধি বিশেষজ্ঞ,"আপনাকে ধন্যবাদ প্রশ্ন করার জন্য । আপনি হানিকন কফ সিরাপ খেতে পারেন । গরম পানিতে আদা , মধু দিয়ে খান । পেটে গ্যাসের জন্য ওমেপ্রাজল ২০মিলিগ্রাম খেতে পারেন সকালে ও রাতে একটা করে । সিরাপ এন্টাসিড তিন চামচ প্রয়োজনে খেতে পারেন । একজন বক্ষব্যাধি বিশেষজ্ঞ কে দেখিয়ে নিন । ধন্যবাদ"
"Thanks for questioning to daktervai . Wash with Luke warm water during defecation and micturation . Be careful about colour change . If it is change , inform us or visit a gyanaecologist",,,,gyanaecologist,,,,gyanaecologist,obstetrician,"Thanks for questioning to daktervai . Wash with Luke warm water during defecation and micturation . Be careful about colour change . If it is change , inform us or visit a obstetrician"
Thank you for your question Please consult with a gynaecologist and act accordingly . She needs some investigation and clinical evaluation Thank you,,,,gynaecologist,,,,gynaecologist,obstetrician,Thank you for your question Please consult with an obstetrician and act accordingly . She needs some investigation and clinical evaluation Thank you
ডাক্তার ভাই কে প্রশ্ন করার জন্য ধন্যবাদ বাচ্চার ওজন ১২ - ১৫ কেজি হবে . . আপনি একজন শিশু বিষেশজ্ঞ এর পরামর্শ নিতে পারেন ধন্যবাদ,,,,শিশু বিষেশজ্ঞ,,,,শিশু বিষেশজ্ঞ,শিশু এন্ডোক্রাইন বিশেষজ্ঞ,ডাক্তার ভাই কে প্রশ্ন করার জন্য ধন্যবাদ বাচ্চার ওজন ১২ - ১৫ কেজি হবে . . আপনি একজন শিশু এন্ডোক্রাইন বিশেষজ্ঞ এর পরামর্শ নিতে পারেন ধন্যবাদ
"ডাক্তারভাইকে প্রশ্ন করার জন্য ধন্যবাদ । লক্ষ্য রাখুন কাশি কিরকম হয় , শুকনো কাশি না কফযুক্ত । আপাতত Syp Adovas 2 - 3 TSF 3 times daily for 7 days খেতে পারেন । সেই সাথে অবশ্যই সকালে ঘুম থেকে উঠে এবং রাতে ঘুমাতে যাওয়ার আগে কুসুম গরম পানিতে ১ চিমটি লবণ দিয়ে গার্গল করবেন । ঠান্ডা জাতীয় খাবার খাবেন না । কাশি না কমলে অবশ্যই Respiratory Medicine Specialist এর পরামর্শ নিবেন । ধন্যবাদ । ",,,Syp Adovas,Respiratory Medicine Specialist,,2 - 3 TSF 3 times daily for 7 days,,Respiratory Medicine Specialist,Pulmonary Medicine Specialist,"ডাক্তারভাইকে প্রশ্ন করার জন্য ধন্যবাদ । লক্ষ্য রাখুন কাশি কিরকম হয় , শুকনো কাশি না কফযুক্ত । আপাতত Syp Adovas 2 - 3 TSF 3 times daily for 7 days খেতে পারেন । সেই সাথে অবশ্যই সকালে ঘুম থেকে উঠে এবং রাতে ঘুমাতে যাওয়ার আগে কুসুম গরম পানিতে ১ চিমটি লবণ দিয়ে গার্গল করবেন । ঠান্ডা জাতীয় খাবার খাবেন না । কাশি না কমলে অবশ্যই Pulmonary Medicine Specialist এর পরামর্শ নিবেন । ধন্যবাদ ।"
Thank you for your question . Iron tablets are indicated during pregnancy like tab . Zif CI . 0 + 1 + 0 . Please consult with a gynaecologist and act accordingly Thank you,,,Iron tablets | tab . Zif CI,gynaecologist,,0 + 1 + 0,,gynaecologist,obstetrician,Thank you for your question . Iron tablets are indicated during pregnancy like tab . Zif CI . 0 + 1 + 0 . Please consult with an obstetrician and act accordingly Thank you
"ডাক্তার ভাই কে প্রশ্ন করার জন্য ধন্যবাদ । মায়ের খাদ্যাভ্যাস জন্যও এমন হতে পারে । এই অবস্হায় বাচ্চাকে সরাসরি না দেখে কিছু বলা ঠিক হবেনা , সরাসরি একজন Pediatricianএর সাথে যোগাযোগ করতে পারেন ধন্যবাদ । ",,,,Pediatricianএর,,,,Pediatricianএর,শিশু গ্যাস্ট্রোএন্টেরোলজিস্টের,"ডাক্তার ভাই কে প্রশ্ন করার জন্য ধন্যবাদ । মায়ের খাদ্যাভ্যাস জন্যও এমন হতে পারে । এই অবস্হায় বাচ্চাকে সরাসরি না দেখে কিছু বলা ঠিক হবেনা , সরাসরি একজন শিশু গ্যাস্ট্রোএন্টেরোলজিস্টের সাথে যোগাযোগ করতে পারেন ধন্যবাদ ।"
ডাক্তারভাইকে প্রশ্ন করার জন্য ধন্যবাদ । ঠান্ডা জাতীয় কোন খাবার খাবেন না । কয়েকটা দিন তরল জাতীয় খাবার খাবেন । ব্যথার জন্য Tab Napa 500mg 1 + 1 + 1 after meal for 3 days খেতে পারেন । সকালে ও রাতে কুসুম গরম পানিতে ১চিমটি লবণ দিয়ে গার্গল করবেন । এতে গলা ব্যথা থেকে অনেকাংশে আরাম পাওয়া যায় । গলা ব্যথা এর পরও না কমলে অবশ্যই ENT Specialist এর পরামর্শ নিবেন । ধন্যবাদ । ,,,Tab Napa 500mg,ENT Specialist,,1 + 1 + 1 after meal for 3 days,,ENT Specialist,Head and Neck Specialist,ডাক্তারভাইকে প্রশ্ন করার জন্য ধন্যবাদ । ঠান্ডা জাতীয় কোন খাবার খাবেন না । কয়েকটা দিন তরল জাতীয় খাবার খাবেন । ব্যথার জন্য Tab Napa 500mg 1 + 1 + 1 after meal for 3 days খেতে পারেন । সকালে ও রাতে কুসুম গরম পানিতে ১চিমটি লবণ দিয়ে গার্গল করবেন । এতে গলা ব্যথা থেকে অনেকাংশে আরাম পাওয়া যায় । গলা ব্যথা এর পরও না কমলে অবশ্যই Head and Neck Specialist এর পরামর্শ নিবেন । ধন্যবাদ ।
ডাক্তারভাইকে প্রশ্ন করার জন্য ধন্যবাদ । বাইরে থেকে আসলে প্রথমত হাত পরিস্কার করে কেবল পানি দিয়ে চোখ পরিস্কার করতে হবে । চোখে ঘন ঘন পানির ঝাপটা দিতে হবে । লক্ষ্য রাখুন চোখে কখনও সরাসরি সাবান পানি যেন না লাগে । চোখ লাল ও চুলকানি আ্যালার্জীর লক্ষন হতে পারে । প্রাথমিকভাবে Eyedrop Tearfresh Liquigel ১ ফোঁটা করে ২ চোখে দিনে ২ বার করে ব্যবহার করুন । অবশ্যই দ্রুত সশরীরে গিয়ে চক্ষু বিশেষজ্ঞের পরামর্শ নিবেন । ধন্যবাদ,চোখ লাল | চুলকানি,আ্যালার্জীর,Eyedrop Tearfresh Liquigel,চক্ষু বিশেষজ্ঞের,,১ ফোঁটা করে ২ চোখে দিনে ২ বার,,চক্ষু বিশেষজ্ঞের,অ্যালার্জি বিশেষজ্ঞের,ডাক্তারভাইকে প্রশ্ন করার জন্য ধন্যবাদ । বাইরে থেকে আসলে প্রথমত হাত পরিস্কার করে কেবল পানি দিয়ে চোখ পরিস্কার করতে হবে । চোখে ঘন ঘন পানির ঝাপটা দিতে হবে । লক্ষ্য রাখুন চোখে কখনও সরাসরি সাবান পানি যেন না লাগে । চোখ লাল ও চুলকানি আ্যালার্জীর লক্ষন হতে পারে । প্রাথমিকভাবে Eyedrop Tearfresh Liquigel ১ ফোঁটা করে ২ চোখে দিনে ২ বার করে ব্যবহার করুন । অবশ্যই দ্রুত সশরীরে গিয়ে অ্যালার্জি বিশেষজ্ঞের পরামর্শ নিবেন । ধন্যবাদ
"আপনার প্রস্নের জন্য ধন্যবাদ , আপনার ভাইকে স্বাভাবিক পানি দিয়ে সারা শরীর মুছে দিন যতক্ষন পর্যন্ত শরীরের তাপমাত্রা স্বাভাবিক না হয় । সাথে প্যারাসিটামল ওষুধ খাওয়াবেন । যদি জ্বর না কমে তবে পায়ুপথে প্যারাসিটামল সাপুসিটরি দিতে হবে । তারপর ও জ্বর না কমলে এক জন শিশু বিশেষজ্ঞ চিকিৎসক দেখাবেন । মনে হয় আপনাকে সাহায্য করতে পেরেছি , ভালো থাকবেন । ",,,প্যারাসিটামল | প্যারাসিটামল সাপুসিটরি,শিশু বিশেষজ্ঞ,,,,শিশু বিশেষজ্ঞ,সংক্রামক রোগ বিশেষজ্ঞ,"আপনার প্রস্নের জন্য ধন্যবাদ , আপনার ভাইকে স্বাভাবিক পানি দিয়ে সারা শরীর মুছে দিন যতক্ষন পর্যন্ত শরীরের তাপমাত্রা স্বাভাবিক না হয় । সাথে প্যারাসিটামল ওষুধ খাওয়াবেন । যদি জ্বর না কমে তবে পায়ুপথে প্যারাসিটামল সাপুসিটরি দিতে হবে । তারপর ও জ্বর না কমলে এক জন সংক্রামক রোগ বিশেষজ্ঞ চিকিৎসক দেখাবেন । মনে হয় আপনাকে সাহায্য করতে পেরেছি , ভালো থাকবেন ।"
"আমার ছেলের বয়স ৬ বছর ২ মাস । তিন দিন যাবত জ্বর ছিল । দিনের তুলনায় রাতে অধিকমাত্রায় জ্বর থাকে । জ্বর কিছুতেই ১০২ এর নিচে নামে না । কখনো কখনো ১০৫ পর্যন্ত উঠে যায় । গতকাল শিশু বিশেষজ্ঞ ডাক্তার দেখানো হয়েছে । CBC , CRP , Triple Antigens , Chest P / A View test করানো হয়েছে । Test a CRP Positive 12 এসেছে । HB - 12 . 1 , ESR - 45 , WBC count - 14 , 000 , Neutrophils - 77 % , Lymphocytes - 18 % , HTC - 7 % । ডাক্তারি ঔষধ সাজেস্ট করেছে । Avloclav , Montair 5 , ketomar , Aritone Z , Brezojil . কিন্তু জ্বর এখনো কমেনি । ১০২ এর উপর থাকে । কি করনীয়",জ্বর এখনো কমেনি | ১০২ এর উপর,CRP Positive 12,Avloclav | Montair 5 | ketomar | Aritone Z | Brezojil,শিশু বিশেষজ্ঞ,৬ বছর ২ মাস | তিন দিন যাবত জ্বর ছিল | দিনের তুলনায় রাতে অধিকমাত্রায় জ্বর থাকে | জ্বর কিছুতেই ১০২ এর নিচে নামে না | কখনো কখনো ১০৫ পর্যন্ত উঠে যায়,,CBC | CRP | Triple Antigens | Chest P / A View test,শিশু বিশেষজ্ঞ,শিশু সংক্রামক রোগ বিশেষজ্ঞ,"আমার ছেলের বয়স ৬ বছর ২ মাস । তিন দিন যাবত জ্বর ছিল । দিনের তুলনায় রাতে অধিকমাত্রায় জ্বর থাকে । জ্বর কিছুতেই ১০২ এর নিচে নামে না । কখনো কখনো ১০৫ পর্যন্ত উঠে যায় । গতকাল শিশু সংক্রামক রোগ বিশেষজ্ঞ ডাক্তার দেখানো হয়েছে । CBC , CRP , Triple Antigens , Chest P / A View test করানো হয়েছে । Test a CRP Positive 12 এসেছে । HB - 12 . 1 , ESR - 45 , WBC count - 14 , 000 , Neutrophils - 77 % , Lymphocytes - 18 % , HTC - 7 % । ডাক্তারি ঔষধ সাজেস্ট করেছে । Avloclav , Montair 5 , ketomar , Aritone Z , Brezojil . কিন্তু জ্বর এখনো কমেনি । ১০২ এর উপর থাকে । কি করনীয়"
"আপনাকে ধন্যবাদ প্রশ্ন করার জন্য । Drylief eye Drop ২ ফোটা করে উভয় চোখে দিনে দুই বার পাঁচ দিন ব্যাবহার করুন , একজন চক্ষু বিশেষজ্ঞের পরামর্শ নিন । ধন্যবাদ । ",,,Drylief eye Drop,চক্ষু বিশেষজ্ঞের,,২ ফোটা | দিনে দুই বার পাঁচ দিন,,চক্ষু বিশেষজ্ঞের,চক্ষু শল্যচিকিৎসকের,"আপনাকে ধন্যবাদ প্রশ্ন করার জন্য । Drylief eye Drop ২ ফোটা করে উভয় চোখে দিনে দুই বার পাঁচ দিন ব্যাবহার করুন , একজন চক্ষু শল্যচিকিৎসকের পরামর্শ নিন । ধন্যবাদ ।"
"আপনাকে ধন্যবাদ প্রশ্ন করার জন্য । আপনার দাউদ হলে চিকিৎসা ঠিকই আছে । ঔষধ চালিয়ে যান । কিন্তু আগে নিশ্চিত হয়ে নিন যে আসলে আপনার দাউদ হয়েছে কিনা । চর্ম রোগ গুলো দেখতে খুব কাছাকাছি , কিন্তু চিকিৎসা ভিন্ন । একজন অভিজ্ঞ চর্ম বিশেষজ্ঞ কে দেখান । ধন্যবাদ",,,,অভিজ্ঞ চর্ম বিশেষজ্ঞ,,,,অভিজ্ঞ চর্ম বিশেষজ্ঞ,অভিজ্ঞ অ্যালার্জি বিশেষজ্ঞ,"আপনাকে ধন্যবাদ প্রশ্ন করার জন্য । আপনার দাউদ হলে চিকিৎসা ঠিকই আছে । ঔষধ চালিয়ে যান । কিন্তু আগে নিশ্চিত হয়ে নিন যে আসলে আপনার দাউদ হয়েছে কিনা । চর্ম রোগ গুলো দেখতে খুব কাছাকাছি , কিন্তু চিকিৎসা ভিন্ন । একজন অভিজ্ঞ অ্যালার্জি বিশেষজ্ঞ কে দেখান । ধন্যবাদ"
এমারজেন্সি এমারজেন্সি এমারজেন্সি এমারজেন্সি আমি একজন মহিলা মহিলা সার্জন ডাক্তার দেখাতে চাই । কোথাও ডাক্তার নেই । সবাই বলে সরকারি হাসপাতালে নাকি সব করোনা রোগী সেখানে যাওয়া নাকি ঠিক না । ,,,,সার্জন,,,,সার্জন,স্ত্রীরোগ বিশেষজ্ঞ,এমারজেন্সি এমারজেন্সি এমারজেন্সি এমারজেন্সি আমি একজন মহিলা মহিলা স্ত্রীরোগ বিশেষজ্ঞ ডাক্তার দেখাতে চাই । কোথাও ডাক্তার নেই । সবাই বলে সরকারি হাসপাতালে নাকি সব করোনা রোগী সেখানে যাওয়া নাকি ঠিক না ।
আপনাকে ধন্যবাদ প্রশ্ন করার জন্য । আপনি ট্যাবলেট এলাট্রল রাতে একটা করে খেতে পারেন । একজন মেডিসিন ডাক্তারের পরামর্শ নিতে পারেন । ধন্যবাদ,,,ট্যাবলেট এলাট্রল,মেডিসিন ডাক্তারের,,রাতে একটা,,মেডিসিন ডাক্তারের,স্নায়ুরোগ বিশেষজ্ঞের,আপনাকে ধন্যবাদ প্রশ্ন করার জন্য । আপনি ট্যাবলেট এলাট্রল রাতে একটা করে খেতে পারেন । একজন স্নায়ুরোগ বিশেষজ্ঞের পরামর্শ নিতে পারেন । ধন্যবাদ
গ্রাহক ডাক্তার ভাইকে প্রশ্ন করার জন্য আপনাকে ধন্যবাদ । আপনি আপনার এই সমস্যার জন্য অতি দ্রুত একজন মেডিসিন বিশেষজ্ঞ বা ক্যান্সার বিশেষজ্ঞের পরামর্শ নি । ধন্যবাদ,,,,মেডিসিন বিশেষজ্ঞ | ক্যান্সার বিশেষজ্ঞের,,,,মেডিসিন বিশেষজ্ঞ | ক্যান্সার বিশেষজ্ঞের,অভ্যন্তরীণ রোগ বিশেষজ্ঞ,গ্রাহক ডাক্তার ভাইকে প্রশ্ন করার জন্য আপনাকে ধন্যবাদ । আপনি আপনার এই সমস্যার জন্য অতি দ্রুত একজন অভ্যন্তরীণ রোগ বিশেষজ্ঞ বা ক্যান্সার বিশেষজ্ঞের পরামর্শ নি । ধন্যবাদ
"আপনাকে ধন্যবাদ প্রশ্ন করার জন্য । আপনি যেহেতু রাত জাগা বন্ধ করতে পারছেন না তাই এই বিষয়ে দুশ্চিন্তা করা দূর করুন । চুল পড়ার আরো অনেক কারন আছে । যেমন খুশকি , থাইরয়েড সমস্যা , হরমনের সমস্যা , কিছু অভ্যাস যেমন মাথার চুলে বার বার হাত দেয়া , দুশ্চিন্তা ইত্যাদি । আপনি অন্য কারন আছে কিনা তা জানার চেষ্টা করুন । একজন চর্ম রোগের ডাক্তার কে দ্বখান । ধন্যবাদ",চুল পড়ার | দেয়া,খুশকি | থাইরয়েড সমস্যা | হরমনের সমস্যা,,চর্ম রোগের ডাক্তার,,,,চর্ম রোগের ডাক্তার,হরমোন বিশেষজ্ঞ,"আপনাকে ধন্যবাদ প্রশ্ন করার জন্য । আপনি যেহেতু রাত জাগা বন্ধ করতে পারছেন না তাই এই বিষয়ে দুশ্চিন্তা করা দূর করুন । চুল পড়ার আরো অনেক কারন আছে । যেমন খুশকি , থাইরয়েড সমস্যা , হরমনের সমস্যা , কিছু অভ্যাস যেমন মাথার চুলে বার বার হাত দেয়া , দুশ্চিন্তা ইত্যাদি । আপনি অন্য কারন আছে কিনা তা জানার চেষ্টা করুন । একজন হরমোন বিশেষজ্ঞ কে দ্বখান । ধন্যবাদ"
আপনাকে ধন্যবাদ প্রশ্ন করার জন্য । আপনি কতদিন যাবত এ সমস্যায় ভুগছেন ? আপনার নিবিড় চিকিৎসা প্রয়োজন । একজন Gastroenterologist এর সাথে যোগাযোগ করুন । প্রয়োজনে App এর Video Consultation এর সহায়তা নিতে পারেন । ধন্যবাদ । ,,,,Gastroenterologist,,,,Gastroenterologist,Hepatologist,আপনাকে ধন্যবাদ প্রশ্ন করার জন্য । আপনি কতদিন যাবত এ সমস্যায় ভুগছেন ? আপনার নিবিড় চিকিৎসা প্রয়োজন । একজন Hepatologist এর সাথে যোগাযোগ করুন । প্রয়োজনে App এর Video Consultation এর সহায়তা নিতে পারেন । ধন্যবাদ ।
আপনাকে ধন্যবাদ প্রশ্ন করার জন্য । সমস্যাটি দেখা প্রয়োজন । একজন চর্মরোগ বিশেষজ্ঞের সাথে সরাসরি যোগাযোগ করে সমস্যাটি দেখিয়ে এর চিকিৎসা নিন । ধন্যবাদ । ,,,,চর্মরোগ বিশেষজ্ঞের,,,,চর্মরোগ বিশেষজ্ঞের,অ্যালার্জি বিশেষজ্ঞের,আপনাকে ধন্যবাদ প্রশ্ন করার জন্য । সমস্যাটি দেখা প্রয়োজন । একজন অ্যালার্জি বিশেষজ্ঞের সাথে সরাসরি যোগাযোগ করে সমস্যাটি দেখিয়ে এর চিকিৎসা নিন । ধন্যবাদ ।
ডাক্তার ভাই কে প্রশ্ন করার জন্য ধন্যবাদ । কিছু মেডিসিন নাকের ড্রপ এর সাথে দিলে সমস্যা করে । cardiologist এর সাথে কথা বলে নেন । ধন্যবাদ । ,,,নাকের ড্রপ,cardiologist,,,,cardiologist,otolaryngologist,ডাক্তার ভাই কে প্রশ্ন করার জন্য ধন্যবাদ । কিছু মেডিসিন নাকের ড্রপ এর সাথে দিলে সমস্যা করে । otolaryngologist এর সাথে কথা বলে নেন । ধন্যবাদ ।
আপনার এই ব্যাথা মাইগ্রেন টাইপ ব্যথা । আপনার যে কাজ গুলো বা যে খাবার খেলে ব্যথা হয় সেগুলো কে পরিহার করে চলতে হবে । ব্যথা হলে Tab . Napa Extra / Tufnil খেতে পারেন । আপনি একজন চক্ষু বিশেষজ্ঞ ডাক্তারের পরামর্শ নিন । চোখের পাওয়ার পরীক্ষা করুন । ধন্যবাদ । ,ব্যথা,মাইগ্রেন,Tab . Napa Extra / Tufnil,চক্ষু বিশেষজ্ঞ,,,,চক্ষু বিশেষজ্ঞ,স্নায়ুরোগ বিশেষজ্ঞ,আপনার এই ব্যাথা মাইগ্রেন টাইপ ব্যথা । আপনার যে কাজ গুলো বা যে খাবার খেলে ব্যথা হয় সেগুলো কে পরিহার করে চলতে হবে । ব্যথা হলে Tab . Napa Extra / Tufnil খেতে পারেন । আপনি একজন স্নায়ুরোগ বিশেষজ্ঞ ডাক্তারের পরামর্শ নিন । চোখের পাওয়ার পরীক্ষা করুন । ধন্যবাদ ।
আপনাকে ধন্যবাদ প্রশ্ন করার জন্য । আপনার ঘার ব্যাথা প্রেশারের কারনে হতে পারে । প্রেশার মাপুন । বেশি থাকলে একজন হৃদরোগের ডাক্তার দেখাতে পারেন । প্যারাসিটামল ৫০০ মিলিগ্রাম খাবারের পর খেতে পাতেন । ধন্যবাদ । ,,,প্যারাসিটামল ৫০০ মিলিগ্রাম,হৃদরোগের ডাক্তার,,,,হৃদরোগের ডাক্তার,মেডিসিন বিশেষজ্ঞ,আপনাকে ধন্যবাদ প্রশ্ন করার জন্য । আপনার ঘার ব্যাথা প্রেশারের কারনে হতে পারে । প্রেশার মাপুন । বেশি থাকলে একজন মেডিসিন বিশেষজ্ঞ দেখাতে পারেন । প্যারাসিটামল ৫০০ মিলিগ্রাম খাবারের পর খেতে পাতেন । ধন্যবাদ ।
ডাক্তার ভাই কে প্রশ্ন করার জন্য ধন্যবাদ । চর্ম ডাক্তার এর পরামর্শ নিন । ধন্যবাদ । ,,,,চর্ম ডাক্তার,,,,চর্ম ডাক্তার,অ্যালার্জি বিশেষজ্ঞ,ডাক্তার ভাই কে প্রশ্ন করার জন্য ধন্যবাদ । অ্যালার্জি বিশেষজ্ঞ এর পরামর্শ নিন । ধন্যবাদ ।
প্রশ্ন করার জন্য ধন্যবাদ । আপনি syp Mucolyt . . . দুই চামচ করে দিনে তিনবার ৭ দিন খাবেন । এরপর কোন সমস্যা থাকলে একজন ডাক্তারের সাথে সরাসরি ভাবে কথা বলবেন । ধন্যবাদ । ,,,syp Mucolyt,ডাক্তারের,,দুই চামচ করে দিনে তিনবার,,ডাক্তারের,মেডিসিন বিশেষজ্ঞের,প্রশ্ন করার জন্য ধন্যবাদ । আপনি syp Mucolyt . . . দুই চামচ করে দিনে তিনবার ৭ দিন খাবেন । এরপর কোন সমস্যা থাকলে একজন মেডিসিন বিশেষজ্ঞের সাথে সরাসরি ভাবে কথা বলবেন । ধন্যবাদ ।
ডাক্তার ভাই কে প্রশ্ন করার জন্য ধন্যবাদ । একজন শিশু ডাক্তার দিয়ে দেখান । পরিক্ষা করতে হবে । জর কত ? ধন্যবাদ । ,,,,শিশু ডাক্তার,,,,শিশু ডাক্তার,শিশু সংক্রামক রোগ বিশেষজ্ঞ,ডাক্তার ভাই কে প্রশ্ন করার জন্য ধন্যবাদ । একজন শিশু সংক্রামক রোগ বিশেষজ্ঞ দিয়ে দেখান । পরিক্ষা করতে হবে । জর কত ? ধন্যবাদ ।
ওয়ালিকুম সালাম । ডাক্তার ভাই কে প্রশ্ন করার জন্য ধন্যবাদ । চোখের ডাক্তার এর পরামর্শ নিন । ধন্যবাদ । ,,,,চোখের ডাক্তার,,,,চোখের ডাক্তার,চক্ষু বিশেষজ্ঞ,ওয়ালিকুম সালাম । ডাক্তার ভাই কে প্রশ্ন করার জন্য ধন্যবাদ । চক্ষু বিশেষজ্ঞ এর পরামর্শ নিন । ধন্যবাদ ।
ধন্যবাদ আপনাকে প্রশ্ন করার জন্য । না দেখে সমাধান দেয়া যাচ্ছেনা । সরাসরি একজন চর্ম বিশেষজ্ঞ দেখান । ধন্যবাদ,,,,চর্ম বিশেষজ্ঞ,,,,চর্ম বিশেষজ্ঞ,অ্যালার্জি বিশেষজ্ঞ,ধন্যবাদ আপনাকে প্রশ্ন করার জন্য । না দেখে সমাধান দেয়া যাচ্ছেনা । সরাসরি একজন অ্যালার্জি বিশেষজ্ঞ দেখান । ধন্যবাদ
আপনাকে ধন্যবাদ প্রশ্ন করার জন্য । আপনি থাইরয়েড পরীক্ষা করান । পানি বেশি করে পান করুন । একজন মেডিসিন বিশেষজ্ঞ কে দেখিয়ে নিতে পারেন । ধন্যবাদ । ,,,,মেডিসিন বিশেষজ্ঞ,,,থাইরয়েড পরীক্ষা,মেডিসিন বিশেষজ্ঞ,এন্ডোক্রাইন বিশেষজ্ঞ,আপনাকে ধন্যবাদ প্রশ্ন করার জন্য । আপনি থাইরয়েড পরীক্ষা করান । পানি বেশি করে পান করুন । একজন এন্ডোক্রাইন বিশেষজ্ঞ কে দেখিয়ে নিতে পারেন । ধন্যবাদ ।
আপনাকে ধন্যবাদ প্রশ্ন করার জন্য । আপনি যদি বিবাহিত হন তাহলে প্রেগন্যান্সি পরীক্ষা করান । পরীক্ষার রিপোর্ট পজেটিভ হলে আপনি প্রেগন্যান্ট । আর অন্য কিছু হলে আপনি একজন গাইনী চিকিৎসক এ - র পরামর্শ নিন । ধন্যবাদ । ,,,,গাইনী চিকিৎসক,,,,গাইনী চিকিৎসক,প্রসূতি বিশেষজ্ঞ,আপনাকে ধন্যবাদ প্রশ্ন করার জন্য । আপনি যদি বিবাহিত হন তাহলে প্রেগন্যান্সি পরীক্ষা করান । পরীক্ষার রিপোর্ট পজেটিভ হলে আপনি প্রেগন্যান্ট । আর অন্য কিছু হলে আপনি একজন প্রসূতি বিশেষজ্ঞ এ - র পরামর্শ নিন । ধন্যবাদ ।
"আপনাকে ধন্যবাদ প্রশ্ন করার জন্য । পরীক্ষার মাধ্যমে সমস্যার বর্তমান অবস্থা দেখে এর চিকিৎসা করতে হবে , প্রাথমিক অবস্থায় একজন ব্যায়ামের মাধ্যমে ভালো হওয়া সম্ভব । একজন অর্থোপেডিক্স বিশেষজ্ঞের সাথে যোগাযোগ করে এর চিকিৎসা নিন । ধন্যবাদ । ",,,,অর্থোপেডিক্স বিশেষজ্ঞের,,,,অর্থোপেডিক্স বিশেষজ্ঞের,ফিজিওথেরাপি বিশেষজ্ঞের,"আপনাকে ধন্যবাদ প্রশ্ন করার জন্য । পরীক্ষার মাধ্যমে সমস্যার বর্তমান অবস্থা দেখে এর চিকিৎসা করতে হবে , প্রাথমিক অবস্থায় একজন ব্যায়ামের মাধ্যমে ভালো হওয়া সম্ভব । একজন ফিজিওথেরাপি বিশেষজ্ঞের সাথে যোগাযোগ করে এর চিকিৎসা নিন । ধন্যবাদ ।"
"ডাক্তারভাইকে প্রশ্ন করার জন্য ধন্যবাদ । আপনি শুরু থেকে যে নিয়মে ঔষধটি খেয়ে আসছেন , সে ভাবেই খেতে থাকুন । অনেক ক্ষেত্রে এমন মাসিকের আগে হালকা ব্লিডিং হতে পারে এবং তা আবার ঠিকও হয়ে যায় । আপনি আরও কয়েকটি সাইকেল পর্যবেক্ষণ করুন । লক্ষ্য রাখুন অন্য কোন সমস্যা হয় কিনা অথবা কোন তীব্র ব্যথা হয় কিনা । প্রয়োজনে একবার গাইনী ডাক্তারের পরামর্শ নিয়ে নিন । ধন্যবাদ । ",,,,গাইনী ডাক্তারের,,,,গাইনী ডাক্তারের,স্ত্রীরোগ বিশেষজ্ঞের,"ডাক্তারভাইকে প্রশ্ন করার জন্য ধন্যবাদ । আপনি শুরু থেকে যে নিয়মে ঔষধটি খেয়ে আসছেন , সে ভাবেই খেতে থাকুন । অনেক ক্ষেত্রে এমন মাসিকের আগে হালকা ব্লিডিং হতে পারে এবং তা আবার ঠিকও হয়ে যায় । আপনি আরও কয়েকটি সাইকেল পর্যবেক্ষণ করুন । লক্ষ্য রাখুন অন্য কোন সমস্যা হয় কিনা অথবা কোন তীব্র ব্যথা হয় কিনা । প্রয়োজনে একবার স্ত্রীরোগ বিশেষজ্ঞের পরামর্শ নিয়ে নিন । ধন্যবাদ ।"
Thank you for asking question to Daktarbhai . Pls consult medicine specialist physically . And for cough and headache you can take syrp ambrox 2tbs x 3 times daily ( after meal ) and tab napa extend - - after meal ( if headache ) . Thank you,,,syrp ambrox | tab napa extend,medicine specialist,,2tbs x 3 times daily ( after meal ),,medicine specialist,internal medicine specialist,Thank you for asking question to Daktarbhai . Pls consult internal medicine specialist physically . And for cough and headache you can take syrp ambrox 2tbs x 3 times daily ( after meal ) and tab napa extend - - after meal ( if headache ) . Thank you
"আপনাকে ধন্যবাদ প্রশ্ন করার জন্য । ওজন বাড়ানোর অনেক ডায়েট প্লান আছে যা বয়স ও উচ্চতা অনুযায়ী একজন ডায়েটিসিয়ান দিয়ে থাকেন । আমি আপনাকে একটি সহজ প্লান দিচ্ছি । আপনি মাংস , দুধ , ডিম , ভাত , আলু , মিষ্টি , মাছ বেশি করে খাবেন । নিয়মিত ব্যায়াম করবেন । রাত জাগবেন না । দুশ্চিন্তা করবেন না । ধন্যবাদ",,,,ডায়েটিসিয়ান,,,,ডায়েটিসিয়ান,পুষ্টিবিদ,"আপনাকে ধন্যবাদ প্রশ্ন করার জন্য । ওজন বাড়ানোর অনেক ডায়েট প্লান আছে যা বয়স ও উচ্চতা অনুযায়ী একজন পুষ্টিবিদ দিয়ে থাকেন । আমি আপনাকে একটি সহজ প্লান দিচ্ছি । আপনি মাংস , দুধ , ডিম , ভাত , আলু , মিষ্টি , মাছ বেশি করে খাবেন । নিয়মিত ব্যায়াম করবেন । রাত জাগবেন না । দুশ্চিন্তা করবেন না । ধন্যবাদ"
"আপনাকে ধন্যবাদ প্রশ্ন করার জন্য । আপনি পানি ও ওরস্যালাইন খেতে পারেন । ক্যালসিয়াম , ভিটামিন বি১ , বি৬ , বি ১২ খেয়ে দেখতে পারেন । একজন মেডিসিন ডাক্তারকে দেখিয়ে নিন । ধন্যবাদ",,,"ওরস্যালাইন | ক্যালসিয়াম | ভিটামিন বি১ , বি৬ , বি ১২",মেডিসিন ডাক্তারকে,,,,মেডিসিন ডাক্তারকে,সাধারণ চিকিৎসককে,"আপনাকে ধন্যবাদ প্রশ্ন করার জন্য । আপনি পানি ও ওরস্যালাইন খেতে পারেন । ক্যালসিয়াম , ভিটামিন বি১ , বি৬ , বি ১২ খেয়ে দেখতে পারেন । একজন সাধারণ চিকিৎসককে দেখিয়ে নিন । ধন্যবাদ"
আপনাকে ধন্যবাদ প্রশ্ন করার জন্য । আপনার রক্তের পরিমান মোটামুটি ঠিক আছে । থ্যালাসেমিয়া আছে কিনা তা জানার জন্য অন্য পরীক্ষার প্রয়োজন । আপনার বাবা মা কারো থ্যালাসেমিয়া থাকলে একজন রক্ত রীগ বিশেষজ্ঞ কে দেখিয়ে প্রয়োজনীয় পরীক্ষা করিয়ে নিশ্চিত হন যে আপনার থ্যালাসেমিয়া আছে কিনা । ধন্যবাদ,,থ্যালাসেমিয়া | থ্যালাসেমিয়া | থ্যালাসেমিয়া,,রক্ত রীগ বিশেষজ্ঞ,,,,রক্ত রীগ বিশেষজ্ঞ,হেমাটোলজি বিশেষজ্ঞ,আপনাকে ধন্যবাদ প্রশ্ন করার জন্য । আপনার রক্তের পরিমান মোটামুটি ঠিক আছে । থ্যালাসেমিয়া আছে কিনা তা জানার জন্য অন্য পরীক্ষার প্রয়োজন । আপনার বাবা মা কারো থ্যালাসেমিয়া থাকলে একজন হেমাটোলজি বিশেষজ্ঞ কে দেখিয়ে প্রয়োজনীয় পরীক্ষা করিয়ে নিশ্চিত হন যে আপনার থ্যালাসেমিয়া আছে কিনা । ধন্যবাদ
ধন্যবাদ আপনাকে প্রশ্নের জন্য ৷ অতিদ্রুত একজন শিশু বিশেষজ্ঞ ডাক্তারের পরামর্শ নিন । এই এপে ভিডিও কলে ডাক্তারের পরামর্শ পেতে পারেন । ধন্যবাদ,,,,শিশু বিশেষজ্ঞ,,,,শিশু বিশেষজ্ঞ,নবজাতক বিশেষজ্ঞ,ধন্যবাদ আপনাকে প্রশ্নের জন্য ৷ অতিদ্রুত একজন নবজাতক বিশেষজ্ঞ ডাক্তারের পরামর্শ নিন । এই এপে ভিডিও কলে ডাক্তারের পরামর্শ পেতে পারেন । ধন্যবাদ
আপনাকে ধন্যবাদ প্রশ্ন করার জন্য । কবজির রগ কাটলে একজন অর্থপেডিক্স বিশেষজ্ঞ কে দ্রুত দেখাতে হবে । দেড়ি করলে আপনার হাত আগের মত আর কাজ নাও করতে পারে । ধন্যবাদ,,,,অর্থপেডিক্স বিশেষজ্ঞ,,,,অর্থপেডিক্স বিশেষজ্ঞ,হাতের সার্জারি বিশেষজ্ঞ,আপনাকে ধন্যবাদ প্রশ্ন করার জন্য । কবজির রগ কাটলে একজন হাতের সার্জারি বিশেষজ্ঞ কে দ্রুত দেখাতে হবে । দেড়ি করলে আপনার হাত আগের মত আর কাজ নাও করতে পারে । ধন্যবাদ
"১৬০ কি উপরের টা ( systolic ) ? নাকি নিচের টা ( diastolic ) ? দুটি ক্ষেত্রেই প্রেসার বেশি । মেডিসিন বিশেষজ্ঞ দেখিয়ে প্রেসার বাড়ার কারণটা জেনে , সেই কারণ দূর করতে ও প্রেসার নিয়ন্ত্রণের জন্য বিশেষজ্ঞ এর উপদেশ করা ঔষধ খাওয়া উচিত হবে । ধন্যবাদ । ",,,,মেডিসিন বিশেষজ্ঞ,,,,মেডিসিন বিশেষজ্ঞ,হৃদরোগ বিশেষজ্ঞ,"১৬০ কি উপরের টা ( systolic ) ? নাকি নিচের টা ( diastolic ) ? দুটি ক্ষেত্রেই প্রেসার বেশি । হৃদরোগ বিশেষজ্ঞ দেখিয়ে প্রেসার বাড়ার কারণটা জেনে , সেই কারণ দূর করতে ও প্রেসার নিয়ন্ত্রণের জন্য বিশেষজ্ঞ এর উপদেশ করা ঔষধ খাওয়া উচিত হবে । ধন্যবাদ ।"
"ডাক্তার ভাই কে প্রশ্ন করার জন্য ধন্যবাদ আপনার প্রসাবে ইনফেকশন থাকতে পারে , কিছু পরীক্ষা করতে হবে । আপনি একজন Gynae specialist এর পরামর্শ নিন । ধন্যবাদ",,,,Gynae specialist,,,,Gynae specialist,Urology specialist,"ডাক্তার ভাই কে প্রশ্ন করার জন্য ধন্যবাদ আপনার প্রসাবে ইনফেকশন থাকতে পারে , কিছু পরীক্ষা করতে হবে । আপনি একজন Urology specialist এর পরামর্শ নিন । ধন্যবাদ"
আপনাকে ধন্যবাদ প্রশ্ন করার জন্য । আপনার enthesitis হচ্ছে । আপনি গরম পানির সেক দিন । একজন ফিজিক্যাল মেডিসিন বিশেষজ্ঞ কে দেখিয়ে নিন । ধন্যবাদ,,enthesitis,,ফিজিক্যাল মেডিসিন বিশেষজ্ঞ,,,,ফিজিক্যাল মেডিসিন বিশেষজ্ঞ,বাতরোগ বিশেষজ্ঞ,আপনাকে ধন্যবাদ প্রশ্ন করার জন্য । আপনার enthesitis হচ্ছে । আপনি গরম পানির সেক দিন । একজন বাতরোগ বিশেষজ্ঞ কে দেখিয়ে নিন । ধন্যবাদ
Thank you for asking your question to daktarbhai . Apni akjon pediatric doctor er shate consult korun . ,,,,pediatric doctor,,,,pediatric doctor,child specialist,Thank you for asking your question to daktarbhai . Apni akjon child specialist er shate consult korun .
Thank you for your question Yes you can . consult with your gynaecologist and act accordingly Thank you,,,,gynaecologist,,,,gynaecologist,obstetrician,Thank you for your question Yes you can . consult with your obstetrician and act accordingly Thank you
Thank you for asking question to Daktarbhai . Take tab . Oradin 10mg - - 0 + 0 + 1 - - - 15 days . Consult a dermatologist physically . Thanks,,,tab . Oradin 10mg,dermatologist,,0 + 0 + 1,,dermatologist,allergist,Thank you for asking question to Daktarbhai . Take tab . Oradin 10mg - - 0 + 0 + 1 - - - 15 days . Consult an allergist physically . Thanks
আমার মার বয়স 34 তার আঙ্গুলে অনেক ফোলা ফোলা হয়ে গিয়েছে সে কিছুই ধরতে পারে না তার বাম হাত দিয়ে খেতে হয় ঝাল ধরলে ব্যথা করে খুব ব্যথা করে উনি একজন স্কিন স্পেশালিস্ট এর সাথে ফোনে কথা বলেছেন তারপর বলা হয়েছে যে ওখানে পানি না লাগাতে কিন্তু তাও ওটা ঠিক হয়নি তারপর ওই আঙ্গুলটা থেকে তার পাশের আঙ্গুলে ও এখন এরকম ফলাফলা হয়ে গিয়েছে ওটা ভালোই ফুলেছে এখন এটার জন্য পরামর্শ চাচ্ছি,আঙ্গুলে অনেক ফোলা ফোলা | ঝাল ধরলে ব্যথা | পাশের আঙ্গুলে ও এখন এরকম ফলাফলা,,,স্কিন স্পেশালিস্ট,34,,,স্কিন স্পেশালিস্ট,রিউমাটোলজি বিশেষজ্ঞ,আমার মার বয়স 34 তার আঙ্গুলে অনেক ফোলা ফোলা হয়ে গিয়েছে সে কিছুই ধরতে পারে না তার বাম হাত দিয়ে খেতে হয় ঝাল ধরলে ব্যথা করে খুব ব্যথা করে উনি একজন রিউমাটোলজি বিশেষজ্ঞ এর সাথে ফোনে কথা বলেছেন তারপর বলা হয়েছে যে ওখানে পানি না লাগাতে কিন্তু তাও ওটা ঠিক হয়নি তারপর ওই আঙ্গুলটা থেকে তার পাশের আঙ্গুলে ও এখন এরকম ফলাফলা হয়ে গিয়েছে ওটা ভালোই ফুলেছে এখন এটার জন্য পরামর্শ চাচ্ছি
"ডাক্তারভাইকে প্রশ্ন করার জন্য ধন্যবাদ । Implant ব্যবহার করার সুবিধা ও অসুবিধা দুটোই আছে । পরবর্তীতে সমস্যা হবার মধ্যে অন্যতম হলো - মাথা ব্যথা , বমি ভাব , অরুচি , ব্রেস্ট ব্যথা ও মুড সুইং । পিরিয়ডের ক্ষেত্রে পিরিয়ড অনিয়মিত হতে পারে কিংবা implant ব্যবহারকালীন সময়ে বন্ধও হয়ে যেতে পারে । Implant ব্যবহার করার আগে অবশ্যই গাইনী ডাক্তারের সাথে পরামর্শ করে নিবেন । ধন্যবাদ । ","মাথা ব্যথা , বমি ভাব , অরুচি , ব্রেস্ট ব্যথা ও মুড সুইং | পিরিয়ডের ক্ষেত্রে পিরিয়ড অনিয়মিত হতে পারে",,,গাইনী ডাক্তারের,,,,গাইনী ডাক্তারের,স্ত্রীরোগ বিশেষজ্ঞের,"ডাক্তারভাইকে প্রশ্ন করার জন্য ধন্যবাদ । Implant ব্যবহার করার সুবিধা ও অসুবিধা দুটোই আছে । পরবর্তীতে সমস্যা হবার মধ্যে অন্যতম হলো - মাথা ব্যথা , বমি ভাব , অরুচি , ব্রেস্ট ব্যথা ও মুড সুইং । পিরিয়ডের ক্ষেত্রে পিরিয়ড অনিয়মিত হতে পারে কিংবা implant ব্যবহারকালীন সময়ে বন্ধও হয়ে যেতে পারে । Implant ব্যবহার করার আগে অবশ্যই স্ত্রীরোগ বিশেষজ্ঞের সাথে পরামর্শ করে নিবেন । ধন্যবাদ ।"
ধন্যবাদ আপনাকে প্রশ্নের জন্য । এতদিন পুরনো সমস্যার জন্য আরো আগেই ডাক্তার দেখানো দরকার ছিল । আপনি সরাসরি একজন মেডিসিন বিশেষজ্ঞ ডাক্তারের পরামর্শ নিন । কিছু টেস্ট করতে হবে । ধন্যবাদ,,,,মেডিসিন বিশেষজ্ঞ,,,,মেডিসিন বিশেষজ্ঞ,জেনারেল ফিজিশিয়ান,ধন্যবাদ আপনাকে প্রশ্নের জন্য । এতদিন পুরনো সমস্যার জন্য আরো আগেই ডাক্তার দেখানো দরকার ছিল । আপনি সরাসরি একজন জেনারেল ফিজিশিয়ান ডাক্তারের পরামর্শ নিন । কিছু টেস্ট করতে হবে । ধন্যবাদ
Then you can check your Serum Vitamin D level to exclude hypervitaminosis . You may Need to Consult with medicine specialist for this purpose . Thanks . ,,,,medicine specialist,,,Serum Vitamin D level,medicine specialist,endocrinologist,Then you can check your Serum Vitamin D level to exclude hypervitaminosis . You may Need to Consult with endocrinologist for this purpose . Thanks .
ডাক্তার ভাইকে প্রশ্ন করার জন্য আপনাকে ধন্যবাদ ৷ আপনার বাচ্চার বয়স ৪বছর নাকি ৪মাস তা এখানে বোধগম্য নয় । আপনি একজন শিশু বিশেষজ্ঞ কে দেখান । আর জরের জন্য নাপা সিরাপ খাওয়ান । ধন্যবাদ,,,নাপা সিরাপ,শিশু বিশেষজ্ঞ,,,,শিশু বিশেষজ্ঞ,শিশু সংক্রামক রোগ বিশেষজ্ঞ,ডাক্তার ভাইকে প্রশ্ন করার জন্য আপনাকে ধন্যবাদ ৷ আপনার বাচ্চার বয়স ৪বছর নাকি ৪মাস তা এখানে বোধগম্য নয় । আপনি একজন শিশু সংক্রামক রোগ বিশেষজ্ঞ কে দেখান । আর জরের জন্য নাপা সিরাপ খাওয়ান । ধন্যবাদ
আপনাকে ধন্যবাদ প্রশ্ন করার জন্য । আপনার আম্মার সমস্যা প্যারাসিটামল না খেয়ে কমলে প্রাথমিক চিকিৎসা তে আর কমবে না । আপনি একজন অর্থপেডিক্স বিশেষজ্ঞ কে দেখিয়ে নিন । ধন্যবাদ । ,,,প্যারাসিটামল,অর্থপেডিক্স বিশেষজ্ঞ,,,,অর্থপেডিক্স বিশেষজ্ঞ,ফিজিক্যাল মেডিসিন ও পুনর্বাসন বিশেষজ্ঞ,আপনাকে ধন্যবাদ প্রশ্ন করার জন্য । আপনার আম্মার সমস্যা প্যারাসিটামল না খেয়ে কমলে প্রাথমিক চিকিৎসা তে আর কমবে না । আপনি একজন ফিজিক্যাল মেডিসিন ও পুনর্বাসন বিশেষজ্ঞ কে দেখিয়ে নিন । ধন্যবাদ ।
ডাক্তার ভাই কে প্রশ্ন করার জন্য ধন্যবাদ । কিডনী বা লিভার এর ক্ষতি হতে পারে আপনি সরাসরি একজন Medicine বিশেষজ্ঞ এর পরামর্শ নিতে পারেন ধন্যবাদ,,,,Medicine বিশেষজ্ঞ,,,,Medicine বিশেষজ্ঞ,নেফ্রোলজি বিশেষজ্ঞ,ডাক্তার ভাই কে প্রশ্ন করার জন্য ধন্যবাদ । কিডনী বা লিভার এর ক্ষতি হতে পারে আপনি সরাসরি একজন নেফ্রোলজি বিশেষজ্ঞ এর পরামর্শ নিতে পারেন ধন্যবাদ
আপনাকে ধন্যবাদ প্রশ্ন করার জন্য । আপনার কিছু পরিক্ষা করা প্রয়োজন । একজন মেডিসিন বিশেষজ্ঞ কে দেখান । ধন্যবাদ,,,,মেডিসিন বিশেষজ্ঞ,,,,মেডিসিন বিশেষজ্ঞ,পারিবারিক চিকিৎসক,আপনাকে ধন্যবাদ প্রশ্ন করার জন্য । আপনার কিছু পরিক্ষা করা প্রয়োজন । একজন পারিবারিক চিকিৎসক কে দেখান । ধন্যবাদ
"ডাক্তার ভাইকে প্রশ্ন করার জন্য ধন্যবাদ । Tab Cef 3 DS , 1 + 0 + 1 , 7 Days . এবং অবশ্যই একজন ডেন্টিস্টের পরামর্শ নিবেন । ধন্যবাদ",,,Tab Cef 3 DS,ডেন্টিস্টের,,1 + 0 + 1,,ডেন্টিস্টের,ওরাল ও ম্যাক্সিলোফেসিয়াল সার্জনের,"ডাক্তার ভাইকে প্রশ্ন করার জন্য ধন্যবাদ । Tab Cef 3 DS , 1 + 0 + 1 , 7 Days . এবং অবশ্যই একজন ওরাল ও ম্যাক্সিলোফেসিয়াল সার্জনের পরামর্শ নিবেন । ধন্যবাদ"
"আপনাকে ধন্যবাদ প্রশ্ন করার জন্য । আপনি গলা ব্যাথার জন্য প্যারাসিটামল খেতে পারেন । আদা , মধু , গরম পানি খান । সিরাপ হানিকল দুই চামচ করে তিন বেলা খেতে পারেন । ভাল না হলে একজন নাক কান গলা বিশেষজ্ঞ ডাক্তার কে দেখিয়ে নিন । ধন্যবাদ । ",,,প্যারাসিটামল | সিরাপ হানিকল,নাক কান গলা বিশেষজ্ঞ,,দুই চামচ করে তিন বেলা,,নাক কান গলা বিশেষজ্ঞ,মেডিসিন বিশেষজ্ঞ,"আপনাকে ধন্যবাদ প্রশ্ন করার জন্য । আপনি গলা ব্যাথার জন্য প্যারাসিটামল খেতে পারেন । আদা , মধু , গরম পানি খান । সিরাপ হানিকল দুই চামচ করে তিন বেলা খেতে পারেন । ভাল না হলে একজন মেডিসিন বিশেষজ্ঞ ডাক্তার কে দেখিয়ে নিন । ধন্যবাদ ।"
আপনাকে ধন্যবাদ প্রশ্ন করার জন্য । আপনার সমস্যা কানের ভিতরে যন্ত্র দিয়ে না দেখে বোঝা যাচ্ছে না । নাক কান গলা বিশেষজ্ঞ কে দেখাতে হবে । কানে কোনো মলম বা ড্রপ আপাতত দিয়েন না । ধন্যবাদ । ,,,,নাক কান গলা বিশেষজ্ঞ,,,,নাক কান গলা বিশেষজ্ঞ,কর্ণরোগ বিশেষজ্ঞ,আপনাকে ধন্যবাদ প্রশ্ন করার জন্য । আপনার সমস্যা কানের ভিতরে যন্ত্র দিয়ে না দেখে বোঝা যাচ্ছে না । কর্ণরোগ বিশেষজ্ঞ কে দেখাতে হবে । কানে কোনো মলম বা ড্রপ আপাতত দিয়েন না । ধন্যবাদ ।
আপনাকে ধন্যবাদ প্রশ্ন করার জন্য । চুল পরে যাওয়া বংশগত হতে পারে যা থেকে রক্ষা পাওয়ার খুব বেশি উপায় নাই । কিন্তু কিছু মেডিকেল কারনেও চুল পরতে পারে । আবার চুলে খুশকি থাকলেও চুল পরে । আপনি একজন চর্ম ডাক্তারের পরামর্শ নিন । দুশ্চিন্তা করলে চুল বেশি পরে । ধন্যবাদ,,,,চর্ম ডাক্তারের,,,,চর্ম ডাক্তারের,হরমোন বিশেষজ্ঞের,আপনাকে ধন্যবাদ প্রশ্ন করার জন্য । চুল পরে যাওয়া বংশগত হতে পারে যা থেকে রক্ষা পাওয়ার খুব বেশি উপায় নাই । কিন্তু কিছু মেডিকেল কারনেও চুল পরতে পারে । আবার চুলে খুশকি থাকলেও চুল পরে । আপনি একজন হরমোন বিশেষজ্ঞের পরামর্শ নিন । দুশ্চিন্তা করলে চুল বেশি পরে । ধন্যবাদ
Thank you for your question . It is not clear why you have cough though your reports are all normal as you said . Please consult with medicine specialist . Thank you . ,,,,medicine specialist,,,,medicine specialist,pulmonologist,Thank you for your question . It is not clear why you have cough though your reports are all normal as you said . Please consult with pulmonologist . Thank you .
ডাক্তার ভাই কে প্রশ্ন করার জন্য ধন্যবাদ রোগীর অবস্হার উপর নির্ভর করে ডোজ ঠিক করা হয় আপনি এই ব্যাপারে একজন Medicine বিশেষজ্ঞ এর পরামর্শ নিন ধন্যবাদ,,,,Medicine বিশেষজ্ঞ,,,,Medicine বিশেষজ্ঞ,অভ্যন্তরীণ রোগ বিশেষজ্ঞ,ডাক্তার ভাই কে প্রশ্ন করার জন্য ধন্যবাদ রোগীর অবস্হার উপর নির্ভর করে ডোজ ঠিক করা হয় আপনি এই ব্যাপারে একজন অভ্যন্তরীণ রোগ বিশেষজ্ঞ এর পরামর্শ নিন ধন্যবাদ
"আপনাকে ধন্যবাদ প্রশ্ন করার জন্য । আপনি হাসপাতালে ইমার্জেন্সি বিভাগে যোগাযোগ করুন । আপনার ডায়াবেটিস , প্রেশার মাপুন , ইসিজি করুন । ধন্যবাদ । ",,,,ইমার্জেন্সি বিভাগে,,,ডায়াবেটিস | প্রেশার মাপুন | ইসিজি,ইমার্জেন্সি বিভাগে,মেডিসিন বিভাগে,"আপনাকে ধন্যবাদ প্রশ্ন করার জন্য । আপনি হাসপাতালে মেডিসিন বিভাগে যোগাযোগ করুন । আপনার ডায়াবেটিস , প্রেশার মাপুন , ইসিজি করুন । ধন্যবাদ ।"
আপনাকে ধন্যবাদ প্রশ্ন করার জন্য । প্রথমত আপনার সমস্যাটি দেখা প্রয়োজন এছাড়া রোগটি সম্পর্কে সঠিক ধারনা পাচ্ছি না । আপনি আপনার নিকটস্থ একজন রেজিস্টার্ড চিকিৎসক কে সমস্যাটি দেখিয়ে এর চিকিৎসা নিন । রোদে গেলে অবশ্যই ছাতা ব্যাবহার করুন এবং ত্বকে সানস্ক্রিন ক্রিম ব্যাবহার করুন । ধন্যবাদ । ,,,সানস্ক্রিন ক্রিম,রেজিস্টার্ড চিকিৎসক,,,,রেজিস্টার্ড চিকিৎসক,চর্মরোগ বিশেষজ্ঞ,আপনাকে ধন্যবাদ প্রশ্ন করার জন্য । প্রথমত আপনার সমস্যাটি দেখা প্রয়োজন এছাড়া রোগটি সম্পর্কে সঠিক ধারনা পাচ্ছি না । আপনি আপনার নিকটস্থ একজন চর্মরোগ বিশেষজ্ঞ কে সমস্যাটি দেখিয়ে এর চিকিৎসা নিন । রোদে গেলে অবশ্যই ছাতা ব্যাবহার করুন এবং ত্বকে সানস্ক্রিন ক্রিম ব্যাবহার করুন । ধন্যবাদ ।
"ডাক্তার ভাইকে প্রশ্ন করার জন্য ধন্যবাদ । আপনি অতি দ্রুত অবশ্যই একজন গাইনী বিশেষজ্ঞ কে দেখান , এ বিষয়ে আর অপেক্ষা করা ঠিক হবে না । ধন্যবাদ । ",,,,গাইনী বিশেষজ্ঞ,,,,গাইনী বিশেষজ্ঞ,প্রসূতি বিশেষজ্ঞ,"ডাক্তার ভাইকে প্রশ্ন করার জন্য ধন্যবাদ । আপনি অতি দ্রুত অবশ্যই একজন প্রসূতি বিশেষজ্ঞ কে দেখান , এ বিষয়ে আর অপেক্ষা করা ঠিক হবে না । ধন্যবাদ ।"
"ডাক্তার ভাইকে প্রশ্ন করার জন্য ধন্যবাদ । Tab Rolac 10 , . 1 + 0 + 1 , 7 days . এছাড়া অবশ্যই একজন নাক কান গলা বিশেষজ্ঞের পরামর্শ নিবেন । ধন্যবাদ",,,Tab Rolac 10,নাক কান গলা বিশেষজ্ঞের,,1 + 0 + 1,,নাক কান গলা বিশেষজ্ঞের,বক্ষব্যাধি বিশেষজ্ঞের,"ডাক্তার ভাইকে প্রশ্ন করার জন্য ধন্যবাদ । Tab Rolac 10 , . 1 + 0 + 1 , 7 days . এছাড়া অবশ্যই একজন বক্ষব্যাধি বিশেষজ্ঞের পরামর্শ নিবেন । ধন্যবাদ"
"আপনাকে ধন্যবাদ প্রশ্ন করার জন্য । চুল সব মানূষের পরে । কারো যদি দিনে ১০০টার বেশি পরে তাহলে অবশ্যই ডাক্তার দেখাতে হবে । চুল পড়ার কারনের মধ্যে বংশগত সমস্যা বেশি । বাবা মার চুল পড়লে ছেলে / মেয়ের চুল পড়তে পারে । কিছু হরমনের সমস্যা যেমন থাইরয়েড , টেস্টেস্টেরন ইত্যাদির সমস্যার কারনেও চুল পড়তে পারে । কিছু অভ্যাস যেমন বার বার মাথায় চুলে হাত দেয়া , খুশকি , ময়লা মাথা ইত্যাদির কারনেও চুল পরে । রক্ত শূন্যতা , ভিটামিনের অভাব ইত্যাদি কারনেও চুল পরে । রোগ হলে চর্ম রোগের বিশেষজ্ঞ কে না দেখালে সমাধান হবে না । আজকাল অনেক ভাল ভাল চিকিৎসা বের হয়েছে । তেল লাগাতে পারেন । খুশকি দূর করতে হবে । সিলেক্ট প্লাস শ্যাম্পু ব্যবহার করুন তিন দিন পর পর । ধন্যবাদ",,চুল পড়ার কারনের মধ্যে বংশগত সমস্যা বেশি,সিলেক্ট প্লাস শ্যাম্পু,চর্ম রোগের,,,,চর্ম রোগের,চুলের রোগের,"আপনাকে ধন্যবাদ প্রশ্ন করার জন্য । চুল সব মানূষের পরে । কারো যদি দিনে ১০০টার বেশি পরে তাহলে অবশ্যই ডাক্তার দেখাতে হবে । চুল পড়ার কারনের মধ্যে বংশগত সমস্যা বেশি । বাবা মার চুল পড়লে ছেলে / মেয়ের চুল পড়তে পারে । কিছু হরমনের সমস্যা যেমন থাইরয়েড , টেস্টেস্টেরন ইত্যাদির সমস্যার কারনেও চুল পড়তে পারে । কিছু অভ্যাস যেমন বার বার মাথায় চুলে হাত দেয়া , খুশকি , ময়লা মাথা ইত্যাদির কারনেও চুল পরে । রক্ত শূন্যতা , ভিটামিনের অভাব ইত্যাদি কারনেও চুল পরে । রোগ হলে চুলের রোগের বিশেষজ্ঞ কে না দেখালে সমাধান হবে না । আজকাল অনেক ভাল ভাল চিকিৎসা বের হয়েছে । তেল লাগাতে পারেন । খুশকি দূর করতে হবে । সিলেক্ট প্লাস শ্যাম্পু ব্যবহার করুন তিন দিন পর পর । ধন্যবাদ"
আপনাকে ধন্যবাদ প্রশ্ন করার জন্য । আপনি ডায়াবেটিস ও থাইরয়েড এ - র পরিক্ষা করান । একজন মেডিসিন বিশেষজ্ঞ কে দেখান । ধন্যবাদ । ,,,,মেডিসিন বিশেষজ্ঞ,,,ডায়াবেটিস ও থাইরয়েড এ - র পরিক্ষা,মেডিসিন বিশেষজ্ঞ,এন্ডোক্রাইনোলজি বিশেষজ্ঞ,আপনাকে ধন্যবাদ প্রশ্ন করার জন্য । আপনি ডায়াবেটিস ও থাইরয়েড এ - র পরিক্ষা করান । একজন এন্ডোক্রাইনোলজি বিশেষজ্ঞ কে দেখান । ধন্যবাদ ।
ডাক্তার ভাইকে প্রশ্ন করার জন্য ধন্যবাদ । আপনি এক্ষেত্রে একজন শিশু বিশেষজ্ঞের পরামর্শ নিন । ধন্যবাদ,,,,শিশু বিশেষজ্ঞের,,,,শিশু বিশেষজ্ঞের,শিশু সার্জনের,ডাক্তার ভাইকে প্রশ্ন করার জন্য ধন্যবাদ । আপনি এক্ষেত্রে একজন শিশু সার্জনের পরামর্শ নিন । ধন্যবাদ
"ডাক্তার ভাই কে প্রশ্ন করার জন্য ধন্যবাদ । vaccine নেওয়ার পর এমন হতে পারে , আপনি Napa 500mg প্রতিবেলা ১ টা করে ৫দিন খেতে পারেন । একজন Medicine বিশেষজ্ঞ চিকিৎসকের পরামর্শ নিতে পারেন ধন্যবাদ । ",,,Napa 500mg,Medicine বিশেষজ্ঞ,,প্রতিবেলা ১ টা করে ৫দিন,,Medicine বিশেষজ্ঞ,General Physician,"ডাক্তার ভাই কে প্রশ্ন করার জন্য ধন্যবাদ । vaccine নেওয়ার পর এমন হতে পারে , আপনি Napa 500mg প্রতিবেলা ১ টা করে ৫দিন খেতে পারেন । একজন General Physician চিকিৎসকের পরামর্শ নিতে পারেন ধন্যবাদ ।"
আপনাকে ধন্যবাদ প্রশ্ন করার জন্য । আপনার প্রেশার স্বাভাবিক আছে । দুশ্চিন্তা করবেন না । ট্যাবলেট ওমিডন ১০ মিলিগ্রাম সকালে ও রাতে একটা করে খাবার আগে খান । প্রয়োজন এ একজন মেডিসিন বিশেষজ্ঞ কে দেখিয়ে নিতে পারেন । ধন্যবাদ । ,,,ট্যাবলেট ওমিডন ১০ মিলিগ্রাম,মেডিসিন বিশেষজ্ঞ,,সকালে ও রাতে একটা,,মেডিসিন বিশেষজ্ঞ,হৃদরোগ বিশেষজ্ঞ,আপনাকে ধন্যবাদ প্রশ্ন করার জন্য । আপনার প্রেশার স্বাভাবিক আছে । দুশ্চিন্তা করবেন না । ট্যাবলেট ওমিডন ১০ মিলিগ্রাম সকালে ও রাতে একটা করে খাবার আগে খান । প্রয়োজন এ একজন হৃদরোগ বিশেষজ্ঞ কে দেখিয়ে নিতে পারেন । ধন্যবাদ ।
"ধন্যবাদ আপনাকে প্রশ্ন করার জন্য । আপনি শাকসব্জি , ফল , আঁশযুক্ত খাবার খাবেন , পানি খাবেন , ইসুবগুলের ভূষি খাবেন । খালিপেটে থাকবেন না । চা , কফি , গরু , খাসী , মসলাযুক্ত , ভাজাপোড়া কম খাবেন । একজন মেডিসিন বিশেষজ্ঞের পরামর্শ নিন । এই এপের মাধ্যমে ভিডিও কনফারেন্সে চিকিৎসকের পরামর্শ নিতে পারেন । ধন্যবাদ",,,,মেডিসিন বিশেষজ্ঞের,,,,মেডিসিন বিশেষজ্ঞের,গ্যাস্ট্রোএন্টেরোলজি বিশেষজ্ঞের,"ধন্যবাদ আপনাকে প্রশ্ন করার জন্য । আপনি শাকসব্জি , ফল , আঁশযুক্ত খাবার খাবেন , পানি খাবেন , ইসুবগুলের ভূষি খাবেন । খালিপেটে থাকবেন না । চা , কফি , গরু , খাসী , মসলাযুক্ত , ভাজাপোড়া কম খাবেন । একজন গ্যাস্ট্রোএন্টেরোলজি বিশেষজ্ঞের পরামর্শ নিন । এই এপের মাধ্যমে ভিডিও কনফারেন্সে চিকিৎসকের পরামর্শ নিতে পারেন । ধন্যবাদ"
আপনাকে ধন্যবাদ প্রশ্ন করার জন্য । আপনি চুলে খুশকির জন্য সপ্তাহে দুই বার সিলেক্ট প্লাস শেম্পু ব্যবহার করতে পারেন । ১০০ টার বেশি চুল প্রতিদিন পড়লে একজন চর্ম রোগের ডাক্তার কে দেখিয়ে নিন । ধন্যবাদ,,,,চর্ম রোগের ডাক্তার,,,,চর্ম রোগের ডাক্তার,ট্রাইকোলজিস্ট,আপনাকে ধন্যবাদ প্রশ্ন করার জন্য । আপনি চুলে খুশকির জন্য সপ্তাহে দুই বার সিলেক্ট প্লাস শেম্পু ব্যবহার করতে পারেন । ১০০ টার বেশি চুল প্রতিদিন পড়লে একজন ট্রাইকোলজিস্ট কে দেখিয়ে নিন । ধন্যবাদ
"আপনাকে ধন্যবাদ প্রশ্ন করার জন্য । অতিসত্বর একজন শিশু বিশেষজ্ঞের সাথে দেখা করে সরাসরি পরামর্শ নিন , কিছু প্রয়োজনীয় পরীক্ষা ও টেস্ট ছাড়া জ্বরের কারণ নির্নয় ও এজন্য উপযুক্ত ঔষধ দেয়া সম্ভব হচ্ছে না । বর্তমান পরিস্থিতিতে তা সম্ভব না হলে , আপনি ডাক্তারভাই এপ্লিকেশন থেকে ' Video Call To A Doctor ' সার্ভিসটি ব্যবহার করে একজন শিশু বিশেষজ্ঞ ডাক্তারের এপয়েন্টমেন্ট নিয়ে ভিডিও কল এ কথা বলতে পারেন এবং ডাক্তার - এর লেখা প্রেস্ক্রিপশন আপনি আপনার এপ্লিকেশন এ পেয়ে যাবেন । আরও বিস্তারিত জানতে < NUMBER > তে কল করুন । ধন্যবাদ । ",,,,শিশু বিশেষজ্ঞের | শিশু বিশেষজ্ঞ,,,,শিশু বিশেষজ্ঞের | শিশু বিশেষজ্ঞ,শিশু সংক্রামক রোগ বিশেষজ্ঞ,"আপনাকে ধন্যবাদ প্রশ্ন করার জন্য । অতিসত্বর একজন শিশু সংক্রামক রোগ বিশেষজ্ঞের সাথে দেখা করে সরাসরি পরামর্শ নিন , কিছু প্রয়োজনীয় পরীক্ষা ও টেস্ট ছাড়া জ্বরের কারণ নির্নয় ও এজন্য উপযুক্ত ঔষধ দেয়া সম্ভব হচ্ছে না । বর্তমান পরিস্থিতিতে তা সম্ভব না হলে , আপনি ডাক্তারভাই এপ্লিকেশন থেকে ' Video Call To A Doctor ' সার্ভিসটি ব্যবহার করে একজন শিশু বিশেষজ্ঞ ডাক্তারের এপয়েন্টমেন্ট নিয়ে ভিডিও কল এ কথা বলতে পারেন এবং ডাক্তার - এর লেখা প্রেস্ক্রিপশন আপনি আপনার এপ্লিকেশন এ পেয়ে যাবেন । আরও বিস্তারিত জানতে < NUMBER > তে কল করুন । ধন্যবাদ ।"
আপনাকে ধন্যবাদ প্রশ্ন করার জন্য । আপনার সমস্যা না দেখে সমাধান করা যাবে না । প্রাথমিকভাবে আপনি ভিটামিন বি১ বি ৬ ও বি ১২ এর কম্বিনেশন খেতে পারেন প্রতিদিন ২ টা করে । একজন নিউরো মেডিসিন বিশেষজ্ঞের পরামর্শ নিতে পারেন । ধন্যবাদ,,,ভিটামিন বি১ বি ৬ ও বি ১২,নিউরো মেডিসিন বিশেষজ্ঞের,,২ টা,,নিউরো মেডিসিন বিশেষজ্ঞের,নিউরোসার্জনের,আপনাকে ধন্যবাদ প্রশ্ন করার জন্য । আপনার সমস্যা না দেখে সমাধান করা যাবে না । প্রাথমিকভাবে আপনি ভিটামিন বি১ বি ৬ ও বি ১২ এর কম্বিনেশন খেতে পারেন প্রতিদিন ২ টা করে । একজন নিউরোসার্জনের পরামর্শ নিতে পারেন । ধন্যবাদ
thanks for your question to daktarbhai . . . Please consult with rheumatologist for further management,,,,rheumatologist,,,,rheumatologist,orthopedist,thanks for your question to daktarbhai . . . Please consult with an orthopedist for further management
ডাক্তার ভাইকে প্রশ্ন করার জন্য ধন্যবাদ । আপনি অবশ্যই অতি দ্রুত একজন অভিজ্ঞ শিশু বিশেষজ্ঞের পরামর্শ নিন । ধন্যবাদ,,,,শিশু বিশেষজ্ঞের,,,,শিশু বিশেষজ্ঞের,নবজাতক বিশেষজ্ঞের,ডাক্তার ভাইকে প্রশ্ন করার জন্য ধন্যবাদ । আপনি অবশ্যই অতি দ্রুত একজন অভিজ্ঞ নবজাতক বিশেষজ্ঞের পরামর্শ নিন । ধন্যবাদ
"ডাক্তার ভাই কে প্রশ্ন করার জন্য ধন্যবাদ । Syrup Inolac , দুই চামচ , প্রতিরাতে , তিন থেকে পাঁচ দিন , পায়খানা নরম হওয়ার আগ পর্যন্ত খাবেন এবং একজন কোলোরেক্টাল বিশেষজ্ঞের পরামর্শ নিবেন । ধন্যবাদ",,,Syrup Inolac,কোলোরেক্টাল বিশেষজ্ঞের,,"দুই চামচ , প্রতিরাতে",,কোলোরেক্টাল বিশেষজ্ঞের,গ্যাস্ট্রোএন্টারোলজি বিশেষজ্ঞের,"ডাক্তার ভাই কে প্রশ্ন করার জন্য ধন্যবাদ । Syrup Inolac , দুই চামচ , প্রতিরাতে , তিন থেকে পাঁচ দিন , পায়খানা নরম হওয়ার আগ পর্যন্ত খাবেন এবং একজন গ্যাস্ট্রোএন্টারোলজি বিশেষজ্ঞের পরামর্শ নিবেন । ধন্যবাদ"
ডাক্তার ভাইকে প্রশ্ন করার জন্য ধন্যবাদ । বাচ্চার ওজন কত জানান নাই । আপনি একজন অভিজ্ঞ শিশু বিশেষজ্ঞের পরামর্শ নিন দ্রুত । ধন্যবাদ,,,,শিশু বিশেষজ্ঞের,,,,শিশু বিশেষজ্ঞের,নবজাতক বিশেষজ্ঞের,ডাক্তার ভাইকে প্রশ্ন করার জন্য ধন্যবাদ । বাচ্চার ওজন কত জানান নাই । আপনি একজন অভিজ্ঞ নবজাতক বিশেষজ্ঞের পরামর্শ নিন দ্রুত । ধন্যবাদ
আপনাকে ধন্যবাদ প্রশ্ন করার জন্য । টাইফয়েড জ্বরে চুল পরে যেতে পারে । আগের অবস্থায় আপনি আপনার চুল আর নাও আসতে পারে । আপনি একজন চর্ম রোগের ডাক্তার কে দেখিয়ে নিন । ধন্যবাদ,জ্বরে,টাইফয়েড,,চর্ম রোগের ডাক্তার,,,,চর্ম রোগের ডাক্তার,হরমোন বিশেষজ্ঞ,আপনাকে ধন্যবাদ প্রশ্ন করার জন্য । টাইফয়েড জ্বরে চুল পরে যেতে পারে । আগের অবস্থায় আপনি আপনার চুল আর নাও আসতে পারে । আপনি একজন হরমোন বিশেষজ্ঞ কে দেখিয়ে নিন । ধন্যবাদ
ডাক্তার ভাইকে প্রশ্ন করার জন্য ধন্যবাদ । আপনি বাচ্চার বিষয়ে একজন অভিজ্ঞ শিশু বিশেষজ্ঞের পরামর্শ নিন । ধন্যবাদ,,,,শিশু বিশেষজ্ঞের,,,,শিশু বিশেষজ্ঞের,নবজাতক বিশেষজ্ঞের,ডাক্তার ভাইকে প্রশ্ন করার জন্য ধন্যবাদ । আপনি বাচ্চার বিষয়ে একজন অভিজ্ঞ নবজাতক বিশেষজ্ঞের পরামর্শ নিন । ধন্যবাদ
i have gynecomastia problem . i wants to talk a surgery doctor about its treatment . how can i got this help . ,,gynecomastia,,surgery doctor,,,,surgery doctor,plastic surgeon,i have gynecomastia problem . i wants to talk a plastic surgeon about its treatment . how can i got this help .
ডাক্তার ভাই কে প্রশ্ন করার জন্য ধন্যবাদ । আপনি জ্বরের জন্য Napa Pediatric drop ৩ বেলা 1 . 5ml করে খাওয়াবেন বাচ্চার ওজন উল্লেখ করলে ভাল হতো । আর একজন Pediatricianএর সাথে যোগাযোগ করুন ধন্যবাদ । ,,,Napa Pediatric drop,Pediatricianএর,,৩ বেলা 1 . 5ml,,Pediatricianএর,শিশুরোগ বিশেষজ্ঞের,ডাক্তার ভাই কে প্রশ্ন করার জন্য ধন্যবাদ । আপনি জ্বরের জন্য Napa Pediatric drop ৩ বেলা 1 . 5ml করে খাওয়াবেন বাচ্চার ওজন উল্লেখ করলে ভাল হতো । আর একজন শিশুরোগ বিশেষজ্ঞের সাথে যোগাযোগ করুন ধন্যবাদ ।
ধন্যবাদ আপনাকে প্রশ্নের জন্য । আপনি একজন গাইনি চিকিৎসকের পরামর্শ নিন । ভিডিও কলের মাধ্যমে এপয়েনমেন্ট নিয়ে সরাসরি কথা বলতে পারবেন । ধন্যবাদ,,,,গাইনি চিকিৎসকের,,,,গাইনি চিকিৎসকের,স্ত্রীরোগ বিশেষজ্ঞের,ধন্যবাদ আপনাকে প্রশ্নের জন্য । আপনি একজন স্ত্রীরোগ বিশেষজ্ঞের পরামর্শ নিন । ভিডিও কলের মাধ্যমে এপয়েনমেন্ট নিয়ে সরাসরি কথা বলতে পারবেন । ধন্যবাদ
ডাক্তার ভাই কে প্রশ্ন করার জন্য ধন্যবাদ । Ambrox এর সাথে Alatrol Pediatric drop 10 ফোটা করে রাতে খাওয়াতে পারেন সরাসরি একজন Pediatricianএর সাথে যোগাযোগ করতে পারেন ধন্যবাদ । ,,,Ambrox | Alatrol Pediatric drop,Pediatricianএর,,10 ফোটা,,Pediatricianএর,বক্ষব্যাধি বিশেষজ্ঞের,ডাক্তার ভাই কে প্রশ্ন করার জন্য ধন্যবাদ । Ambrox এর সাথে Alatrol Pediatric drop 10 ফোটা করে রাতে খাওয়াতে পারেন সরাসরি একজন বক্ষব্যাধি বিশেষজ্ঞের সাথে যোগাযোগ করতে পারেন ধন্যবাদ ।
আপনাকে ধন্যবাদ প্রশ্ন করার জন্য । আপনি একটানা দাড়িয়া বা বসে থাকবেন না । ১ ঘন্টা পর পর বিশ্রাম নিবেন । হাটুতে বেশি চাপ পরে এমন কাজ করবেন না যেমন ঝুকে ভাড়ি জিনিস উঠানো । হাটুতে গরম পানির সেক দিন আধা ঘন্টা করে দুই বার । হাটুর মোজা ( knee cap ) ব্যবহার করুন । হাটুর কিছু ব্যায়াম আছে যা আপনার হাটুকে ব্যাথা মুক্ত করতে সহায়তা করবে । একটি হাটুর এক্স রে করিয়ে একজন ফিজিক্যাল মেডিসিন বিশেষজ্ঞর পরামর্শ নিতে পারেন । ধন্যবাদ,,,,ফিজিক্যাল মেডিসিন বিশেষজ্ঞর,,,এক্স রে,ফিজিক্যাল মেডিসিন বিশেষজ্ঞর,অর্থোপেডিক বিশেষজ্ঞর,আপনাকে ধন্যবাদ প্রশ্ন করার জন্য । আপনি একটানা দাড়িয়া বা বসে থাকবেন না । ১ ঘন্টা পর পর বিশ্রাম নিবেন । হাটুতে বেশি চাপ পরে এমন কাজ করবেন না যেমন ঝুকে ভাড়ি জিনিস উঠানো । হাটুতে গরম পানির সেক দিন আধা ঘন্টা করে দুই বার । হাটুর মোজা ( knee cap ) ব্যবহার করুন । হাটুর কিছু ব্যায়াম আছে যা আপনার হাটুকে ব্যাথা মুক্ত করতে সহায়তা করবে । একটি হাটুর এক্স রে করিয়ে একজন অর্থোপেডিক বিশেষজ্ঞর পরামর্শ নিতে পারেন । ধন্যবাদ
"Tab . Napa Extend 665mg 1 + 1 + 1 2days . If not improved , please consult with a doctor physically in a hospital . Thank you",,,Napa Extend 665mg,doctor,,1 + 1 + 1,,doctor,general physician,"Tab . Napa Extend 665mg 1 + 1 + 1 2days . If not improved , please consult with a general physician physically in a hospital . Thank you"
ডাক্তার ভাইতে প্রশ্ন করার জন্যে আপনাকে ধন্যবাদ । একজন শিশু বিশেষজ্ঞ চিকিৎসক কে দেখান । ,,,,শিশু বিশেষজ্ঞ,,,,শিশু বিশেষজ্ঞ,নবজাতক বিশেষজ্ঞ,ডাক্তার ভাইতে প্রশ্ন করার জন্যে আপনাকে ধন্যবাদ । একজন নবজাতক বিশেষজ্ঞ চিকিৎসক কে দেখান ।
"ডাক্তার ভাইকে প্রশ্ন করার জন্য ধন্যবাদ । Tab Tory 60 , 1 টি করে ট্যাবলেট দুই বেলা খেতে পারেন তিন থেকে পাঁচ দিন । এছাড়া অবশ্য একজন ডেন্টিস্ট এর পরামর্শ নিন । কেননা আক্কেল দাঁত হবার স্থানে আরো ফুলবে , আরো ব্যথা করবে , জ্বর আসতে পারে , পরবর্তীতে অ্যান্টিবায়োটিকে প্রয়োজন হতে পারে । ধন্যবাদ",আক্কেল দাঁত হবার স্থানে আরো ফুলবে | ব্যথা | জ্বর,,Tab Tory 60 | অ্যান্টিবায়োটিকে,ডেন্টিস্ট,,1 টি করে ট্যাবলেট দুই বেলা খেতে পারেন তিন থেকে পাঁচ দিন,,ডেন্টিস্ট,ওরাল সার্জন,"ডাক্তার ভাইকে প্রশ্ন করার জন্য ধন্যবাদ । Tab Tory 60 , 1 টি করে ট্যাবলেট দুই বেলা খেতে পারেন তিন থেকে পাঁচ দিন । এছাড়া অবশ্য একজন ওরাল সার্জন এর পরামর্শ নিন । কেননা আক্কেল দাঁত হবার স্থানে আরো ফুলবে , আরো ব্যথা করবে , জ্বর আসতে পারে , পরবর্তীতে অ্যান্টিবায়োটিকে প্রয়োজন হতে পারে । ধন্যবাদ"
ডাক্তার ভাইকে প্রশ্ন করার জন্য ধন্যবাদ । আপনি দ্রুত একজন কোলোরেক্টাল সার্জন এর পরামর্শ নিবেন । ধন্যবাদ,,,,কোলোরেক্টাল সার্জন,,,,কোলোরেক্টাল সার্জন,গ্যাস্ট্রোএনটেরোলজিস্ট,ডাক্তার ভাইকে প্রশ্ন করার জন্য ধন্যবাদ । আপনি দ্রুত একজন গ্যাস্ট্রোএনটেরোলজিস্ট এর পরামর্শ নিবেন । ধন্যবাদ
"আপনাকে ধন্যবাদ প্রশ্ন করার জন্য । পায়ে পানি আসার কারনের মধ্যে প্রেশার বেড়ে যাওয়া , থাইরয়েডের সমস্যা , কিডনি সমস্যা , শরীরের প্রোটিন কমে যাওয়া ইত্যাদি অন্যতম । আপনি একজন মেডিসিনের ডাক্তারকে দেখান । আপনার কিছু পরীক্ষা করে নিশ্চিত হয়ে চিকিৎসা নেয়া প্রয়োজ । ধন্যবাদ",পায়ে পানি আসার | প্রেশার বেড়ে যাওয়া | শরীরের প্রোটিন কমে যাওয়া,থাইরয়েডের সমস্যা | কিডনি সমস্যা,,মেডিসিনের ডাক্তারকে,,,,মেডিসিনের ডাক্তারকে,কিডনি বিশেষজ্ঞকে,"আপনাকে ধন্যবাদ প্রশ্ন করার জন্য । পায়ে পানি আসার কারনের মধ্যে প্রেশার বেড়ে যাওয়া , থাইরয়েডের সমস্যা , কিডনি সমস্যা , শরীরের প্রোটিন কমে যাওয়া ইত্যাদি অন্যতম । আপনি একজন কিডনি বিশেষজ্ঞকে দেখান । আপনার কিছু পরীক্ষা করে নিশ্চিত হয়ে চিকিৎসা নেয়া প্রয়োজ । ধন্যবাদ"
ধন্যবাদ আপনাকে প্রশ্নের জন্য । উনি কি কোন cardiologist এর আন্ডারে আছেন ? ,,,,cardiologist,,,,cardiologist,pulmonologist,ধন্যবাদ আপনাকে প্রশ্নের জন্য । উনি কি কোন pulmonologist এর আন্ডারে আছেন ?
"ডাক্তারভাইকে প্রশ্ন করার জন্য ধন্যবাদ । যেহেতু প্রচুর পানি পান এবং Alkuli Syrup নেয়ার পরও আপনার প্রস্রাবের সময় জ্বালাপোড়া করছে , সেহেতু আপনি দ্রুত একজন Urology Specialist Doctor এর পরামর্শ নিয়ে নিন । পরীক্ষা নিরীক্ষা করে যাচাই করতে হবে অন্য কোন সমস্যা হচ্ছে কিনা । দৈনিক ২ - ৩ লিটার পানি পান করবেন । সে সাথে লেবু , বেদানা বা আপেল এর জুস পান করবেন । যে কোন অস্বাস্থ্যকর অভ্যাস থেকে বিরত থাকুন । ধন্যবাদ । ",প্রস্রাবের সময় জ্বালাপোড়া,,Alkuli Syrup,Urology Specialist,,,,Urology Specialist,Nephrology Specialist,"ডাক্তারভাইকে প্রশ্ন করার জন্য ধন্যবাদ । যেহেতু প্রচুর পানি পান এবং Alkuli Syrup নেয়ার পরও আপনার প্রস্রাবের সময় জ্বালাপোড়া করছে , সেহেতু আপনি দ্রুত একজন Nephrology Specialist Doctor এর পরামর্শ নিয়ে নিন । পরীক্ষা নিরীক্ষা করে যাচাই করতে হবে অন্য কোন সমস্যা হচ্ছে কিনা । দৈনিক ২ - ৩ লিটার পানি পান করবেন । সে সাথে লেবু , বেদানা বা আপেল এর জুস পান করবেন । যে কোন অস্বাস্থ্যকর অভ্যাস থেকে বিরত থাকুন । ধন্যবাদ ।"
আপনাকে ধন্যবাদ প্রশ্ন করার জন্য । আপনি একজন চর্ম রোগের বিশেষজ্ঞের পরামর্শ নিন । ধন্যবাদ,,,,চর্ম রোগের বিশেষজ্ঞের,,,,চর্ম রোগের বিশেষজ্ঞের,অ্যালার্জি বিশেষজ্ঞের,আপনাকে ধন্যবাদ প্রশ্ন করার জন্য । আপনি একজন অ্যালার্জি বিশেষজ্ঞের পরামর্শ নিন । ধন্যবাদ
"ডাক্তার ভাইকে প্রশ্ন করার জন্য ধন্যবাদ । কোন নিকটস্থ নার্সিংহোম অথবা ক্লিনিকে যেয়ে জরায়ুর একটি ছোট্ট পরীক্ষা VIA TEST করিয়ে রিপোর্ট গাইনোকোলজিস্ট কে দেখিয়ে , সেই অনুযায়ী দ্রুত চিকিৎসা গ্রহণ করুন । এবং মেলামেশার সময় কনডম ব্যবহার করুন । মেলামেশার সময় ব্যথা বেশি হলে Tab Rolac 10 mg খেয়ে নিতে পারেন । ধন্যবাদ",,,Tab Rolac 10 mg,গাইনোকোলজিস্ট,,,জরায়ুর একটি ছোট্ট পরীক্ষা VIA TEST,গাইনোকোলজিস্ট,গাইনোকোলজিক্যাল অনকোলজিস্ট,"ডাক্তার ভাইকে প্রশ্ন করার জন্য ধন্যবাদ । কোন নিকটস্থ নার্সিংহোম অথবা ক্লিনিকে যেয়ে জরায়ুর একটি ছোট্ট পরীক্ষা VIA TEST করিয়ে রিপোর্ট গাইনোকোলজিক্যাল অনকোলজিস্ট কে দেখিয়ে , সেই অনুযায়ী দ্রুত চিকিৎসা গ্রহণ করুন । এবং মেলামেশার সময় কনডম ব্যবহার করুন । মেলামেশার সময় ব্যথা বেশি হলে Tab Rolac 10 mg খেয়ে নিতে পারেন । ধন্যবাদ"
ডাক্তার ভাইতে প্রশ্ন করার জন্যে আপনাকে ধন্যবাদ । নাপা আর টোফেনের সাথে syrup - acos ১ চামচ করে সকালে ৭ দিন খাওয়াবেন । প্রয়োজনে একজন শিশু বিশেষজ্ঞ চিকিৎসক এর পরামর্শ নিবেন । ,,,syrup - acos,শিশু বিশেষজ্ঞ চিকিৎসক,,১ চামচ করে সকালে,,শিশু বিশেষজ্ঞ চিকিৎসক,পারিবারিক চিকিৎসক,ডাক্তার ভাইতে প্রশ্ন করার জন্যে আপনাকে ধন্যবাদ । নাপা আর টোফেনের সাথে syrup - acos ১ চামচ করে সকালে ৭ দিন খাওয়াবেন । প্রয়োজনে একজন পারিবারিক চিকিৎসক এর পরামর্শ নিবেন ।
ধন্যবাদ আপনাকে প্রশ্নের জন্য । সরাসরি একজন গ্যাস্ট্রোএন্টেরোলজিস্ট দেখান । ধন্যবাদ,,,,গ্যাস্ট্রোএন্টেরোলজিস্ট,,,,গ্যাস্ট্রোএন্টেরোলজিস্ট,হেপাটোলজিস্ট,ধন্যবাদ আপনাকে প্রশ্নের জন্য । সরাসরি একজন হেপাটোলজিস্ট দেখান । ধন্যবাদ
"ডাক্তার ভাই কে প্রশ্ন করার জন্য ধন্যবাদ আপনার অনেক সমস্যা , এই অবস্হায় সরাসরি না দেখে এবং পরীক্ষা না করে ঔষধ দেওয়া ঠিক হবেনা আপনি একজন Medicine বিশেষজ্ঞ চিকিৎসকের পরামর্শ নিতে পারেন ধন্যবাদ । ",,,,Medicine বিশেষজ্ঞ চিকিৎসকের,,,,Medicine বিশেষজ্ঞ চিকিৎসকের,ইন্টারনাল মেডিসিন বিশেষজ্ঞ চিকিৎসকের,"ডাক্তার ভাই কে প্রশ্ন করার জন্য ধন্যবাদ আপনার অনেক সমস্যা , এই অবস্হায় সরাসরি না দেখে এবং পরীক্ষা না করে ঔষধ দেওয়া ঠিক হবেনা আপনি একজন ইন্টারনাল মেডিসিন বিশেষজ্ঞ চিকিৎসকের পরামর্শ নিতে পারেন ধন্যবাদ ।"
ডাক্তার ভাই কে প্রশ্ন করার জন্য ধন্যবাদ । medicine বিশেষজ্ঞ র সাথে কথা বলুন । ধন্যবাদ । ,,,,medicine বিশেষজ্ঞ,,,,medicine বিশেষজ্ঞ,কার্ডিওলজি বিশেষজ্ঞ,ডাক্তার ভাই কে প্রশ্ন করার জন্য ধন্যবাদ । কার্ডিওলজি বিশেষজ্ঞ র সাথে কথা বলুন । ধন্যবাদ ।
আপনাকে ধন্যবাদ প্রশ্ন করার জন্য । zythrin 500 mg এক ধরনের এন্টিবায়োটিক । আপনার স্ত্রী র মাসিকের সময় আরো অন্য কোনো সমস্যা হচ্ছে কিনা তা জানা জরুরি । অন্য সমস্যা না থাকলে অল্প রক্ত গেলে তেমন সমস্যা হওয়ার কথা না । থাইরয়েড সনস্যা হলে এমন হতে পারে । আপনি TSH পরীক্ষা করে একজন গাইনি চিকিৎসকের পরামর্শ নিতে পারেন । ধন্যবাদ । ,,থাইরয়েড সনস্যা,zythrin 500 mg | এন্টিবায়োটিক,গাইনি চিকিৎসকের,,,TSH পরীক্ষা,গাইনি চিকিৎসকের,এন্ডোক্রাইনোলজিস্টের,আপনাকে ধন্যবাদ প্রশ্ন করার জন্য । zythrin 500 mg এক ধরনের এন্টিবায়োটিক । আপনার স্ত্রী র মাসিকের সময় আরো অন্য কোনো সমস্যা হচ্ছে কিনা তা জানা জরুরি । অন্য সমস্যা না থাকলে অল্প রক্ত গেলে তেমন সমস্যা হওয়ার কথা না । থাইরয়েড সনস্যা হলে এমন হতে পারে । আপনি TSH পরীক্ষা করে একজন এন্ডোক্রাইনোলজিস্টের পরামর্শ নিতে পারেন । ধন্যবাদ ।
আপনাকে ধন্যবাদ প্রশ্ন করার জন্য । আপনি fungidal cream আক্রান্ত জায়গায় দিনে দুইবার করে সাত দিন লাগান । ভাল না হলে একজন চর্ম রোগের ডাক্তার কে দেখাতে হবে । আপনার হাচি সমস্যা সম্ভবত আপনার এলার্জি থেকে হচ্ছে । আপনি এলার্জি হয় এমন জিনিস থেকে দূরে থাকুন । একজন নাক কান গলা ডাক্তার কে দেখাতে পারেন । ধন্যবাদ,হাচি,এলার্জি | এলার্জি,fungidal cream,চর্ম রোগের ডাক্তার | নাক কান গলা ডাক্তার,,দিনে দুইবার,,চর্ম রোগের ডাক্তার | নাক কান গলা ডাক্তার,অ্যালার্জি বিশেষজ্ঞ,আপনাকে ধন্যবাদ প্রশ্ন করার জন্য । আপনি fungidal cream আক্রান্ত জায়গায় দিনে দুইবার করে সাত দিন লাগান । ভাল না হলে একজন অ্যালার্জি বিশেষজ্ঞ কে দেখাতে হবে । আপনার হাচি সমস্যা সম্ভবত আপনার এলার্জি থেকে হচ্ছে । আপনি এলার্জি হয় এমন জিনিস থেকে দূরে থাকুন । একজন নাক কান গলা ডাক্তার কে দেখাতে পারেন । ধন্যবাদ
আপনাকে ধন্যবাদ প্রশ্ন করার জন্য । আপনি দ্রুত একজন নাক কান গলা বিশেষজ্ঞ চিকিৎসক কে দেখিয়ে নিন । ধন্যবাদ । ,,,,নাক কান গলা বিশেষজ্ঞ,,,,নাক কান গলা বিশেষজ্ঞ,অ্যালার্জি বিশেষজ্ঞ,আপনাকে ধন্যবাদ প্রশ্ন করার জন্য । আপনি দ্রুত একজন অ্যালার্জি বিশেষজ্ঞ চিকিৎসক কে দেখিয়ে নিন । ধন্যবাদ ।
আপনাকে ধন্যবাদ প্রশ্ন করার জন্য । আপনি মুখে কোনো প্রসাধনী ব্যবহার করবেন না । পিজি হাসপাতালে চর্ম রোগ বিভাগে যোগাযোগ করুন । ধন্যবাদ,,,,চর্ম,,,,চর্ম,অ্যালার্জি,আপনাকে ধন্যবাদ প্রশ্ন করার জন্য । আপনি মুখে কোনো প্রসাধনী ব্যবহার করবেন না । পিজি হাসপাতালে অ্যালার্জি রোগ বিভাগে যোগাযোগ করুন । ধন্যবাদ
"is there any gyne doctor near shamoli , mohammadpur & mirpur 1 ? ",,,,gyne doctor,,,,gyne doctor,obstetrician,"is there any obstetrician near shamoli , mohammadpur & mirpur 1 ?"
ডাক্তার ভাই কে প্রশ্ন করার জন্য ধন্যবাদ । Syp Tofen ১ চামচ করে ২ বেলা ৭ দিন খাওয়াতে পারেন আপনি সরাসরি একজন Pediatrician এর পরামর্শ নিতে পারেন ধন্যবাদ,,,Syp Tofen,Pediatrician,,১ চামচ করে ২ বেলা,,Pediatrician,Allergist,ডাক্তার ভাই কে প্রশ্ন করার জন্য ধন্যবাদ । Syp Tofen ১ চামচ করে ২ বেলা ৭ দিন খাওয়াতে পারেন আপনি সরাসরি একজন Allergist এর পরামর্শ নিতে পারেন ধন্যবাদ
আপনাকে ধন্যবাদ প্রশ্ন করার জন্য । এলার্জি কখনো ভাল হয় না । আপনি একজন চর্ম রোগের ডাক্তার কে দেখান । ধন্যবাদ,,এলার্জি,,চর্ম রোগের ডাক্তার,,,,চর্ম রোগের ডাক্তার,এলার্জি বিশেষজ্ঞ,আপনাকে ধন্যবাদ প্রশ্ন করার জন্য । এলার্জি কখনো ভাল হয় না । আপনি একজন এলার্জি বিশেষজ্ঞ কে দেখান । ধন্যবাদ
"আপনাকে ধন্যবাদ প্রশ্ন করার জন্য । কফে রক্ত যাওয়ার কারনের মধ্যে COPD , PTB , RTI , Malignency অন্যতম । অনেক সময় জোরে কাশি দেয়ার কারনেও হতে পারে । আপনি একজন মেডিসিনের ডাক্তারের পরামর্ষ নিন । ধন্যবাদ",কফে রক্ত যাওয়ার | কাশি,COPD | PTB | RTI | Malignency,,মেডিসিনের ডাক্তারের,,,,মেডিসিনের ডাক্তারের,বক্ষব্যাধি বিশেষজ্ঞের,"আপনাকে ধন্যবাদ প্রশ্ন করার জন্য । কফে রক্ত যাওয়ার কারনের মধ্যে COPD , PTB , RTI , Malignency অন্যতম । অনেক সময় জোরে কাশি দেয়ার কারনেও হতে পারে । আপনি একজন বক্ষব্যাধি বিশেষজ্ঞের পরামর্ষ নিন । ধন্যবাদ"
ধন্যবাদ আপনাকে প্রশ্ন করার জন্য । একজন মেডিসিন বিশেষজ্ঞের পরামর্শ নিন । রিপোর্ট ও দেখাতে পারবেন । এই এপের মাধ্যমে ভিডিও কনফারেন্সে চিকিৎসকের পরামর্শ নিতে পারেন । ধন্যবাদ,,,,মেডিসিন বিশেষজ্ঞের,,,,মেডিসিন বিশেষজ্ঞের,পারিবারিক চিকিৎসা বিশেষজ্ঞের,ধন্যবাদ আপনাকে প্রশ্ন করার জন্য । একজন পারিবারিক চিকিৎসা বিশেষজ্ঞের পরামর্শ নিন । রিপোর্ট ও দেখাতে পারবেন । এই এপের মাধ্যমে ভিডিও কনফারেন্সে চিকিৎসকের পরামর্শ নিতে পারেন । ধন্যবাদ
ডাক্তার ভাইকে প্রশ্ন করার জন্য ধন্যবাদ । আপনি একজন মেডিসিন বিশেষজ্ঞের পরামর্শ নিবেন । ধন্যবাদ,,,,মেডিসিন বিশেষজ্ঞের,,,,মেডিসিন বিশেষজ্ঞের,বক্ষব্যাধি বিশেষজ্ঞের,ডাক্তার ভাইকে প্রশ্ন করার জন্য ধন্যবাদ । আপনি একজন বক্ষব্যাধি বিশেষজ্ঞের পরামর্শ নিবেন । ধন্যবাদ
"ধন্যবাদ আপনাকে প্রশ্ন করার জন্য । প্রিয় গ্রাহক , আপনার রোগটির চিকিৎসার জন্য আরও বিস্তারিত তথ্য জানা দরকার । আপনি ডাক্তারভাই এপ্লিকেশন থেকে ' Video Call To A Doctor ' সার্ভিসটি ব্যবহার করে একজন বক্ষব্যাধি বিশেষজ্ঞ ডাক্তারের এপয়েন্টমেন্ট নিয়ে ভিডিও কল এ কথা বলতে পারেন এবং আপনার রিপোর্ট র ছবি তুলে ডাক্তার কে পাঠাতে পারবেন । ডাক্তারএর লেখা প্রেস্ক্রিপশন আপনি আপনার এপ্লিকেশন এ পেয়ে যাবেন । এছাড়া ডাক্তারভাই এ বাসায় গিয়ে স্যাম্পল কালেকশন করে থাকে । আরও বিস্তারিত জানতে < NUMBER > তে কল করুন । ধন্যবাদ । ",,,,বক্ষব্যাধি বিশেষজ্ঞ,,,,বক্ষব্যাধি বিশেষজ্ঞ,শ্বাসতন্ত্র বিশেষজ্ঞ,"ধন্যবাদ আপনাকে প্রশ্ন করার জন্য । প্রিয় গ্রাহক , আপনার রোগটির চিকিৎসার জন্য আরও বিস্তারিত তথ্য জানা দরকার । আপনি ডাক্তারভাই এপ্লিকেশন থেকে ' Video Call To A Doctor ' সার্ভিসটি ব্যবহার করে একজন শ্বাসতন্ত্র বিশেষজ্ঞ ডাক্তারের এপয়েন্টমেন্ট নিয়ে ভিডিও কল এ কথা বলতে পারেন এবং আপনার রিপোর্ট র ছবি তুলে ডাক্তার কে পাঠাতে পারবেন । ডাক্তারএর লেখা প্রেস্ক্রিপশন আপনি আপনার এপ্লিকেশন এ পেয়ে যাবেন । এছাড়া ডাক্তারভাই এ বাসায় গিয়ে স্যাম্পল কালেকশন করে থাকে । আরও বিস্তারিত জানতে < NUMBER > তে কল করুন । ধন্যবাদ ।"
ডাক্তার ভাই কে প্রশ্ন করার জন্য ধন্যবাদ । গরম কিছু খাবেন না । আর দাতের ডাক্তার দেখাতে হবে । ধন্যবাদ । ,,,,দাতের ডাক্তার,,,,দাতের ডাক্তার,মুখ ও চোয়াল বিশেষজ্ঞ,ডাক্তার ভাই কে প্রশ্ন করার জন্য ধন্যবাদ । গরম কিছু খাবেন না । আর মুখ ও চোয়াল বিশেষজ্ঞ দেখাতে হবে । ধন্যবাদ ।
আপনাকে ধন্যবাদ প্রশ্ন করার জন্য । আপনি একজন হেপাটোলোজিস্ট কে দেখান । ধন্যবাদ । ,,,,হেপাটোলোজিস্ট,,,,হেপাটোলোজিস্ট,গ্যাস্ট্রোএন্টেরোলজিস্ট,আপনাকে ধন্যবাদ প্রশ্ন করার জন্য । আপনি একজন গ্যাস্ট্রোএন্টেরোলজিস্ট কে দেখান । ধন্যবাদ ।
Thank you for asking question to Daktarbhai . Your back pain is not for those drugs . You need to Consult an orthopedic surgeon for your backpain . Thank you . ,back pain,,,orthopedic surgeon,,,,orthopedic surgeon,neurosurgeon,Thank you for asking question to Daktarbhai . Your back pain is not for those drugs . You need to Consult a neurosurgeon for your backpain . Thank you .
আপনি একজন চর্মরোগ বিশেষজ্ঞের পরামর্শ নিন । চাইলে আমাদের তালিকাভুক্ত ডাক্তারদের সাথেও যোগাযোগ করতে পারেন । ধন্যবাদ,,,,চর্মরোগ বিশেষজ্ঞের,,,,চর্মরোগ বিশেষজ্ঞের,অ্যালার্জি বিশেষজ্ঞের,আপনি একজন অ্যালার্জি বিশেষজ্ঞের পরামর্শ নিন । চাইলে আমাদের তালিকাভুক্ত ডাক্তারদের সাথেও যোগাযোগ করতে পারেন । ধন্যবাদ
"ডাক্তারভাইকে প্রশ্ন করার জন্য ধন্যবাদ । চেষ্টা করবেন computer / mobile screen এর দিকে একটানা না তাকিয়ে থাকার । এতে আপনার চোখের উপর কম stress পরবে যার উল্টোটা আপনার মাথা ব্যথার কারণ হতে পারে । Tab Napa 500mg - - - 2 + 2 + 2 after meal প্রাথমিক ভাবে ব্যথার জন্য খেতে পারেন । অবশ্যই একজন চক্ষু বিশেষজ্ঞ ডাক্তারের সাথে আলোচনা করে নিবেন চোখের power এর ঘাটতি আছে কিনা যাচাই করার জন্য । লক্ষ্য রাখুন , সবসময় পুস্টিকর খাবার খাবেন , প্রতিদিন ২ - ৩লিটার পানি পান করবেন এবং পর্যাপ্ত পরিমাণ বিশ্রাম নিবেন । ধন্যবাদ । ",,,Tab Napa 500mg,চক্ষু বিশেষজ্ঞ,,2 + 2 + 2,,চক্ষু বিশেষজ্ঞ,অপটোমেট্রিস্ট,"ডাক্তারভাইকে প্রশ্ন করার জন্য ধন্যবাদ । চেষ্টা করবেন computer / mobile screen এর দিকে একটানা না তাকিয়ে থাকার । এতে আপনার চোখের উপর কম stress পরবে যার উল্টোটা আপনার মাথা ব্যথার কারণ হতে পারে । Tab Napa 500mg - - - 2 + 2 + 2 after meal প্রাথমিক ভাবে ব্যথার জন্য খেতে পারেন । অবশ্যই একজন অপটোমেট্রিস্ট ডাক্তারের সাথে আলোচনা করে নিবেন চোখের power এর ঘাটতি আছে কিনা যাচাই করার জন্য । লক্ষ্য রাখুন , সবসময় পুস্টিকর খাবার খাবেন , প্রতিদিন ২ - ৩লিটার পানি পান করবেন এবং পর্যাপ্ত পরিমাণ বিশ্রাম নিবেন । ধন্যবাদ ।"
"আপনাকে ধন্যবাদ প্রশ্ন করার জন্য । চুল পরারা কারনের মধ্য বংশগত , হরমনের সমস্যা , খুশকি , পানিতে সমস্যা , কিছু অভ্যাস , থাইরয়েড হরমোনের সমস্যা , টেস্টেস্টেরনের বেশি মাত্রা ইত্যাদি দায়ী । আপনার কোন কারনে হচ্ছে তা নির্নয় করুন । তৈলাক্ত স্কিন বেশি করে পানি দিয়ে ধৌত করুন । রাত জাগবেন না । ব্রন খুটবেন না । ভাজা , পোড়া কম খাবেন । একজন হরমনের ডাক্তার কে দেখিয়ে নিন । ধন্যবাদ । ",,হরমনের সমস্যা | খুশকি | থাইরয়েড হরমোনের সমস্যা | টেস্টেস্টেরনের বেশি মাত্রা,,হরমনের ডাক্তার,,,,হরমনের ডাক্তার,এন্ডোক্রাইনোলজিস্ট,"আপনাকে ধন্যবাদ প্রশ্ন করার জন্য । চুল পরারা কারনের মধ্য বংশগত , হরমনের সমস্যা , খুশকি , পানিতে সমস্যা , কিছু অভ্যাস , থাইরয়েড হরমোনের সমস্যা , টেস্টেস্টেরনের বেশি মাত্রা ইত্যাদি দায়ী । আপনার কোন কারনে হচ্ছে তা নির্নয় করুন । তৈলাক্ত স্কিন বেশি করে পানি দিয়ে ধৌত করুন । রাত জাগবেন না । ব্রন খুটবেন না । ভাজা , পোড়া কম খাবেন । একজন এন্ডোক্রাইনোলজিস্ট কে দেখিয়ে নিন । ধন্যবাদ ।"
ডাক্তার ভাইকে প্রশ্ন করার জন্য ধন্যবাদ । আপনি গরম পানি লবণ দিয়ে গার্গল করুন দিনে পাঁচ থেকে ছয় বার । গরম আদা জল খাবেন যতবার পারবেন ততবার । এছাড়া দ্রুত একজন বক্ষব্যাধি বিশেষজ্ঞের পরামর্শ নিন । ধন্যবাদ । ,,,,বক্ষব্যাধি বিশেষজ্ঞের,,,,বক্ষব্যাধি বিশেষজ্ঞের,নাক-কান-গলা বিশেষজ্ঞের,ডাক্তার ভাইকে প্রশ্ন করার জন্য ধন্যবাদ । আপনি গরম পানি লবণ দিয়ে গার্গল করুন দিনে পাঁচ থেকে ছয় বার । গরম আদা জল খাবেন যতবার পারবেন ততবার । এছাড়া দ্রুত একজন নাক-কান-গলা বিশেষজ্ঞের পরামর্শ নিন । ধন্যবাদ ।
Please suggest a good medicine specialist for video call regarding my high cholesterol and Triglycerides . ,,high cholesterol | Triglycerides,,medicine specialist,,,,medicine specialist,endocrinologist,Please suggest a good endocrinologist for video call regarding my high cholesterol and Triglycerides .
আপনাকে ধন্যবাদ প্রশ্ন করার জন্য । আপনি ডমপেরিডন ১০ মিলিগ্রাম খেতে পারেন খাবার আগে ১টা করে ২ বার । মাল্টিভিটামিন খেতে পারেন । একজন মেডিসিন ডাক্তারের পরামর্শ নিন । ধন্যবাদ,,,ডমপেরিডন ১০ মিলিগ্রাম | মাল্টিভিটামিন,মেডিসিন ডাক্তারের,,খাবার আগে ১টা করে ২ বার,,মেডিসিন ডাক্তারের,গ্যাস্ট্রোএন্টেরোলজিস্টের,আপনাকে ধন্যবাদ প্রশ্ন করার জন্য । আপনি ডমপেরিডন ১০ মিলিগ্রাম খেতে পারেন খাবার আগে ১টা করে ২ বার । মাল্টিভিটামিন খেতে পারেন । একজন গ্যাস্ট্রোএন্টেরোলজিস্টের পরামর্শ নিন । ধন্যবাদ
ডাক্তার ভাই কে প্রশ্ন করার জন্য ধন্যবাদ । আপনি শিশু ডাক্তার এর সাথে video consult করেন । আপনি নরমাল বুকের দুধ খাওয়াতে থাকেন । পায়খানা একটু নরম থাকে বাচ্চা দের । কালকে শিশু র ডাক্তার দেখাইয়েন । ধন্যবাদ । ,,,,শিশু ডাক্তার | শিশু র ডাক্তার,,,,শিশু ডাক্তার | শিশু র ডাক্তার,নবজাতক বিশেষজ্ঞ,ডাক্তার ভাই কে প্রশ্ন করার জন্য ধন্যবাদ । আপনি নবজাতক বিশেষজ্ঞ এর সাথে video consult করেন । আপনি নরমাল বুকের দুধ খাওয়াতে থাকেন । পায়খানা একটু নরম থাকে বাচ্চা দের । কালকে শিশু র ডাক্তার দেখাইয়েন । ধন্যবাদ ।
ডাক্তারভাইকে প্রশ্ন করার জন্য ধন্যবাদ । Post Covid Symptoms এর মধ্যে শারীরিক দূর্বলতা অন্যতম । Multivitamins খেতে থাকুন । সেই সাথে ফলমূল এবং সবজি বেশী করে খাবেন । প্রচুর পানি পান করবেন । সময়ের সাথে আপনি এ দূর্বলতা কাটিয়ে উঠতে পারবেন । Medicine Specialist Doctor এর পরামর্শ নিন । ধন্যবাদ । ,শারীরিক দূর্বলতা,,,Medicine Specialist,,,,Medicine Specialist,Internal Medicine Specialist,ডাক্তারভাইকে প্রশ্ন করার জন্য ধন্যবাদ । Post Covid Symptoms এর মধ্যে শারীরিক দূর্বলতা অন্যতম । Multivitamins খেতে থাকুন । সেই সাথে ফলমূল এবং সবজি বেশী করে খাবেন । প্রচুর পানি পান করবেন । সময়ের সাথে আপনি এ দূর্বলতা কাটিয়ে উঠতে পারবেন । Internal Medicine Specialist Doctor এর পরামর্শ নিন । ধন্যবাদ ।
ডাক্তার ভাই কে প্রশ্ন করার জন্য ধন্যবাদ । আপনি চর্ম বিশেষজ্ঞের পরামর্শ নিন । ,,,,চর্ম বিশেষজ্ঞের,,,,চর্ম বিশেষজ্ঞের,অ্যালার্জি বিশেষজ্ঞ,ডাক্তার ভাই কে প্রশ্ন করার জন্য ধন্যবাদ । আপনি অ্যালার্জি বিশেষজ্ঞের পরামর্শ নিন ।
ডাক্তারকে ভাইকে প্রশ্ন করার জন্য ধন্যবাদ । Tab Neuro B দুই বেলা খাবেন 15 দিন । এছাড়া একজন অর্থোপেডিক্স ডাক্তারের পরামর্শ নিন । ধন্যবাদ,,,Tab Neuro B,অর্থোপেডিক্স,,দুই বেলা,,অর্থোপেডিক্স,রিউমাটোলজি,ডাক্তারকে ভাইকে প্রশ্ন করার জন্য ধন্যবাদ । Tab Neuro B দুই বেলা খাবেন 15 দিন । এছাড়া একজন রিউমাটোলজি ডাক্তারের পরামর্শ নিন । ধন্যবাদ
আপনাকে ধন্যবাদ প্রশ্ন করার জন্য । আপনি আপনার আম্মাকে একজন ফিজিক্যাল মেডিসিন বিশেষজ্ঞ কে দেখাতে পারেন । গরম পানির সেক দিন । ব্যাথা বেশি হলে প্যারাসিটামল খেতে পারে । ধন্যবাদ,,,প্যারাসিটামল,ফিজিক্যাল মেডিসিন বিশেষজ্ঞ,,,,ফিজিক্যাল মেডিসিন বিশেষজ্ঞ,অর্থোপেডিক বিশেষজ্ঞ,আপনাকে ধন্যবাদ প্রশ্ন করার জন্য । আপনি আপনার আম্মাকে একজন অর্থোপেডিক বিশেষজ্ঞ কে দেখাতে পারেন । গরম পানির সেক দিন । ব্যাথা বেশি হলে প্যারাসিটামল খেতে পারে । ধন্যবাদ
"Thanks for questioning to daktervai . At first you have to exercise 2 times in a day . Maintaining diet chart after visiting a nutritionist . Your weight is very high , that will destroy your body in several aspects . Please consult with a Endocrinologist physically . It will help you to get your appropriate solutions . ",,,,nutritionist | Endocrinologist,,,,nutritionist | Endocrinologist,dietitian,"Thanks for questioning to daktervai . At first you have to exercise 2 times in a day . Maintaining diet chart after visiting a dietitian . Your weight is very high , that will destroy your body in several aspects . Please consult with a Endocrinologist physically . It will help you to get your appropriate solutions ."
Thanks for your question to daktar bhai . please tell her not to take any spicy food . Meanwhile you can see a throat specialist to see what has happened to her toungue . Thanks,,,,throat specialist,,,,throat specialist,ENT specialist,Thanks for your question to daktar bhai . please tell her not to take any spicy food . Meanwhile you can see an ENT specialist to see what has happened to her toungue . Thanks
"আপনাকে ধন্যবাদ প্রশ্ন করার জন্য । Syp . Mucosol . . . . ১ চামচ করে তিন বেলা দিন । কিছু পরীক্ষার প্রয়োজন আছে , একজন শিশু বিশেষজ্ঞ এর সাথে সরাসরি পরামর্শ করুন । ধন্যবাদ । ",,,Syp . Mucosol,শিশু বিশেষজ্ঞ,,১ চামচ করে তিন বেলা,,শিশু বিশেষজ্ঞ,শিশু ফুসফুস বিশেষজ্ঞ,"আপনাকে ধন্যবাদ প্রশ্ন করার জন্য । Syp . Mucosol . . . . ১ চামচ করে তিন বেলা দিন । কিছু পরীক্ষার প্রয়োজন আছে , একজন শিশু ফুসফুস বিশেষজ্ঞ এর সাথে সরাসরি পরামর্শ করুন । ধন্যবাদ ।"
Thank you for your question May be due to hormonal issue . Please consult with an endocrinologist and act accordingly Thank you,,hormonal issue,,endocrinologist,,,,endocrinologist,gynecologist,Thank you for your question May be due to hormonal issue . Please consult with a gynecologist and act accordingly Thank you
"Thank you for your question . There is probably fungal infection as you said . For confirmation , please consult with her gynaecologist , she will inspect the secretion and give her ointment according . And please maintain proper hygiene . Thank you",,fungal infection,ointment,gynaecologist,,,inspect the secretion,gynaecologist,dermatologist,"Thank you for your question . There is probably fungal infection as you said . For confirmation , please consult with her dermatologist , she will inspect the secretion and give her ointment according . And please maintain proper hygiene . Thank you"
"ডাক্তার ভাই কে প্রশ্ন করার জন্য ধন্যবাদ । চর্ম রোগ আসলে না দেখে বলা যায় না । চুলকানির জন্য tab , Histal 1 + 1 + 1 টা খাবেন । চর্ম রোগ বিশেযজ্ঞের পরামর্শ নিন । ",,,"tab , Histal",চর্ম রোগ বিশেযজ্ঞের,,1 + 1 + 1,,চর্ম রোগ বিশেযজ্ঞের,অ্যালার্জি বিশেষজ্ঞের,"ডাক্তার ভাই কে প্রশ্ন করার জন্য ধন্যবাদ । চর্ম রোগ আসলে না দেখে বলা যায় না । চুলকানির জন্য tab , Histal 1 + 1 + 1 টা খাবেন । অ্যালার্জি বিশেষজ্ঞের পরামর্শ নিন ।"
আপনাকে ধন্যবাদ প্রশ্ন করার জন্য । আপনি একজন চোখের ডাক্তার দেখান । আপনার চোখের পাওয়ার সমস্যা থাকতে পারে । ধন্যবাদ,,চোখের পাওয়ার সমস্যা,,চোখের ডাক্তার,,,,চোখের ডাক্তার,চক্ষু বিশেষজ্ঞ,আপনাকে ধন্যবাদ প্রশ্ন করার জন্য । আপনি একজন চক্ষু বিশেষজ্ঞ দেখান । আপনার চোখের পাওয়ার সমস্যা থাকতে পারে । ধন্যবাদ
"Thanks for asking Daktarbhai . Please consult with a dietitian as soon as possible . Take carbohydrate , fatty food as much as possible . Thanks",,,,dietitian,,,,dietitian,nutritionist,"Thanks for asking Daktarbhai . Please consult with a nutritionist as soon as possible . Take carbohydrate , fatty food as much as possible . Thanks"
"ডাক্তার ভাই কে প্রশ্ন করার জন্য ধন্যবাদ । এই অবস্হায় বাচ্চাকে সরাসরি না দেখে কিছু বলা ঠিক হবেনা , কৃমির ঔষধও খাওয়ানো যাবেনা সরাসরি একজন Pediatricianএর সাথে যোগাযোগ করতে পারেন ধন্যবাদ । ",,,কৃমির ঔষধও,Pediatricianএর,,,,Pediatricianএর,Pediatric Gastroenterologist,"ডাক্তার ভাই কে প্রশ্ন করার জন্য ধন্যবাদ । এই অবস্হায় বাচ্চাকে সরাসরি না দেখে কিছু বলা ঠিক হবেনা , কৃমির ঔষধও খাওয়ানো যাবেনা সরাসরি একজন Pediatric Gastroenterologistএর সাথে যোগাযোগ করতে পারেন ধন্যবাদ ।"
ডাক্তার ভাই কে প্রশ্ন করার জন্য ধন্যবাদ আপনি একজন Gynae specialist এর পরামর্শ নিন । ধন্যবাদ,,,,Gynae specialist,,,,Gynae specialist,Obstetrics specialist,ডাক্তার ভাই কে প্রশ্ন করার জন্য ধন্যবাদ আপনি একজন Obstetrics specialist এর পরামর্শ নিন । ধন্যবাদ
ডাক্তার ভাই কে প্রশ্ন করার জন্য ধন্যবাদ । একজন চোখের ডাক্তার এর পরামর্শ নিতে পারেন । ধন্যবাদ । ,,,,চোখের ডাক্তার,,,,চোখের ডাক্তার,চক্ষু বিশেষজ্ঞ,ডাক্তার ভাই কে প্রশ্ন করার জন্য ধন্যবাদ । একজন চক্ষু বিশেষজ্ঞ এর পরামর্শ নিতে পারেন । ধন্যবাদ ।
ডাক্তার ভাই এর সাথে থাকার জন্য আপনাকে ধন্যবাদ । দ্রুত ক্যান্সার বিশেষজ্ঞ চিকিৎসক এর সাথে যোগাযোগ করবেন । Dr < NAME > Mbbs,,,,ক্যান্সার বিশেষজ্ঞ চিকিৎসক,,,,ক্যান্সার বিশেষজ্ঞ চিকিৎসক,রক্তরোগ বিশেষজ্ঞ চিকিৎসক,ডাক্তার ভাই এর সাথে থাকার জন্য আপনাকে ধন্যবাদ । দ্রুত রক্তরোগ বিশেষজ্ঞ চিকিৎসক এর সাথে যোগাযোগ করবেন । Dr < NAME > Mbbs
ডাক্তার ভাই কে প্রশ্ন করার জন্য ধন্যবাদ । আপনি অর্থপেডিক কনসালট্যান্ট এর পরামর্শ নিন । ধন্যবাদ,,,,অর্থপেডিক কনসালট্যান্ট,,,,অর্থপেডিক কনসালট্যান্ট,রিউমাটোলজি কনসালট্যান্ট,ডাক্তার ভাই কে প্রশ্ন করার জন্য ধন্যবাদ । আপনি রিউমাটোলজি কনসালট্যান্ট এর পরামর্শ নিন । ধন্যবাদ
ডাক্তার ভাইতে প্রশ্ন করার জন্য আপনাকে ধন্যবাদ । আপনি একজন স্কিন স্পেশালিষ্ট এর পরামর্শ নিবেন । e cap 200 mg 1 + 0 + 1 ১ মাস খেতে পারেন । ,,,e cap 200 mg,স্কিন স্পেশালিষ্ট,,1 + 0 + 1 ১ মাস,,স্কিন স্পেশালিষ্ট,চর্মরোগ বিশেষজ্ঞ,ডাক্তার ভাইতে প্রশ্ন করার জন্য আপনাকে ধন্যবাদ । আপনি একজন চর্মরোগ বিশেষজ্ঞ এর পরামর্শ নিবেন । e cap 200 mg 1 + 0 + 1 ১ মাস খেতে পারেন ।
"ডাক্তার ভাই কে প্রশ্ন করার জন্য ধন্যবাদ । এই অবস্হায় বাচ্চাকে সরাসরি না দেখে কিছু বলা ঠিক হবেনা , আপাতত এই ঔষধ চলবে সরাসরি একজন Pediatricianএর সাথে যোগাযোগ করতে পারেন ধন্যবাদ । ",,,,Pediatricianএর,,,,Pediatricianএর,শিশুরোগ বিশেষজ্ঞের,"ডাক্তার ভাই কে প্রশ্ন করার জন্য ধন্যবাদ । এই অবস্হায় বাচ্চাকে সরাসরি না দেখে কিছু বলা ঠিক হবেনা , আপাতত এই ঔষধ চলবে সরাসরি একজন শিশুরোগ বিশেষজ্ঞের সাথে যোগাযোগ করতে পারেন ধন্যবাদ ।"
Thanks for the question . Consult an orthopedic specialist . X ray and blood tests are needed . Thanks,,,,orthopedic specialist,,,X ray | blood tests,orthopedic specialist,rheumatologist,Thanks for the question . Consult a rheumatologist . X ray and blood tests are needed . Thanks
ডাক্তার ভাইকে প্রশ্ন করার জন্য ধন্যবাদ । বাচ্চাকে দ্রুত একজন শিশু বিশেষজ্ঞকে দেখান । ধন্যবাদ,,,,শিশু বিশেষজ্ঞকে,,,,শিশু বিশেষজ্ঞকে,নবজাতক বিশেষজ্ঞকে,ডাক্তার ভাইকে প্রশ্ন করার জন্য ধন্যবাদ । বাচ্চাকে দ্রুত একজন নবজাতক বিশেষজ্ঞকে দেখান । ধন্যবাদ
"আপনাকে ধন্যবাদ প্রশ্ন করার জন্য । আপনার সমস্যা সমাধান প্রাথমিক চিকিৎসা তে ভাল হবে না । প্রাকৃতিক চিকিৎসা কিছু আছে । কিন্তু আপনি যেহেতু নিতে চাচ্ছেন না তাই আর উল্লেখ করলাম না । প্রি ম্যাচিয়র এ - র অনেক কারন আছে । একেক টার একেক চিকিৎসা । যেমন ডায়াবেটিস , থাইরয়েড , মানষিক সমস্যা ইত্যাদি । প্রত্যেকটার চিকিৎসা ভিন্ন ভিন্ন । এভাবে রোগ না জেনে আপনাকে চিকিৎসা দেয়া সম্ভব না । আপনি একজন ভাল চর্ম ও যৌন রোগ বিশেষজ্ঞ কে দেখান । ধন্যবাদ । ",,,,চর্ম ও যৌন রোগ বিশেষজ্ঞ,,,,চর্ম ও যৌন রোগ বিশেষজ্ঞ,চর্মরোগ বিশেষজ্ঞ,"আপনাকে ধন্যবাদ প্রশ্ন করার জন্য । আপনার সমস্যা সমাধান প্রাথমিক চিকিৎসা তে ভাল হবে না । প্রাকৃতিক চিকিৎসা কিছু আছে । কিন্তু আপনি যেহেতু নিতে চাচ্ছেন না তাই আর উল্লেখ করলাম না । প্রি ম্যাচিয়র এ - র অনেক কারন আছে । একেক টার একেক চিকিৎসা । যেমন ডায়াবেটিস , থাইরয়েড , মানষিক সমস্যা ইত্যাদি । প্রত্যেকটার চিকিৎসা ভিন্ন ভিন্ন । এভাবে রোগ না জেনে আপনাকে চিকিৎসা দেয়া সম্ভব না । আপনি একজন ভাল চর্মরোগ বিশেষজ্ঞ কে দেখান । ধন্যবাদ ।"
আপনাকে ধন্যবাদ প্রশ্ন করার জন্য । আপনার সমস্যা গুরুতর যা প্রাথমিক চিকিৎসা তে কমবে না । না দেখে আপনার সমস্যার সমাধান হবে না । আপনি একজন হৃদ রোগ বিশেষজ্ঞ চিকিৎসক কে দেখিয়ে নিন । ধন্যবাদ । ,,,,হৃদ রোগ বিশেষজ্ঞ চিকিৎসক,,,,হৃদ রোগ বিশেষজ্ঞ চিকিৎসক,বক্ষব্যাধি বিশেষজ্ঞ চিকিৎসক,আপনাকে ধন্যবাদ প্রশ্ন করার জন্য । আপনার সমস্যা গুরুতর যা প্রাথমিক চিকিৎসা তে কমবে না । না দেখে আপনার সমস্যার সমাধান হবে না । আপনি একজন বক্ষব্যাধি বিশেষজ্ঞ চিকিৎসক কে দেখিয়ে নিন । ধন্যবাদ ।
আপনাকে ধন্যবাদ প্রশ্ন করার জন্য । আপনার এলার্জিক রাইনাইটিস হচ্ছে মনে হচ্ছে যা এজমা তে রুপ নিচ্ছে । আপনি একজন ভাল মেডিসিন ডাক্তারের পরামর্শ নিন । ঔষধ নিয়মিত খেতে থাকেন । ধন্যবাদ,,এলার্জিক রাইনাইটিস,,মেডিসিন ডাক্তারের,,,,মেডিসিন ডাক্তারের,বক্ষব্যাধি বিশেষজ্ঞের,আপনাকে ধন্যবাদ প্রশ্ন করার জন্য । আপনার এলার্জিক রাইনাইটিস হচ্ছে মনে হচ্ছে যা এজমা তে রুপ নিচ্ছে । আপনি একজন ভাল বক্ষব্যাধি বিশেষজ্ঞের পরামর্শ নিন । ঔষধ নিয়মিত খেতে থাকেন । ধন্যবাদ
ডাক্তার ভাইতে প্রশ্ন করার জন্যে আপনাকে ধন্যবাদ । একজন মেডিসিন বিশেষজ্ঞ চিকিৎসক দেখিয়ে পরীক্ষা করে সেই অনুযায়ী পরামর্শ নিবেন । ,,,,মেডিসিন বিশেষজ্ঞ,,,পরীক্ষা,মেডিসিন বিশেষজ্ঞ,পারিবারিক চিকিৎসা বিশেষজ্ঞ,ডাক্তার ভাইতে প্রশ্ন করার জন্যে আপনাকে ধন্যবাদ । একজন পারিবারিক চিকিৎসা বিশেষজ্ঞ চিকিৎসক দেখিয়ে পরীক্ষা করে সেই অনুযায়ী পরামর্শ নিবেন ।
ডাক্তার ভাই কে প্রশ্ন করার জন্য ধন্যবাদ Rx Tab Napa Extend 1 + 1 + 1 After meal - 7 days Cap Sergel 20mg 1 + 0 + 1 Before meal - 7days Tab Rupa 10mg 0 + 0 + 1 After meal - 7days এই ঔষধ গুলো খান এবং আপনি একজন Medicine Specialist এর পরামর্শ নিতে পারেন ধন্যবাদ,,,Tab Napa Extend | Cap Sergel 20mg | Tab Rupa 10mg,Medicine Specialist,,1 + 1 + 1 | 1 + 0 + 1 | 0 + 0 + 1,,Medicine Specialist,Internal Medicine Specialist,ডাক্তার ভাই কে প্রশ্ন করার জন্য ধন্যবাদ Rx Tab Napa Extend 1 + 1 + 1 After meal - 7 days Cap Sergel 20mg 1 + 0 + 1 Before meal - 7days Tab Rupa 10mg 0 + 0 + 1 After meal - 7days এই ঔষধ গুলো খান এবং আপনি একজন Internal Medicine Specialist এর পরামর্শ নিতে পারেন ধন্যবাদ
ডাক্তার ভাই কে প্রশ্ন করার জন্য ধন্যবাদ । ব্যাথার জন্য tab Etorix ( 60mg ) - ( 0 + 0 + 1 ) ভরা পেটে ৩ দিন খেয়ে দেখতে পারেন । সাথে যেকোনো গ্যাসের ঔষধ খাবেন যেমন tab sergel ( 20 mg ) - ( 1 + 0 + 1 ) খাবার খাওয়ার আগে । গরম পানির সাথে লবন মিশিয়ে কুলি করবেন । এতে আরাম পাবেন । আর অবশ্যই একজন দন্ত চিকিৎসককে দেখাবেন । ,ব্যাথার,,tab Etorix ( 60mg ) | tab sergel ( 20 mg ),দন্ত চিকিৎসককে,,( 0 + 0 + 1 ) ভরা পেটে ৩ দিন | ( 1 + 0 + 1 ),,দন্ত চিকিৎসককে,মুখ ও চোয়াল সার্জনকে,ডাক্তার ভাই কে প্রশ্ন করার জন্য ধন্যবাদ । ব্যাথার জন্য tab Etorix ( 60mg ) - ( 0 + 0 + 1 ) ভরা পেটে ৩ দিন খেয়ে দেখতে পারেন । সাথে যেকোনো গ্যাসের ঔষধ খাবেন যেমন tab sergel ( 20 mg ) - ( 1 + 0 + 1 ) খাবার খাওয়ার আগে । গরম পানির সাথে লবন মিশিয়ে কুলি করবেন । এতে আরাম পাবেন । আর অবশ্যই একজন মুখ ও চোয়াল সার্জনকে দেখাবেন ।
Thanks for your question to daktar bhai . Tell him to brush 2 times daily and tell him to rinse mouth after taking sugary food . Talk to a dentist . Thanks . ,,,,dentist,,,,dentist,orthodontist,Thanks for your question to daktar bhai . Tell him to brush 2 times daily and tell him to rinse mouth after taking sugary food . Talk to an orthodontist . Thanks .
Thanks for questioning daktarbhai . . Physically consult with a skin specialist doctor and then apply medicine . Thanks,,,,skin specialist,,,,skin specialist,allergy specialist,Thanks for questioning daktarbhai . . Physically consult with an allergy specialist doctor and then apply medicine . Thanks
Thank you for your question If you are having diarrhea then take 2tab . zimax500 now then 1tab . zimax for 5days Take oral redrydrating saline also by mixing 1packet with 500ml water . Avoid spicy food . Take cap . Seclo 20mg 1 + 0 + 1 before meal for 5days . If pain persists please visit a medicine specialist and act accordingly . Thank you,,,2tab . zimax500 | 1tab . zimax | oral redrydrating saline | cap . Seclo 20mg | 1 + 0 + 1 before meal,medicine specialist,,1packet,,medicine specialist,gastroenterologist,Thank you for your question If you are having diarrhea then take 2tab . zimax500 now then 1tab . zimax for 5days Take oral redrydrating saline also by mixing 1packet with 500ml water . Avoid spicy food . Take cap . Seclo 20mg 1 + 0 + 1 before meal for 5days . If pain persists please visit a gastroenterologist and act accordingly . Thank you
ডাক্তার ভাই এর সাথে থাকার জন্য ধন্যবাদ । সরাসরি অথবা ছবি দেখা প্রয়োজন । একজন স্কিন বিশেষজ্ঞ এর সাথে যোগাযোগ করুন । Dr < NAME > Mbbs,,,,স্কিন বিশেষজ্ঞ,,,,স্কিন বিশেষজ্ঞ,অ্যালার্জি বিশেষজ্ঞ,ডাক্তার ভাই এর সাথে থাকার জন্য ধন্যবাদ । সরাসরি অথবা ছবি দেখা প্রয়োজন । একজন অ্যালার্জি বিশেষজ্ঞ এর সাথে যোগাযোগ করুন । Dr < NAME > Mbbs
ধন্যবাদ আপনাকে প্রশ্নের জন্য । আপনি সরাসরি একজন মেডিসিন বিশেষজ্ঞ ডাক্তারের পরামর্শ নিন । সামনাসামনি পরীক্ষা করে দেখতে হবে । ধন্যবাদ,,,,মেডিসিন বিশেষজ্ঞ,,,,মেডিসিন বিশেষজ্ঞ,পারিবারিক চিকিৎসা বিশেষজ্ঞ,ধন্যবাদ আপনাকে প্রশ্নের জন্য । আপনি সরাসরি একজন পারিবারিক চিকিৎসা বিশেষজ্ঞ ডাক্তারের পরামর্শ নিন । সামনাসামনি পরীক্ষা করে দেখতে হবে । ধন্যবাদ
আপনাকে ধন্যবাদ প্রশ্ন করার জন্য । উনার raised intra cranial pressure হতে পারে । দ্রুত একজন নিউরো মেডিসিন বিশেষজ্ঞ কে দেখিয়ে নিন । চোখের পাওয়ারও দেখিয়ে নিতে হবে । ধন্যবাদ । ,,raised intra cranial pressure,,নিউরো মেডিসিন বিশেষজ্ঞ,,,,নিউরো মেডিসিন বিশেষজ্ঞ,নিউরোসার্জন,আপনাকে ধন্যবাদ প্রশ্ন করার জন্য । উনার raised intra cranial pressure হতে পারে । দ্রুত একজন নিউরোসার্জন কে দেখিয়ে নিন । চোখের পাওয়ারও দেখিয়ে নিতে হবে । ধন্যবাদ ।
ডাক্তার ভাইকে প্রশ্ন করার জন্য ধন্যবাদ । আপনি এই বিষয়ে অবশ্যই একজন গাইনোকোলজিস্টের কাছ থেকে বিস্তারিত পরামর্শ নিয়ে নিন । ধন্যবাদ,,,,গাইনোকোলজিস্টের,,,,গাইনোকোলজিস্টের,প্রসূতি বিশেষজ্ঞের,ডাক্তার ভাইকে প্রশ্ন করার জন্য ধন্যবাদ । আপনি এই বিষয়ে অবশ্যই একজন প্রসূতি বিশেষজ্ঞের কাছ থেকে বিস্তারিত পরামর্শ নিয়ে নিন । ধন্যবাদ
ডাক্তার ভাইতে প্রশ্ন করার জন্যে আপনাকে ধন্যবাদ । আপনি vitamin e cap 200 mg 0 + 1 + 0 1 mas khete paren . . . . Select plus শ্যাম্পু ব্যবহার করুন । । । স্কিন স্পেশালিষ্ট চিকিৎসক এর পরামর্শ নিবেন । ,,,vitamin e cap 200 mg,স্কিন স্পেশালিষ্ট,,0 + 1 + 0 1 mas khete paren,,স্কিন স্পেশালিষ্ট,অ্যালার্জি বিশেষজ্ঞ,ডাক্তার ভাইতে প্রশ্ন করার জন্যে আপনাকে ধন্যবাদ । আপনি vitamin e cap 200 mg 0 + 1 + 0 1 mas khete paren . . . . Select plus শ্যাম্পু ব্যবহার করুন । । । অ্যালার্জি বিশেষজ্ঞ চিকিৎসক এর পরামর্শ নিবেন ।
Thanks for questioning daktarbhai . Please consult with a skin Dr . . uni dekhe den treatment diben . skin r problem na dekhe medicine dawa thik na . Thanks,,,,skin Dr,,,,skin Dr,dermatologist,Thanks for questioning daktarbhai . Please consult with a dermatologist . . uni dekhe den treatment diben . skin r problem na dekhe medicine dawa thik na . Thanks
আপনাকে ধন্যবাদ প্রশ্ন করার জন্য । আপনার এন্ডাস্কোপি লাগতে পারে । একজন গ্যাস্ট্রোএন্টারোলোজিস্ট কে দেখান । ধন্যবাদ,,,,গ্যাস্ট্রোএন্টারোলোজিস্ট,,,এন্ডাস্কোপি,গ্যাস্ট্রোএন্টারোলোজিস্ট,হেপাটোলজিস্ট,আপনাকে ধন্যবাদ প্রশ্ন করার জন্য । আপনার এন্ডাস্কোপি লাগতে পারে । একজন হেপাটোলজিস্ট কে দেখান । ধন্যবাদ
"Thank you for your question Further examination and tests required to evaluate lymphoma and lymphadenopathy like Famly history of cancer , infection , consistency of node , drug history etc . Please visit a medicine specialist for proper diagnosis Thank you",,lymphoma | lymphadenopathy | cancer | infection | consistency of node,,medicine specialist,,,tests,medicine specialist,hematology specialist,"Thank you for your question Further examination and tests required to evaluate lymphoma and lymphadenopathy like Famly history of cancer , infection , consistency of node , drug history etc . Please visit a hematology specialist for proper diagnosis Thank you"
ডাক্তার ভাইকে প্রশ্ন করার জন্য ধন্যবাদ । আপনি দ্রুত একজন গাইনি বিশেষজ্ঞের পরামর্শ নিন । ধন্যবাদ । ,,,,গাইনি বিশেষজ্ঞের,,,,গাইনি বিশেষজ্ঞের,প্রসূতি বিশেষজ্ঞের,ডাক্তার ভাইকে প্রশ্ন করার জন্য ধন্যবাদ । আপনি দ্রুত একজন প্রসূতি বিশেষজ্ঞের পরামর্শ নিন । ধন্যবাদ ।
Thanks for questioning daktarbhai . apnake physically kono eye r Dr r kache Gia check kore nite hobe chokhe Kichu atkay ache kina r akhon chokhe cold water r jhapta den ektu por por . Thanks,,,,eye r Dr,,,,eye r Dr,ophthalmologist,Thanks for questioning daktarbhai . apnake physically kono ophthalmologist r kache Gia check kore nite hobe chokhe Kichu atkay ache kina r akhon chokhe cold water r jhapta den ektu por por . Thanks
আপনাকে ধন্যবাদ প্রশ্ন করার জন্য । আপনার সমস্যা গুরতর । আপনি পিজি হাসপাতাল অথবা ঢাকা মেডিকেলের মেডিসিন বিভাগে দেখান । ধন্যবাদ । ,,,,মেডিসিন বিভাগে,,,,মেডিসিন বিভাগে,কার্ডিওলজি বিভাগে,আপনাকে ধন্যবাদ প্রশ্ন করার জন্য । আপনার সমস্যা গুরতর । আপনি পিজি হাসপাতাল অথবা ঢাকা মেডিকেলের কার্ডিওলজি বিভাগে দেখান । ধন্যবাদ ।
ডাক্তারভাইকে প্রশ্ন করার জন্য ধন্যবাদ । উল্লেখ্য ঔষধগুলোর মধ্যে শুধু Tab Monas 10 Pregnancy Safe . বাকি ঔষধগুলো খাবেন না । এখন প্রথমত অতি দ্রুত অবশ্যই একজন Gynae & Obstetrics Doctor এর কাছে নিয়মিত checkup শুরু করবেন । কেবল মাত্র উনার পরামর্শ নিয়েই এজমার চিকিৎসা করবেন এবং ঔষধ সেবন করবেন । ধন্যবাদ । ,,,Tab Monas 10,Gynae & Obstetrics Doctor,,,,Gynae & Obstetrics Doctor,Maternal-Fetal Medicine Specialist,ডাক্তারভাইকে প্রশ্ন করার জন্য ধন্যবাদ । উল্লেখ্য ঔষধগুলোর মধ্যে শুধু Tab Monas 10 Pregnancy Safe . বাকি ঔষধগুলো খাবেন না । এখন প্রথমত অতি দ্রুত অবশ্যই একজন Maternal-Fetal Medicine Specialist এর কাছে নিয়মিত checkup শুরু করবেন । কেবল মাত্র উনার পরামর্শ নিয়েই এজমার চিকিৎসা করবেন এবং ঔষধ সেবন করবেন । ধন্যবাদ ।
আপনাকে ধন্যবাদ প্রশ্ন করার জন্য । আপনার সমস্যা না দেখে কমেন্ট করা কঠিন । আপনি একজন চর্ম বিশেষজ্ঞ কে দেখান । পানি বেশি করে পান করুন । দুশ্চিন্তা করবেন না । মুখে আপাতত কোনো প্রশাধন দিবেন না । থাইরয়েড পরীক্ষা করান । ধন্যবাদ । ,,,,চর্ম বিশেষজ্ঞ,,,,চর্ম বিশেষজ্ঞ,অ্যালার্জি বিশেষজ্ঞ,আপনাকে ধন্যবাদ প্রশ্ন করার জন্য । আপনার সমস্যা না দেখে কমেন্ট করা কঠিন । আপনি একজন অ্যালার্জি বিশেষজ্ঞ কে দেখান । পানি বেশি করে পান করুন । দুশ্চিন্তা করবেন না । মুখে আপাতত কোনো প্রশাধন দিবেন না । থাইরয়েড পরীক্ষা করান । ধন্যবাদ ।
"ডাক্তার ভাই কে প্রশ্ন করার জন্য ধন্যবাদ আপনি খাওয়ার আগে Tab Ace 500mg , Tab Motigut 10mg প্রতি বেলা ১টা করে এবং Cap Sergel 20mg এবং Xinc B সকাল ও রাতে ১ টা করে এবং Tab Fexo ও Tab M - kast রাতে ১ টা করে খাওয়াতে পারেন । আপনি Dengue NS1 এবং CBC পরীক্ষা দুটি করাবেন আপনি একজন Medicine specialist এর পরামর্শ নিতে পারেন । ধন্যবাদ",,,Tab Ace 500mg | Tab Motigut 10mg | Cap Sergel 20mg | Xinc B | Tab Fexo | Tab M - kast,Medicine specialist,,প্রতি বেলা ১টা করে | সকাল ও রাতে ১ টা | রাতে ১ টা,Dengue NS1 | CBC পরীক্ষা,Medicine specialist,Infectious Disease specialist,"ডাক্তার ভাই কে প্রশ্ন করার জন্য ধন্যবাদ আপনি খাওয়ার আগে Tab Ace 500mg , Tab Motigut 10mg প্রতি বেলা ১টা করে এবং Cap Sergel 20mg এবং Xinc B সকাল ও রাতে ১ টা করে এবং Tab Fexo ও Tab M - kast রাতে ১ টা করে খাওয়াতে পারেন । আপনি Dengue NS1 এবং CBC পরীক্ষা দুটি করাবেন আপনি একজন Infectious Disease specialist এর পরামর্শ নিতে পারেন । ধন্যবাদ"
ডাক্তার ভাই কে প্রশ্ন করার জন্য ধন্যবাদ । অনেক সময় এমন হতে পারে । এই সমস্যার জন্য সরাসরি রোগী দেখা প্রয়োজন আপনি সরাসরি একজন Eye specialist এর পরামর্শ নিন ধন্যবাদ,,,,Eye specialist,,,,Eye specialist,চক্ষু বিশেষজ্ঞ,ডাক্তার ভাই কে প্রশ্ন করার জন্য ধন্যবাদ । অনেক সময় এমন হতে পারে । এই সমস্যার জন্য সরাসরি রোগী দেখা প্রয়োজন আপনি সরাসরি একজন চক্ষু বিশেষজ্ঞ এর পরামর্শ নিন ধন্যবাদ
আপনাকে ধন্যবাদ প্রশ্ন করার জন্য । আপনি ইসুপগুলের ভুষি খেয়ে দেখতে পারেন । পানি বেশি করে পান করুন । এরপরেও সমমস্যা থাকলে একজন গ্যাস্ট্রোএন্টারোলজিস্ট এর সহায়তা নিন । ধন্যবাদ,,,ইসুপগুলের ভুষি,গ্যাস্ট্রোএন্টারোলজিস্ট,,,,গ্যাস্ট্রোএন্টারোলজিস্ট,কোলোরেক্টাল সার্জন,আপনাকে ধন্যবাদ প্রশ্ন করার জন্য । আপনি ইসুপগুলের ভুষি খেয়ে দেখতে পারেন । পানি বেশি করে পান করুন । এরপরেও সমমস্যা থাকলে একজন কোলোরেক্টাল সার্জন এর সহায়তা নিন । ধন্যবাদ
আপনাকে ধন্যবাদ প্রশ্ন করার জন্য । আপনি দেরি না করে একজন সার্জারি ডাক্তারের পরামর্শ নিন । ধন্যবাদ,,,,সার্জারি ডাক্তারের,,,,সার্জারি ডাক্তারের,জেনারেল সার্জারি ডাক্তারের,আপনাকে ধন্যবাদ প্রশ্ন করার জন্য । আপনি দেরি না করে একজন জেনারেল সার্জারি ডাক্তারের পরামর্শ নিন । ধন্যবাদ
আপনাকে ধন্যবাদ প্রশ্ন করার জন্য । আপনি থাইরয়েডের পরীক্ষা করান । ডাই কেয়ার রোলোন ব্যবহার করতে পারেন । একজন মেডিসিন ডাক্তারের পরামর্শ নিতে পারেন । পানি খান । ধন্যবাদ,,,,মেডিসিন ডাক্তারের,,,থাইরয়েডের পরীক্ষা,মেডিসিন ডাক্তারের,এন্ডোক্রাইনোলজিস্টের,আপনাকে ধন্যবাদ প্রশ্ন করার জন্য । আপনি থাইরয়েডের পরীক্ষা করান । ডাই কেয়ার রোলোন ব্যবহার করতে পারেন । একজন এন্ডোক্রাইনোলজিস্টের পরামর্শ নিতে পারেন । পানি খান । ধন্যবাদ
আপনাকে ধন্যবাদ প্রশ্ন করার জন্য । আপনি একটি এক্স রে করিয়ে একজন অর্থপেডিক্স বিশেষজ্ঞ চিকিৎসক কে দেখান । ব্যাথার জন্য প্যারাসিটামল খেতে পারেন । ধন্যবাদ । ,,,প্যারাসিটামল,অর্থপেডিক্স বিশেষজ্ঞ,,,এক্স রে,অর্থপেডিক্স বিশেষজ্ঞ,রিউমাটোলজি বিশেষজ্ঞ,আপনাকে ধন্যবাদ প্রশ্ন করার জন্য । আপনি একটি এক্স রে করিয়ে একজন রিউমাটোলজি বিশেষজ্ঞ চিকিৎসক কে দেখান । ব্যাথার জন্য প্যারাসিটামল খেতে পারেন । ধন্যবাদ ।
"আপনাকে ধন্যবাদ প্রশ্ন করার জন্য । চুল পরার অনেক কারন থাকে । যেমন থাইরয়েডের সমস্যা , হরমনের সমস্যা , কিছু অভ্যাস , বংশগত , এনেমিয়া , খুশকি ইত্যাদি । আপনি সিলেক্ট প্লাস সেম্পু সপ্তাহে দুই বার ব্যবহার করতে পারেন । খুশকি কমে যাবে । চুল পরা বন্ধ হতে পারে । একজন চর্ম রোগের বিশেষজ্ঞ কে দেখিয়ে নিতে পারেন । ধন্যবাদ",চুল পরার | চুল পরা,থাইরয়েডের সমস্যা | হরমনের সমস্যা | এনেমিয়া | খুশকি | খুশকি,সিলেক্ট প্লাস সেম্পু,চর্ম রোগের বিশেষজ্ঞ,,সপ্তাহে দুই বার,,চর্ম রোগের বিশেষজ্ঞ,হরমোন বিশেষজ্ঞ,"আপনাকে ধন্যবাদ প্রশ্ন করার জন্য । চুল পরার অনেক কারন থাকে । যেমন থাইরয়েডের সমস্যা , হরমনের সমস্যা , কিছু অভ্যাস , বংশগত , এনেমিয়া , খুশকি ইত্যাদি । আপনি সিলেক্ট প্লাস সেম্পু সপ্তাহে দুই বার ব্যবহার করতে পারেন । খুশকি কমে যাবে । চুল পরা বন্ধ হতে পারে । একজন হরমোন বিশেষজ্ঞ কে দেখিয়ে নিতে পারেন । ধন্যবাদ"
Thank you for your question . You can take syrup honeycol 2 tea spoon daily 3 times . Continue Monas 10 mg . Take altrol 10 mg at night . consult with a medicine specialist . Thank you . ,,,syrup honeycol | Monas 10 mg | altrol 10 mg,medicine specialist,,2 tea spoon daily 3 times | night,,medicine specialist,family medicine specialist,Thank you for your question . You can take syrup honeycol 2 tea spoon daily 3 times . Continue Monas 10 mg . Take altrol 10 mg at night . consult with a family medicine specialist . Thank you .
"আমার স্ত্রীর বয়স 20 । উচ্চতা 5 ফুট 4 , ওজন 70 কেজি তার মুখের কিছুদিন যাবত লালচে বরণ । চর্মরোগ বিশেষজ্ঞের শরনাপন্ন হলে ডাক্তার সাহেব দৈনিক একটি এজিসিন 500 এমজি এবং ম্যাক্সপ্রো সকালে একটি রাত একটি সাতদিন খাওয়ার পরামর্শ দেন কিন্তু নিয়ম মত খাওয়ার পরও বরণ ভালো হচ্ছে না । তিনটি চারটি বর্ণ গালে থাকতেছে । এখন কি করব পরামর্শ চাই ডাক্তার সাহেব",মুখের কিছুদিন যাবত লালচে বরণ | তিনটি চারটি বর্ণ গালে থাকতেছে,,এজিসিন 500 এমজি | ম্যাক্সপ্রো,চর্মরোগ বিশেষজ্ঞের,20,দৈনিক একটি | সকালে একটি রাত একটি,,চর্মরোগ বিশেষজ্ঞের,অ্যালার্জি বিশেষজ্ঞের,"আমার স্ত্রীর বয়স 20 । উচ্চতা 5 ফুট 4 , ওজন 70 কেজি তার মুখের কিছুদিন যাবত লালচে বরণ । অ্যালার্জি বিশেষজ্ঞের শরনাপন্ন হলে ডাক্তার সাহেব দৈনিক একটি এজিসিন 500 এমজি এবং ম্যাক্সপ্রো সকালে একটি রাত একটি সাতদিন খাওয়ার পরামর্শ দেন কিন্তু নিয়ম মত খাওয়ার পরও বরণ ভালো হচ্ছে না । তিনটি চারটি বর্ণ গালে থাকতেছে । এখন কি করব পরামর্শ চাই ডাক্তার সাহেব"
আপনাকে ধন্যবাদ প্রশ্ন করার জন্য । পেট জ্বালা র প্রাথমিক চিকিৎসা আপনি ইতিমধ্যে ই শুরু করেছেন । এখন আর দেরি না করে দ্রুত হাসপাতালে ইমার্জেন্সী তে নিয়ে যান । ধন্যবাদ । ,,,,হাসপাতালে ইমার্জেন্সী,,,,হাসপাতালে ইমার্জেন্সী,হাসপাতালে গ্যাস্ট্রোএন্টেরোলজি বিভাগ,আপনাকে ধন্যবাদ প্রশ্ন করার জন্য । পেট জ্বালা র প্রাথমিক চিকিৎসা আপনি ইতিমধ্যে ই শুরু করেছেন । এখন আর দেরি না করে দ্রুত হাসপাতালে গ্যাস্ট্রোএন্টেরোলজি বিভাগ তে নিয়ে যান । ধন্যবাদ ।
Thanks for your question to daktar Bhai . Please do not give any other medicine now . He is taking too many medicines . After few days time get him examined by a child doctor again . Thanks,,,,child doctor,,,,child doctor,pediatrician,Thanks for your question to daktar Bhai . Please do not give any other medicine now . He is taking too many medicines . After few days time get him examined by a pediatrician again . Thanks
ডাক্তারভাইকে প্রশ্ন করার জন্য ধন্যবাদ । Tab Napa 500mg 1 + 1 + 1 after meal when there is pain or fever . Tab Fexo 120mg 0 + 0 + 1 for 10 days . ঠান্ডা জাতীয় খাবার খাবেন না । বেশী করে পানি পান করবেন । জ্বর মাপবেন কত উঠে । জ্বর না কমলে আগে আপনার স্ত্রীর গাইনী ডাক্তারের পরামর্শ নিবেন । ধন্যবাদ । ,,,Tab Napa 500mg | Tab Fexo 120mg,গাইনী ডাক্তারের,,1 + 1 + 1 | 0 + 0 + 1 for 10 days,,গাইনী ডাক্তারের,প্রসূতি বিশেষজ্ঞের,ডাক্তারভাইকে প্রশ্ন করার জন্য ধন্যবাদ । Tab Napa 500mg 1 + 1 + 1 after meal when there is pain or fever . Tab Fexo 120mg 0 + 0 + 1 for 10 days . ঠান্ডা জাতীয় খাবার খাবেন না । বেশী করে পানি পান করবেন । জ্বর মাপবেন কত উঠে । জ্বর না কমলে আগে আপনার স্ত্রীর প্রসূতি বিশেষজ্ঞের পরামর্শ নিবেন । ধন্যবাদ ।
Thanks for your question to daktar bhai . you need to talk to a dentist whether you need root canal or not . it will depend on him . Thanks,,,,dentist,,,root canal,dentist,endodontist,Thanks for your question to daktar bhai . you need to talk to an endodontist whether you need root canal or not . it will depend on him . Thanks
"আপনার প্রশ্নের জন্য ধন্যবাদ , শরীর দুর্বল থাকার অনেক কারন রয়েছে , তার মাঝে , ওজন কম , সঠিক ভাবে প্রাত্যাহিক খাবার না খাওয়া , শরীরে ভিটামিন এবং মিনারেল এর অভাব হলে , অতিরিক্ত পরিশ্রম করলে , সবসময় দুশ্চিন্তা গ্রস্থ থাকলে , রক্তের পরিমান কম থাকলে অন্ন্যতম । আপনি নিয়মিত পুস্টিকর খাবার খাবেন , প্রতিদিন নিয়মিত খাবার গ্রহন করবেন । মৌসুমী ফল এবং দুধ এবং ডিম খাবেন । এতে করে আপনার অন্ন্য দুইটা সমস্যা ও সমাধান হয়ে জাবে । তার সাথে সাথে একজন মেডিসিন বিশেষজ্ঞ চিকিৎসক এর পরামর্শ গ্রহন করুন । মনে হয় আপনাকে সাহায্য করতে পেরেছি ভালো থাকবেন",শরীর দুর্বল,,,মেডিসিন বিশেষজ্ঞ,,,,মেডিসিন বিশেষজ্ঞ,এন্ডোক্রাইনোলজি বিশেষজ্ঞ,"আপনার প্রশ্নের জন্য ধন্যবাদ , শরীর দুর্বল থাকার অনেক কারন রয়েছে , তার মাঝে , ওজন কম , সঠিক ভাবে প্রাত্যাহিক খাবার না খাওয়া , শরীরে ভিটামিন এবং মিনারেল এর অভাব হলে , অতিরিক্ত পরিশ্রম করলে , সবসময় দুশ্চিন্তা গ্রস্থ থাকলে , রক্তের পরিমান কম থাকলে অন্ন্যতম । আপনি নিয়মিত পুস্টিকর খাবার খাবেন , প্রতিদিন নিয়মিত খাবার গ্রহন করবেন । মৌসুমী ফল এবং দুধ এবং ডিম খাবেন । এতে করে আপনার অন্ন্য দুইটা সমস্যা ও সমাধান হয়ে জাবে । তার সাথে সাথে একজন এন্ডোক্রাইনোলজি বিশেষজ্ঞ চিকিৎসক এর পরামর্শ গ্রহন করুন । মনে হয় আপনাকে সাহায্য করতে পেরেছি ভালো থাকবেন"
"ডাক্তার ভাইকে প্রশ্ন করার জন্য ধন্যবাদ । Tab Quiet 25 , . 0 + 0 + 1 , 15 days . তাছাড়া রোগীকে সরাসরি দ্রুত একজন মানসিক রোগ বিশেষজ্ঞের কাছে নিয়ে চিকিৎসা করান । ধন্যবাদ",,,Tab Quiet 25,মানসিক রোগ বিশেষজ্ঞের,,0 + 0 + 1,,মানসিক রোগ বিশেষজ্ঞের,স্নায়ুরোগ বিশেষজ্ঞের,"ডাক্তার ভাইকে প্রশ্ন করার জন্য ধন্যবাদ । Tab Quiet 25 , . 0 + 0 + 1 , 15 days . তাছাড়া রোগীকে সরাসরি দ্রুত একজন স্নায়ুরোগ বিশেষজ্ঞের কাছে নিয়ে চিকিৎসা করান । ধন্যবাদ"
"ডাক্তার ভাই কে প্রশ্ন করার জন্য ধন্যবাদ । মামস হইসে কিনা পরিক্ষা করতে হবে । একজন গলার বিশেষজ্ঞ দেখান । Tab Napa 250 mg 1 + 0 + 1 , ৫ দিন । জর কত বলতে হবে । বমি করলে ১ গ্লাস saline খেতে দিবেন । ধন্যবাদ । ",,মামস,Tab Napa 250 mg,গলার বিশেষজ্ঞ,,1 + 0 + 1 | ৫ দিন,,গলার বিশেষজ্ঞ,নাক-কান-গলা বিশেষজ্ঞ,"ডাক্তার ভাই কে প্রশ্ন করার জন্য ধন্যবাদ । মামস হইসে কিনা পরিক্ষা করতে হবে । একজন নাক-কান-গলা বিশেষজ্ঞ দেখান । Tab Napa 250 mg 1 + 0 + 1 , ৫ দিন । জর কত বলতে হবে । বমি করলে ১ গ্লাস saline খেতে দিবেন । ধন্যবাদ ।"
আপনাকে ধন্যবাদ প্রশ্ন করার জন্য । আপনি দ্রুত একজন রেসপিরেটরি মেডিসিন বিশেষজ্ঞ অথবা মেডিসিন বিশেষজ্ঞ কে দেখান । ধন্যবাদ,,,,রেসপিরেটরি মেডিসিন বিশেষজ্ঞ | মেডিসিন বিশেষজ্ঞ,,,,রেসপিরেটরি মেডিসিন বিশেষজ্ঞ | মেডিসিন বিশেষজ্ঞ,বক্ষব্যাধি বিশেষজ্ঞ,আপনাকে ধন্যবাদ প্রশ্ন করার জন্য । আপনি দ্রুত একজন বক্ষব্যাধি বিশেষজ্ঞ অথবা মেডিসিন বিশেষজ্ঞ কে দেখান । ধন্যবাদ
"ডাক্তারভাইকে প্রশ্ন করার জন্য ধন্যবাদ । ফোলা ভাব এবং চুলকানি যে কোন আ্যালার্জির লক্ষণ হতে পারে । প্রাথমিকভাবে , নিম্নের ঔষধ ব্যবহার করতে পারেন - 1 ) আক্রান্ত স্থানে Topicort Cream দিনে ২ বার ব্যবহার করুন । 2 ) Tab Alatrol 10mg - - 0 + 0 + 1 for 10 days . ক্ষত স্থানে চুলকাবেন না । গোসলের সময় সরাসরি সাবান পানি ব্যবহার করবেন না । গরুর মাংস , চিংড়ি , বেগুন , ইলিশ আ্যালার্জি জাতীয় খাবার পরিহার করুন । বেশী করে পানি পান করবেন ও ভিটামিন সি সমৃদ্ধ খাবার খাবেন । চুলকানি না কমলে দ্রুত একজন Skin Specialist Doctor এর পরামর্শ নিয়ে নিবেন । ধন্যবাদ । ",ফোলা ভাব | চুলকানি | চুলকানি,আ্যালার্জির | আ্যালার্জি,Topicort Cream | Tab Alatrol 10mg,Skin Specialist Doctor,,দিনে ২ বার | 0 + 0 + 1,,Skin Specialist Doctor,অ্যালার্জি বিশেষজ্ঞ,"ডাক্তারভাইকে প্রশ্ন করার জন্য ধন্যবাদ । ফোলা ভাব এবং চুলকানি যে কোন আ্যালার্জির লক্ষণ হতে পারে । প্রাথমিকভাবে , নিম্নের ঔষধ ব্যবহার করতে পারেন - 1 ) আক্রান্ত স্থানে Topicort Cream দিনে ২ বার ব্যবহার করুন । 2 ) Tab Alatrol 10mg - - 0 + 0 + 1 for 10 days . ক্ষত স্থানে চুলকাবেন না । গোসলের সময় সরাসরি সাবান পানি ব্যবহার করবেন না । গরুর মাংস , চিংড়ি , বেগুন , ইলিশ আ্যালার্জি জাতীয় খাবার পরিহার করুন । বেশী করে পানি পান করবেন ও ভিটামিন সি সমৃদ্ধ খাবার খাবেন । চুলকানি না কমলে দ্রুত একজন অ্যালার্জি বিশেষজ্ঞ এর পরামর্শ নিয়ে নিবেন । ধন্যবাদ ।"
"ডাক্তারভাইকে প্রশ্ন করার জন্য ধন্যবাদ । দ্রুত ECG , CXR PA View , ECHO এ পরীক্ষাগুলো করিয়ে একজন Cardiologist এর পরামর্শ নিন । পরীক্ষা গুলো করলে বোঝা যাবে কোন সমস্যা আছে কিনা । নানান কারণে এমন ব্যথা হতে পারে । অনেক ক্ষেত্রে mental stress , অপর্যাপ্ত ঘুম , খাবার অনিয়ম এসকল থেকেও ব্যথা হতে পারে । এজন্যই পরীক্ষা করে নির্দিষ্ট কারণ বের করে সে অনুযায়ী চিকিৎসা করতে হবে । এ ধরনের ব্যথা আর উপেক্ষা করা ঠিক হবে না । ধন্যবাদ । ",ব্যথা | ব্যথা,,,Cardiologist,,,ECG | CXR PA View | ECHO,Cardiologist,Pulmonologist,"ডাক্তারভাইকে প্রশ্ন করার জন্য ধন্যবাদ । দ্রুত ECG , CXR PA View , ECHO এ পরীক্ষাগুলো করিয়ে একজন Pulmonologist এর পরামর্শ নিন । পরীক্ষা গুলো করলে বোঝা যাবে কোন সমস্যা আছে কিনা । নানান কারণে এমন ব্যথা হতে পারে । অনেক ক্ষেত্রে mental stress , অপর্যাপ্ত ঘুম , খাবার অনিয়ম এসকল থেকেও ব্যথা হতে পারে । এজন্যই পরীক্ষা করে নির্দিষ্ট কারণ বের করে সে অনুযায়ী চিকিৎসা করতে হবে । এ ধরনের ব্যথা আর উপেক্ষা করা ঠিক হবে না । ধন্যবাদ ।"
ডাক্তার ভাইতে প্রশ্ন করার জন্য আপনাকে ধন্যবাদ । syp - fexo 1 . 5 ml করে রাতে খাওয়াবেন ৫ দিন । প্রয়োজনে শিশু বিশেষজ্ঞ চিকিৎসক এর পরামর্শ নিবেন । ,,,syp - fexo,শিশু বিশেষজ্ঞ,,1 . 5 ml করে রাতে,,শিশু বিশেষজ্ঞ,অ্যালার্জি বিশেষজ্ঞ,ডাক্তার ভাইতে প্রশ্ন করার জন্য আপনাকে ধন্যবাদ । syp - fexo 1 . 5 ml করে রাতে খাওয়াবেন ৫ দিন । প্রয়োজনে অ্যালার্জি বিশেষজ্ঞ চিকিৎসক এর পরামর্শ নিবেন ।
আপনাকে ধন্যবাদ প্রশ্ন করার জন্য । আপনার সম্ভবত স্কেবিস হয়েছে । পরিষ্কার পরিচ্ছন্ন থাকুন । কাপড় সব গরম পানিতে ধৌত করুন । স্কেবেক্স ক্রিম থুতনি থেকে শুরু কিরে সারা গায়ে মাখুন । আট ঘন্টা রাখুন । এলাট্রল ১০ মিলিগ্রাম রাতে খেতে পারুন । একজন চর্ম রোগ বিশেষজ্ঞ কে দেখান । ধন্যবাদ,,স্কেবিস,স্কেবেক্স ক্রিম | এলাট্রল ১০ মিলিগ্রাম,চর্ম রোগ বিশেষজ্ঞ,,,,চর্ম রোগ বিশেষজ্ঞ,সংক্রামক রোগ বিশেষজ্ঞ,আপনাকে ধন্যবাদ প্রশ্ন করার জন্য । আপনার সম্ভবত স্কেবিস হয়েছে । পরিষ্কার পরিচ্ছন্ন থাকুন । কাপড় সব গরম পানিতে ধৌত করুন । স্কেবেক্স ক্রিম থুতনি থেকে শুরু কিরে সারা গায়ে মাখুন । আট ঘন্টা রাখুন । এলাট্রল ১০ মিলিগ্রাম রাতে খেতে পারুন । একজন সংক্রামক রোগ বিশেষজ্ঞ কে দেখান । ধন্যবাদ
আপনাকে ধন্যবাদ প্রশ্ন করার জন্য । আপনার চাকরির সময়সূচী র কারনে এমন হয়েছে । আপনি একজন মেডিসিন ডাক্তার কে দেখান । আপনার কিছিদিন ঔষধ খেতে হতে পারে । ধন্যবাদ,,,,মেডিসিন ডাক্তার,,,,মেডিসিন ডাক্তার,সাধারণ চিকিৎসক,আপনাকে ধন্যবাদ প্রশ্ন করার জন্য । আপনার চাকরির সময়সূচী র কারনে এমন হয়েছে । আপনি একজন সাধারণ চিকিৎসক কে দেখান । আপনার কিছিদিন ঔষধ খেতে হতে পারে । ধন্যবাদ
আপনাকে ধন্যবাদ প্রশ্ন করার জন্য । আপনি একজন মানসিক রোগের বিশেষজ্ঞ ডাক্তার কে দেখান । ধন্যবাদ । ,,,,মানসিক রোগের বিশেষজ্ঞ,,,,মানসিক রোগের বিশেষজ্ঞ,স্নায়ুরোগের বিশেষজ্ঞ,আপনাকে ধন্যবাদ প্রশ্ন করার জন্য । আপনি একজন স্নায়ুরোগের বিশেষজ্ঞ ডাক্তার কে দেখান । ধন্যবাদ ।
"ধন্যবাদ আপনাকে প্রশ্ন করার জন্য । প্রিয় গ্রাহক , আপনার রোগটির চিকিৎসার জন্য আরও বিস্তারিত তথ্য জানা দরকার । আপনি ডাক্তারভাই এপ্লিকেশন থেকে ' Video Call To A Doctor ' সার্ভিসটি ব্যবহার করে একজন Gynaecology & Obstetrics বিশেষজ্ঞ ডাক্তারের এপয়েন্টমেন্ট নিয়ে ভিডিও কল এ কথা বলতে পারেন এবং ডাক্তারএর লেখা প্রেস্ক্রিপশন আপনি আপনার এপ্লিকেশন এ পেয়ে যাবেন । আরও বিস্তারিত জানতে < NUMBER > তে কল করুন । ধন্যবাদ । ",,,,Gynaecology & Obstetrics বিশেষজ্ঞ,,,,Gynaecology & Obstetrics বিশেষজ্ঞ,প্রসূতি বিশেষজ্ঞ,"ধন্যবাদ আপনাকে প্রশ্ন করার জন্য । প্রিয় গ্রাহক , আপনার রোগটির চিকিৎসার জন্য আরও বিস্তারিত তথ্য জানা দরকার । আপনি ডাক্তারভাই এপ্লিকেশন থেকে ' Video Call To A Doctor ' সার্ভিসটি ব্যবহার করে একজন প্রসূতি বিশেষজ্ঞ ডাক্তারের এপয়েন্টমেন্ট নিয়ে ভিডিও কল এ কথা বলতে পারেন এবং ডাক্তারএর লেখা প্রেস্ক্রিপশন আপনি আপনার এপ্লিকেশন এ পেয়ে যাবেন । আরও বিস্তারিত জানতে < NUMBER > তে কল করুন । ধন্যবাদ ।"
ডাক্তার ভাই কে প্রশ্ন করার জন্য ধন্যবাদ । ঠান্ডার জন্য Tab Fexo 120 এবং Tab M - last প্রতিদিন রাতে ১ টা করে খেতে পারেন আপনি সরাসরি একজন Medicine specialist এর পরামর্শ নিন ধন্যবাদ,,,Tab Fexo 120 | Tab M - last,Medicine specialist,,প্রতিদিন রাতে ১ টা,,Medicine specialist,Chest specialist,ডাক্তার ভাই কে প্রশ্ন করার জন্য ধন্যবাদ । ঠান্ডার জন্য Tab Fexo 120 এবং Tab M - last প্রতিদিন রাতে ১ টা করে খেতে পারেন আপনি সরাসরি একজন Chest specialist এর পরামর্শ নিন ধন্যবাদ
"আপনাকে ধন্যবাদ প্রশ্ন করার জন্য । আপনার আব্বার সমস্যা জটিল , যা সমাধানের জন্য আপনাকে একজন হার্ট বিশেষজ্ঞ কে দেখাতে হবে । হাসপাতালে ভর্তি হয়ে চিকিৎসা নিলে আরো ভাল । ধন্যবাদ । ",,,,হার্ট বিশেষজ্ঞ,,,,হার্ট বিশেষজ্ঞ,হৃদরোগ বিশেষজ্ঞ,"আপনাকে ধন্যবাদ প্রশ্ন করার জন্য । আপনার আব্বার সমস্যা জটিল , যা সমাধানের জন্য আপনাকে একজন হৃদরোগ বিশেষজ্ঞ কে দেখাতে হবে । হাসপাতালে ভর্তি হয়ে চিকিৎসা নিলে আরো ভাল । ধন্যবাদ ।"
ডাক্তার ভাই কে প্রশ্ন করার জন্য ধন্যবাদ । এই জন্য কিছু পরীক্ষা ও সরাসরি রোগী দেখে চিকিত্সা প্রয়োজন আপনি সরাসরিএকজন Gynaecologist এর পরামর্শ নিন ধন্যবাদ,,,,Gynaecologist,,,,Gynaecologist,Obstetrician,ডাক্তার ভাই কে প্রশ্ন করার জন্য ধন্যবাদ । এই জন্য কিছু পরীক্ষা ও সরাসরি রোগী দেখে চিকিত্সা প্রয়োজন আপনি সরাসরিএকজন Obstetrician এর পরামর্শ নিন ধন্যবাদ
ডাক্তার ভাইতে প্রশ্ন করার জন্য আপনাকে ধন্যবাদ । বেশি করে পানি ও শাক সবজি খেতে বলবেন । একজন গাইনি বিশেষজ্ঞ চিকিৎসক এর পরামর্শ নিবেন । ,,,,গাইনি বিশেষজ্ঞ,,,,গাইনি বিশেষজ্ঞ,প্রসূতি বিশেষজ্ঞ,ডাক্তার ভাইতে প্রশ্ন করার জন্য আপনাকে ধন্যবাদ । বেশি করে পানি ও শাক সবজি খেতে বলবেন । একজন প্রসূতি বিশেষজ্ঞ চিকিৎসক এর পরামর্শ নিবেন ।
আপনাকে ধন্যবাদ প্রশ্ন করার জন্য । আপনি ব্যাথার জন্য প্যারাসিটামল ৫০০ mg খেতে পারেন । একজন দাঁতের ডাক্তার কে দেখিয়ে নিতে পারেন । ধন্যবাদ । ,,,প্যারাসিটামল ৫০০ mg,দাঁতের ডাক্তার,,,,দাঁতের ডাক্তার,মুখ ও চোয়াল বিশেষজ্ঞ,আপনাকে ধন্যবাদ প্রশ্ন করার জন্য । আপনি ব্যাথার জন্য প্যারাসিটামল ৫০০ mg খেতে পারেন । একজন মুখ ও চোয়াল বিশেষজ্ঞ কে দেখিয়ে নিতে পারেন । ধন্যবাদ ।
"ডাক্তার ভাইকে প্রশ্ন করার জন্য ধন্যবাদ । আপনি এই বিষয়ে একজন খাদ্য ও পুষ্টি বিদের পরামর্শ নিন । শারীরিক পরিশ্রম করুন , এক্সারসাইজ করুন ‌‌‌ , তেল চর্বি খাবার পরিহার করুন । ধন্যবাদ",,,,খাদ্য ও পুষ্টি বিদের,,,,খাদ্য ও পুষ্টি বিদের,ডায়েটিশিয়ানের,"ডাক্তার ভাইকে প্রশ্ন করার জন্য ধন্যবাদ । আপনি এই বিষয়ে একজন ডায়েটিশিয়ানের পরামর্শ নিন । শারীরিক পরিশ্রম করুন , এক্সারসাইজ করুন ‌‌‌ , তেল চর্বি খাবার পরিহার করুন । ধন্যবাদ"
ধন্যবাদ আপনাকে প্রশ্নের জন্য । আপনি একজন স্কিন বিশেষজ্ঞ ডাক্তারের এপয়েনমেন্ট নিন । ওনাকে ছবি তুলে পাঠাতে পারবেন এবং প্রেসক্রিপশন পেয়ে যাবেন । ধন্যবাদ,,,,স্কিন বিশেষজ্ঞ,,,,স্কিন বিশেষজ্ঞ,চর্মরোগ বিশেষজ্ঞ,ধন্যবাদ আপনাকে প্রশ্নের জন্য । আপনি একজন চর্মরোগ বিশেষজ্ঞ ডাক্তারের এপয়েনমেন্ট নিন । ওনাকে ছবি তুলে পাঠাতে পারবেন এবং প্রেসক্রিপশন পেয়ে যাবেন । ধন্যবাদ
ডাক্তার ভাই কে প্রশ্ন করার জন্য ধন্যবাদ । প্রতিদিন সকালে এবং রাতে পেসার মাপাতে হবে । যদি বেশি থাকে তাহলে গাইনী বিশেষজ্ঞ চিকিৎসকের পরামর্শ অনুযায়ী ওষুধ সেবন করতে হবে । তেল এবং চর্বি জাতীয় খাবার খেতে পারবে না । ধন্যবাদ,,,,গাইনী বিশেষজ্ঞ,,,,গাইনী বিশেষজ্ঞ,হৃদরোগ বিশেষজ্ঞ,ডাক্তার ভাই কে প্রশ্ন করার জন্য ধন্যবাদ । প্রতিদিন সকালে এবং রাতে পেসার মাপাতে হবে । যদি বেশি থাকে তাহলে হৃদরোগ বিশেষজ্ঞ চিকিৎসকের পরামর্শ অনুযায়ী ওষুধ সেবন করতে হবে । তেল এবং চর্বি জাতীয় খাবার খেতে পারবে না । ধন্যবাদ
ডাক্তার ভাইকে প্রশ্ন করার জন্য ধন্যবাদ । আপনি দ্রুত গাইনোকোলজিস্ট এর পরামর্শ নিন । ধন্যবাদ,,,,গাইনোকোলজিস্ট,,,,গাইনোকোলজিস্ট,প্রসূতি বিশেষজ্ঞ,ডাক্তার ভাইকে প্রশ্ন করার জন্য ধন্যবাদ । আপনি দ্রুত প্রসূতি বিশেষজ্ঞ এর পরামর্শ নিন । ধন্যবাদ
আপনাকে ধন্যবাদ প্রশ্ন করার জন্য । আপনি মনে হয় খুব দুশ্চিন্তা করে । আপনি দুশ্চিন্তা করবেন না । দিনে পরিশ্রম করুন । ব্যায়াম করুন । মন কে শান্ত রাখার চেষ্টা করুন । একজন মানসিক ডাক্তার এবং একজন মন রোগ কাউন্সিলর কে দেখাতে পারেন । ধন্যবাদ,,,,মানসিক ডাক্তার | মন রোগ কাউন্সিলর,,,,মানসিক ডাক্তার | মন রোগ কাউন্সিলর,মনোরোগ বিশেষজ্ঞ,আপনাকে ধন্যবাদ প্রশ্ন করার জন্য । আপনি মনে হয় খুব দুশ্চিন্তা করে । আপনি দুশ্চিন্তা করবেন না । দিনে পরিশ্রম করুন । ব্যায়াম করুন । মন কে শান্ত রাখার চেষ্টা করুন । একজন মনোরোগ বিশেষজ্ঞ এবং একজন মন রোগ কাউন্সিলর কে দেখাতে পারেন । ধন্যবাদ
"আপনাকে ধন্যবাদ প্রশ্ন করার জন্য । চুল পরার অনেক কারন আছে যেমন খুশকি , হরমনের সমস্যা , থাইরয়েড সমস্যা , কিছু অভ্যাস যেমন চুল টানা , রক্তশুন্যতা ইত্যাদি কারন । আপনার কি সমস্যা আছে তা বের করার চেষ্টা করুন । একজন চর্মরোগ বিশেষজ্ঞ কে দেখান । ধন্যবাদ । ",,খুশকি | হরমনের সমস্যা | থাইরয়েড সমস্যা | রক্তশুন্যতা,,চর্মরোগ বিশেষজ্ঞ,,,,চর্মরোগ বিশেষজ্ঞ,এন্ডোক্রাইনোলজিস্ট,"আপনাকে ধন্যবাদ প্রশ্ন করার জন্য । চুল পরার অনেক কারন আছে যেমন খুশকি , হরমনের সমস্যা , থাইরয়েড সমস্যা , কিছু অভ্যাস যেমন চুল টানা , রক্তশুন্যতা ইত্যাদি কারন । আপনার কি সমস্যা আছে তা বের করার চেষ্টা করুন । একজন এন্ডোক্রাইনোলজিস্ট কে দেখান । ধন্যবাদ ।"
"আপনাকে ধন্যবাদ প্রশ্ন করার জন্য । আপনি ডায়েটিং করতে পারেন । আলু , ভাত , রুটি , মিষ্টি , চিনি খাবেন না । একজন ডায়েটিসিয়ান কে দেখাতে পারেন । অফিসে থাকা অবস্থায় হালকা ব্যায়াম করা যায় , এমন ব্যায়াম করার চেষ্টা করুন । হাঁটার অভ্যাস করুন । ধন্যবাদ । ",,,,ডায়েটিসিয়ান,,,,ডায়েটিসিয়ান,পুষ্টিবিদ,"আপনাকে ধন্যবাদ প্রশ্ন করার জন্য । আপনি ডায়েটিং করতে পারেন । আলু , ভাত , রুটি , মিষ্টি , চিনি খাবেন না । একজন পুষ্টিবিদ কে দেখাতে পারেন । অফিসে থাকা অবস্থায় হালকা ব্যায়াম করা যায় , এমন ব্যায়াম করার চেষ্টা করুন । হাঁটার অভ্যাস করুন । ধন্যবাদ ।"
ডাক্তার ভাই কে প্রশ্ন করার জন্য ধন্যবাদ । Aristoderm cream দিনে ২ বেলা সকাল ও রাতে ৭ দিন । আশা করি কমে যাবে । না কমলে চর্ম রোগ বিশেষজ্ঞ চিকিৎসকের পরামর্শ নিতে হবে । ধন্যবাদ,,,Aristoderm cream,চর্ম রোগ বিশেষজ্ঞ,,২ বেলা | ৭ দিন,,চর্ম রোগ বিশেষজ্ঞ,অ্যালার্জি বিশেষজ্ঞ,ডাক্তার ভাই কে প্রশ্ন করার জন্য ধন্যবাদ । Aristoderm cream দিনে ২ বেলা সকাল ও রাতে ৭ দিন । আশা করি কমে যাবে । না কমলে অ্যালার্জি বিশেষজ্ঞ চিকিৎসকের পরামর্শ নিতে হবে । ধন্যবাদ
"ডাক্তার ভাই এর সাথে থাকার জন্য ধন্যবাদ । Rx , Suppository Glyssup - 1 stick P / R stat Dr < NAME > Mbbs",,,Suppository Glyssup,Dr < NAME > Mbbs,,1 stick P / R,,Dr < NAME > Mbbs,মেডিসিন বিশেষজ্ঞ,"ডাক্তার ভাই এর সাথে থাকার জন্য ধন্যবাদ । Rx , Suppository Glyssup - 1 stick P / R stat মেডিসিন বিশেষজ্ঞ"
আপনাকে ধন্যবাদ প্রশ্ন করার জন্য । আপনি গরম পানির সেক দিন । এক্স - রেয় করা লাগতে পারে । একজন অর্থপেডিক্স ডাক্তারের পরামর্শ নিতে পারেন । ধন্যবাদ,,,,অর্থপেডিক্স ডাক্তারের,,,,অর্থপেডিক্স ডাক্তারের,ট্রমা সার্জনের,আপনাকে ধন্যবাদ প্রশ্ন করার জন্য । আপনি গরম পানির সেক দিন । এক্স - রেয় করা লাগতে পারে । একজন ট্রমা সার্জনের পরামর্শ নিতে পারেন । ধন্যবাদ
আপনাকে ধন্যবাদ প্রশ্ন করার জন্য । এই সমস্যা গুরুতর । আপনি একজন শিশু বিশেষজ্ঞের সাথে সরাসরি যোগাযোগ করুন । ধন্যবাদ । ,,,,শিশু বিশেষজ্ঞের,,,,শিশু বিশেষজ্ঞের,নবজাতক বিশেষজ্ঞের,আপনাকে ধন্যবাদ প্রশ্ন করার জন্য । এই সমস্যা গুরুতর । আপনি একজন নবজাতক বিশেষজ্ঞের সাথে সরাসরি যোগাযোগ করুন । ধন্যবাদ ।
ডাক্তার ভাইকে প্রশ্ন করার জন্য ধন্যবাদ । ব্যথার জন্য Tab Tory 90 1 টি করে ট্যাবলেট তিন থেকে পাঁচ দিন খেতে পারেন এবং মাড়ি ফোলার জন্য অবশ্য ডেন্টিস্ট পরামর্শ নিন । দাঁত পরীক্ষা করে ওই হিসেবে উনি ওষুধ দিয়ে দেবেন । ধন্যবাদ,,,Tab Tory 90,ডেন্টিস্ট,,1 টি করে ট্যাবলেট তিন থেকে পাঁচ দিন,,ডেন্টিস্ট,মাড়ির রোগ বিশেষজ্ঞ,ডাক্তার ভাইকে প্রশ্ন করার জন্য ধন্যবাদ । ব্যথার জন্য Tab Tory 90 1 টি করে ট্যাবলেট তিন থেকে পাঁচ দিন খেতে পারেন এবং মাড়ি ফোলার জন্য অবশ্য মাড়ির রোগ বিশেষজ্ঞ পরামর্শ নিন । দাঁত পরীক্ষা করে ওই হিসেবে উনি ওষুধ দিয়ে দেবেন । ধন্যবাদ
আপনাকে ধন্যবাদ প্রশ্ন করার জন্য । আপনি একজন গাইনি ডাক্তার কে দেখান । প্রেগন্যান্সির অবস্থায় বেশি ঔষধ খাওয়া যায় না । ধন্যবাদ,,প্রেগন্যান্সির,,গাইনি ডাক্তার,,,,গাইনি ডাক্তার,প্রসূতি বিশেষজ্ঞ,আপনাকে ধন্যবাদ প্রশ্ন করার জন্য । আপনি একজন প্রসূতি বিশেষজ্ঞ কে দেখান । প্রেগন্যান্সির অবস্থায় বেশি ঔষধ খাওয়া যায় না । ধন্যবাদ
"psychiatrist ডাক্তারের সাথে যোগাযোগের ব্যবস্থা করে দেন স্যার , , , কিভাবে জোগাজোগ করতে পারব পরামর্শ দেন স্যার",,,,psychiatrist,,,,psychiatrist,psychologist,"psychologist ডাক্তারের সাথে যোগাযোগের ব্যবস্থা করে দেন স্যার , , , কিভাবে জোগাজোগ করতে পারব পরামর্শ দেন স্যার"
"sir , amake urologist doctor rgu + mcu test korte bolecen . is it very painful ? ",,,,urologist,,,rgu | mcu test,urologist,nephrologist,"sir , amake nephrologist doctor rgu + mcu test korte bolecen . is it very painful ?"
"Hello sir , I am a patient of schizophrenia . I regularly take sedil , , perkinil , , tiapine50mg as prescribed by an experienced physician . Now I am facing few problems as indecisions , premature ijaculation , hyper tensions and so many . What should I do ? I have been suffering from this deases since 2008 . Help me sir . ",,schizophrenia | indecisions | premature ijaculation | hyper tensions,sedil | perkinil | tiapine50mg,physician,,,,physician,psychiatrist,"Hello sir , I am a patient of schizophrenia . I regularly take sedil , , perkinil , , tiapine50mg as prescribed by an experienced psychiatrist . Now I am facing few problems as indecisions , premature ijaculation , hyper tensions and so many . What should I do ? I have been suffering from this deases since 2008 . Help me sir ."
Thank you for your question Yes she can . Inform the vaccine center also if she is breast feeding the baby . Thank you,,,,vaccine center,,,,vaccine center,pediatrician,Thank you for your question Yes she can . Inform the pediatrician also if she is breast feeding the baby . Thank you
আপনাকে ধন্যবাদ প্রশ্ন করার জন্য । এটা বংশগত হতে পারে । একজন চর্ম রোগ বিশেষজ্ঞ কে দেখান । ধন্যবাদ । ,,,,চর্ম রোগ বিশেষজ্ঞ,,,,চর্ম রোগ বিশেষজ্ঞ,অ্যালার্জি বিশেষজ্ঞ,আপনাকে ধন্যবাদ প্রশ্ন করার জন্য । এটা বংশগত হতে পারে । একজন অ্যালার্জি বিশেষজ্ঞ কে দেখান । ধন্যবাদ ।
Thanks for your question . measure your blood pressure . try to reduce your weight . you can consult with a nutritionist via this app . thanks,,,,nutritionist,,,,nutritionist,dietitian,Thanks for your question . measure your blood pressure . try to reduce your weight . you can consult with a dietitian via this app . thanks
"অনেক বেশি এ্যাজমা সমস্যা , এজন্য আমি একজন এ্যাজমা Expert ( ডাক্তার ) দেখাতে চাই , শেখ ফজিলাতুন্নেছা হাসপাতালের একজন Expert এর নাম জানতে চাই",,এ্যাজমা,,এ্যাজমা Expert,,,,এ্যাজমা Expert,বক্ষব্যাধি বিশেষজ্ঞ,"অনেক বেশি এ্যাজমা সমস্যা , এজন্য আমি একজন বক্ষব্যাধি বিশেষজ্ঞ ( ডাক্তার ) দেখাতে চাই , শেখ ফজিলাতুন্নেছা হাসপাতালের একজন Expert এর নাম জানতে চাই"
ডাক্তার ভাই কে প্রশ্ন করার জন্য ধন্যবাদ জ্বী খেতে পারবেন আপনি একজন Medicine বিশেষজ্ঞ চিকিৎসকের পরামর্শ নিতে পারেন ধন্যবাদ । ,,,,Medicine বিশেষজ্ঞ,,,,Medicine বিশেষজ্ঞ,অভ্যন্তরীণ রোগ বিশেষজ্ঞ,ডাক্তার ভাই কে প্রশ্ন করার জন্য ধন্যবাদ জ্বী খেতে পারবেন আপনি একজন অভ্যন্তরীণ রোগ বিশেষজ্ঞ চিকিৎসকের পরামর্শ নিতে পারেন ধন্যবাদ ।
"ডাক্তার ভাই কে প্রশ্ন করার জন্য ধন্যবাদ এই অবস্হায় সরাসরি না দেখে ঔষধ দেওয়া ঠিক হবেনা , এতে সমস্যা আরও বাড়তে পারে । আপাতত Norsol Nasal drop দুই নাকে ২ ফোটা করে ব্যাবহার করতে পারেন আপনি একজন Pediatrician এর পরামর্শ নিন ধন্যবাদ",,,Norsol Nasal drop,Pediatrician,,২ ফোটা,,Pediatrician,নাক-কান-গলা বিশেষজ্ঞ,"ডাক্তার ভাই কে প্রশ্ন করার জন্য ধন্যবাদ এই অবস্হায় সরাসরি না দেখে ঔষধ দেওয়া ঠিক হবেনা , এতে সমস্যা আরও বাড়তে পারে । আপাতত Norsol Nasal drop দুই নাকে ২ ফোটা করে ব্যাবহার করতে পারেন আপনি একজন নাক-কান-গলা বিশেষজ্ঞ এর পরামর্শ নিন ধন্যবাদ"
Thanks for your question . consult with our nutritionist . you will be provided a diet chart and some rules . thanks,,,,nutritionist,,,,nutritionist,dietitian,Thanks for your question . consult with our dietitian . you will be provided a diet chart and some rules . thanks
Thank you for your question This is a symptom of diabetes or prostate enlargement . If consult with a medicine specialist and act accordingly Thank you,,diabetes | prostate enlargement,,medicine specialist,,,,medicine specialist,endocrinologist,Thank you for your question This is a symptom of diabetes or prostate enlargement . If consult with an endocrinologist and act accordingly Thank you
"ডাক্তারভাইকে প্রশ্ন করার জন্য ধন্যবাদ । বাচ্চাকে সহজ পাচ্য এবং হাই - ফাইবারযুক্ত খাবার খাওয়াবেন যেমন , কলা , ওটমিল , দুধ , আলু সিদ্ধ , ফল - সবজী এগুলো । প্রয়োজনের থেকে বেশী খাবার খাওয়াবেন না । লক্ষ্য রাখবেন বাচ্চা যেন পর্যাপ্ত পানি পান করে । কোষ্ঠকাঠিন্যর জন্য Syp Osmolax 1 TSF 2 times daily after meal এ ঔষধটি দিতে পারেন । যেহেতু বাচ্চা পেট ব্যথার কথা বলে অবশ্যই Paediatrics Specialist Doctor দেখিয়ে পরামর্শ নিয়ে নিবেন । ধন্যবাদ । ",প্রয়োজনের থেকে বেশী খাবার খাওয়াবেন না,,Syp Osmolax,Paediatrics Specialist,,1 TSF 2 times daily,,Paediatrics Specialist,Paediatric Gastroenterologist,"ডাক্তারভাইকে প্রশ্ন করার জন্য ধন্যবাদ । বাচ্চাকে সহজ পাচ্য এবং হাই - ফাইবারযুক্ত খাবার খাওয়াবেন যেমন , কলা , ওটমিল , দুধ , আলু সিদ্ধ , ফল - সবজী এগুলো । প্রয়োজনের থেকে বেশী খাবার খাওয়াবেন না । লক্ষ্য রাখবেন বাচ্চা যেন পর্যাপ্ত পানি পান করে । কোষ্ঠকাঠিন্যর জন্য Syp Osmolax 1 TSF 2 times daily after meal এ ঔষধটি দিতে পারেন । যেহেতু বাচ্চা পেট ব্যথার কথা বলে অবশ্যই Paediatric Gastroenterologist Doctor দেখিয়ে পরামর্শ নিয়ে নিবেন । ধন্যবাদ ।"
ডাক্তার ভাই কে প্রশ্ন করার জন্য ধন্যবাদ । Neuromedicine doctor দেখান । ধন্যবাদ । ,,,,Neuromedicine doctor,,,,Neuromedicine doctor,Neurologist,ডাক্তার ভাই কে প্রশ্ন করার জন্য ধন্যবাদ । Neurologist দেখান । ধন্যবাদ ।
ডাক্তার ভাইতে প্রশ্ন করার জন্যে আপনাকে ধন্যবাদ । নিকটতম হাসপাতালে অথবা গাইনি বিশেষজ্ঞ চিকিৎসক এর চেম্বারে যোগাযোগ করবেন । । । বমির জন্য tab - emistat 8 mg 1 + 1 + 1 বমি হলে দিতে পারেন । । । ,,,tab - emistat 8 mg,গাইনি বিশেষজ্ঞ,,1 + 1 + 1 বমি হলে দিতে,,গাইনি বিশেষজ্ঞ,প্রসূতি বিশেষজ্ঞ,ডাক্তার ভাইতে প্রশ্ন করার জন্যে আপনাকে ধন্যবাদ । নিকটতম হাসপাতালে অথবা প্রসূতি বিশেষজ্ঞ চিকিৎসক এর চেম্বারে যোগাযোগ করবেন । । । বমির জন্য tab - emistat 8 mg 1 + 1 + 1 বমি হলে দিতে পারেন । । ।
আপনাকে ধন্যবাদ প্রশ্ন করার জন্য । আপনি একজন মেডিসিন অথবা কার্ডিওলজিস্ট দেখান । থাইরয়েড হরমোনের সমস্যা কারনেও এমন হতে পারে । ধন্যবাদ,,থাইরয়েড হরমোনের সমস্যা,,মেডিসিন | কার্ডিওলজিস্ট,,,,মেডিসিন | কার্ডিওলজিস্ট,এন্ডোক্রাইনোলজিস্ট,আপনাকে ধন্যবাদ প্রশ্ন করার জন্য । আপনি একজন এন্ডোক্রাইনোলজিস্ট অথবা কার্ডিওলজিস্ট দেখান । থাইরয়েড হরমোনের সমস্যা কারনেও এমন হতে পারে । ধন্যবাদ
আপনাকে ধন্যবাদ প্রশ্ন করার জন্য । একজিমার সুনির্দিষ্ট চিকিৎসা আছে কিন্তু নিশ্চিত হতে হবে যে একজিমা । চর্ম রোগ না দেখে চিকিৎসা দিলে ভুল চিকিৎসা হতে পারে । আপনি একজন ভাল চর্ম রোগ বিশেষজ্ঞকে দেখিয়ে চিকিৎসা নিন । ধন্যবাদ,,একজিমা,,চর্ম রোগ বিশেষজ্ঞকে,,,,চর্ম রোগ বিশেষজ্ঞকে,অ্যালার্জি বিশেষজ্ঞকে,আপনাকে ধন্যবাদ প্রশ্ন করার জন্য । একজিমার সুনির্দিষ্ট চিকিৎসা আছে কিন্তু নিশ্চিত হতে হবে যে একজিমা । চর্ম রোগ না দেখে চিকিৎসা দিলে ভুল চিকিৎসা হতে পারে । আপনি একজন ভাল অ্যালার্জি বিশেষজ্ঞকে দেখিয়ে চিকিৎসা নিন । ধন্যবাদ
"ডাক্তারভাইকে প্রশ্ন করার জন্য ধন্যবাদ । যেহেতু উনার অভিযোগ হচ্ছে কিন্তু Clinical কোন লক্ষণ পাওয়া যাচ্ছে না , ভালো হয় সশরীরে গিয়ে কোন Medicine Specialist Doctor এর পরামর্শ নিলে । তিনি প্রয়োজনীয় পরীক্ষা নিরীক্ষা করে দেখবেন কোথায় সমস্যা হচ্ছে । প্রাথমিক ভাবে উনার খাওয়া দাওয়া এবং ঘুম বিশ্রাম যেন যথেষ্ট হয় সেদিকে লক্ষ্য রাখুন । Tab Bextram GOLD - - - 0 + 1 + 0 মাল্টিভিটামিনটি আরম্ভ করতে পারেন । ধন্যবাদ । ",,,Tab Bextram GOLD,Medicine Specialist Doctor,,0 + 1 + 0,,Medicine Specialist Doctor,General Physician Doctor,"ডাক্তারভাইকে প্রশ্ন করার জন্য ধন্যবাদ । যেহেতু উনার অভিযোগ হচ্ছে কিন্তু Clinical কোন লক্ষণ পাওয়া যাচ্ছে না , ভালো হয় সশরীরে গিয়ে কোন General Physician Doctor এর পরামর্শ নিলে । তিনি প্রয়োজনীয় পরীক্ষা নিরীক্ষা করে দেখবেন কোথায় সমস্যা হচ্ছে । প্রাথমিক ভাবে উনার খাওয়া দাওয়া এবং ঘুম বিশ্রাম যেন যথেষ্ট হয় সেদিকে লক্ষ্য রাখুন । Tab Bextram GOLD - - - 0 + 1 + 0 মাল্টিভিটামিনটি আরম্ভ করতে পারেন । ধন্যবাদ ।"
"Thank you for your question . Follow A Proper Diet Chart , You can also Consult with a Nutritionist , Exercise Daily . Thank you . ",,,,Nutritionist,,,,Nutritionist,Dietitian,"Thank you for your question . Follow A Proper Diet Chart , You can also Consult with a Dietitian , Exercise Daily . Thank you ."
ডাক্তার ভাই কে প্রশ্ন করার জন্য ধন্যবাদ আপনি যে তথ্য দিয়েছেন তা পর্যাপ্ত নয় । ঔষধ খাওয়াতে থাকুন । Dialysis লাগতে পারে আপনি একজন Nephrologist এর পরামর্শ নিতে পারেন । ধন্যবাদ,,,,Nephrologist,,,Dialysis,Nephrologist,Urologist,ডাক্তার ভাই কে প্রশ্ন করার জন্য ধন্যবাদ আপনি যে তথ্য দিয়েছেন তা পর্যাপ্ত নয় । ঔষধ খাওয়াতে থাকুন । Dialysis লাগতে পারে আপনি একজন Urologist এর পরামর্শ নিতে পারেন । ধন্যবাদ
আমার স্ত্রী র টনসেন ফুলে পেকে গেছে । ভিতরে অনেক টা সাদা হয়ে গেছে । ওর 3 মাস পেগনেট । আজ এক মেডিসিন বিভাগের ডাক্তার দেখাইছি . ডাঃ যে ওষুধ দিছে ( টি - সেফ 400 ) ( এইস 500 ) ও পেনটনিকস 20 । এই গুলা খেলে কি কোনো সমস্যা হবে ? ? ,টনসেন ফুলে পেকে গেছে | ভিতরে অনেক টা সাদা,পেগনেট,টি - সেফ 400 | এইস 500 | পেনটনিকস 20,মেডিসিন বিভাগের ডাক্তার,,,,মেডিসিন বিভাগের ডাক্তার,নাক-কান-গলা বিশেষজ্ঞ,আমার স্ত্রী র টনসেন ফুলে পেকে গেছে । ভিতরে অনেক টা সাদা হয়ে গেছে । ওর 3 মাস পেগনেট । আজ এক নাক-কান-গলা বিশেষজ্ঞ দেখাইছি . ডাঃ যে ওষুধ দিছে ( টি - সেফ 400 ) ( এইস 500 ) ও পেনটনিকস 20 । এই গুলা খেলে কি কোনো সমস্যা হবে ? ?
"আপনাকে ধন্যবাদ প্রশ্ন করার জন্য । আপনি হানিকল খান দুই চামচ করে দিনে তিন বার করে খান । গরম পানিতে আদা , মধু , গরম পানি খান । না কমলে একজন বক্ষ ব্যাধি বিশেষজ্ঞ কে দেখাতে হবে । ধন্যবাদ",,,,বক্ষ ব্যাধি বিশেষজ্ঞ,,,,বক্ষ ব্যাধি বিশেষজ্ঞ,ফুসফুস বিশেষজ্ঞ,"আপনাকে ধন্যবাদ প্রশ্ন করার জন্য । আপনি হানিকল খান দুই চামচ করে দিনে তিন বার করে খান । গরম পানিতে আদা , মধু , গরম পানি খান । না কমলে একজন ফুসফুস বিশেষজ্ঞ কে দেখাতে হবে । ধন্যবাদ"
ডাক্তার ভাইতে প্রশ্ন করার জন্যে আপনাকে ধন্যবাদ । আপনি Tab - Norium 10 mg 0 + 0 + 1 ১৪ দিন Tab - Minaril 8 mg 1 + 0 + 1 ১৪ দিন খেয়ে দেখতে পারেন । । । প্রয়োজনে পরবর্তীতে নিউরোলজি বিশেষজ্ঞ চিকিৎসক এর পরামর্শ নিতে পারেন । ,,,Tab - Norium 10 mg | Tab - Minaril 8 mg,নিউরোলজি বিশেষজ্ঞ,,0 + 0 + 1 ১৪ দিন | 1 + 0 + 1 ১৪ দিন,,নিউরোলজি বিশেষজ্ঞ,নিউরোসার্জারি বিশেষজ্ঞ,ডাক্তার ভাইতে প্রশ্ন করার জন্যে আপনাকে ধন্যবাদ । আপনি Tab - Norium 10 mg 0 + 0 + 1 ১৪ দিন Tab - Minaril 8 mg 1 + 0 + 1 ১৪ দিন খেয়ে দেখতে পারেন । । । প্রয়োজনে পরবর্তীতে নিউরোসার্জারি বিশেষজ্ঞ চিকিৎসক এর পরামর্শ নিতে পারেন ।
আপনাকে ধন্যবাদ প্রশ্ন করার জন্য । natural tear দিতে পারেন । একজন চক্ষু বিশেষজ্ঞ কে দেখিয়ে নিতে পারেন । ধন্যবাদ । ,,,natural tear,চক্ষু বিশেষজ্ঞ,,,,চক্ষু বিশেষজ্ঞ,চক্ষু সার্জন,আপনাকে ধন্যবাদ প্রশ্ন করার জন্য । natural tear দিতে পারেন । একজন চক্ষু সার্জন কে দেখিয়ে নিতে পারেন । ধন্যবাদ ।
"ডাক্তার ভাইকে প্রশ্ন করার জন্য ধন্যবাদ । Ambolyt Paediatric Drop , 0 . 5ml করে দুই বেলা 5 দিন খাওয়াতে পারেন । এছাড়া প্রচুর পরিমানের বুকের দুধ খাওয়াবেন । এবং বুকে ঘরঘর শব্দ হলে অবশ্যই একজন শিশু বিশেষজ্ঞের সরাসরি পরামর্শ নেবেন । বাচ্চার বুক পরীক্ষা করে প্রয়োজনে ডাক্তার গ্যাস দেওয়ার ব্যবস্থা করে দিবে । ধন্যবাদ",বুকে ঘরঘর শব্দ,,Ambolyt Paediatric Drop | গ্যাস,শিশু বিশেষজ্ঞের,,0 . 5ml করে দুই বেলা 5 দিন,বুক পরীক্ষা,শিশু বিশেষজ্ঞের,শিশু শ্বাসরোগ বিশেষজ্ঞের,"ডাক্তার ভাইকে প্রশ্ন করার জন্য ধন্যবাদ । Ambolyt Paediatric Drop , 0 . 5ml করে দুই বেলা 5 দিন খাওয়াতে পারেন । এছাড়া প্রচুর পরিমানের বুকের দুধ খাওয়াবেন । এবং বুকে ঘরঘর শব্দ হলে অবশ্যই একজন শিশু শ্বাসরোগ বিশেষজ্ঞের সরাসরি পরামর্শ নেবেন । বাচ্চার বুক পরীক্ষা করে প্রয়োজনে ডাক্তার গ্যাস দেওয়ার ব্যবস্থা করে দিবে । ধন্যবাদ"
ডাক্তারভাইকে প্রশ্ন করার জন্য ধন্যবাদ । আপাতত Tab . Rivotril ( 0 . 5mg ) 0 + 0 + 1 . . . . for 3 days খাবেন । দ্রুত একজন Psychiatrist এর পরামর্শ নিন । ধন্যবাদ,,,Tab . Rivotril ( 0 . 5mg ),Psychiatrist,,0 + 0 + 1,,Psychiatrist,Neurologist,ডাক্তারভাইকে প্রশ্ন করার জন্য ধন্যবাদ । আপাতত Tab . Rivotril ( 0 . 5mg ) 0 + 0 + 1 . . . . for 3 days খাবেন । দ্রুত একজন Neurologist এর পরামর্শ নিন । ধন্যবাদ
ধন্যবাদ আপনাকে প্রশ্ন করার জন্য । আপনি চোখের পাওয়ার পরীক্ষা করেন । চক্ষু বিশেষজ্ঞের পরামর্শ নিতে পারেন । ধন্যবাদ,,,,চক্ষু বিশেষজ্ঞের,,,,চক্ষু বিশেষজ্ঞের,অপটোমেট্রিস্টের,ধন্যবাদ আপনাকে প্রশ্ন করার জন্য । আপনি চোখের পাওয়ার পরীক্ষা করেন । অপটোমেট্রিস্টের পরামর্শ নিতে পারেন । ধন্যবাদ
আপনাকে ধন্যবাদ প্রশ্ন করার জন্য । হাইপোথাইরয়েড রোগের জন্য চুল পড়তে পারে । আবার অন্য কারনেও হতে পারে । আপনি একজন চর্ম রোগের বিশেষজ্ঞ কে দেখিয়ে নিন । ধন্যবাদ,,,,চর্ম রোগের,,,,চর্ম রোগের,এন্ডোক্রাইন,আপনাকে ধন্যবাদ প্রশ্ন করার জন্য । হাইপোথাইরয়েড রোগের জন্য চুল পড়তে পারে । আবার অন্য কারনেও হতে পারে । আপনি একজন এন্ডোক্রাইন বিশেষজ্ঞ কে দেখিয়ে নিন । ধন্যবাদ
ডাক্তার ভাই কে প্রশ্ন করার জন্য ধন্যবাদ । মেডিসিন দিতে থাকুন । না কোমলে gynae বিশেষজ্ঞ দেখান । কটন কাপড় পড়তে বলবেন । সাবান না ব্যাবহার ভালো । ধন্যবাদ । ,,,মেডিসিন,gynae বিশেষজ্ঞ,,,,gynae বিশেষজ্ঞ,চর্মরোগ বিশেষজ্ঞ,ডাক্তার ভাই কে প্রশ্ন করার জন্য ধন্যবাদ । মেডিসিন দিতে থাকুন । না কোমলে চর্মরোগ বিশেষজ্ঞ দেখান । কটন কাপড় পড়তে বলবেন । সাবান না ব্যাবহার ভালো । ধন্যবাদ ।
"ডাক্তার ভাই কে প্রশ্ন করার জন্য ধন্যবাদ । ঔষধ দিয়ে নাকের মাংস কমানো যায়না , এই জন্য সার্জারী প্রয়োজন ঠান্ডার জন্য Tab Fexo 120 প্রতিদিন ১ টা করে খেতে পারেন আপনি সরাসরি একজন Surgery specialist এর পরামর্শ নিন ধন্যবাদ",ঠান্ডার,,Tab Fexo 120,Surgery specialist,,প্রতিদিন ১ টা,সার্জারী,Surgery specialist,নাক-কান-গলা বিশেষজ্ঞ,"ডাক্তার ভাই কে প্রশ্ন করার জন্য ধন্যবাদ । ঔষধ দিয়ে নাকের মাংস কমানো যায়না , এই জন্য সার্জারী প্রয়োজন ঠান্ডার জন্য Tab Fexo 120 প্রতিদিন ১ টা করে খেতে পারেন আপনি সরাসরি একজন নাক-কান-গলা বিশেষজ্ঞ এর পরামর্শ নিন ধন্যবাদ"
"আপনাকে ধন্যবাদ প্রশ্ন করার জন্য । আপনার বাচ্চার এই সমস্যা কেন আছে তা জানার জন্য কিছু পরীক্ষা করা প্রয়োজন , ভাল ভাবে ইতিহাস নেয়া প্রয়োজন । আপনার বাচ্চাকে মাল্টি ভিটামিন একটা করে এবং ওমিডন সকালে ও রাতে একটা করে খাবার আগে খাওয়াতে পারেন । একজন মেডিসিন বিশেষজ্ঞ ডাক্তার এর পরামর্শ নিন । ধন্যবাদ । ",,,মাল্টি ভিটামিন | ওমিডন,মেডিসিন বিশেষজ্ঞ ডাক্তার,,সকালে ও রাতে একটা করে খাবার আগে,,মেডিসিন বিশেষজ্ঞ ডাক্তার,শিশু বিশেষজ্ঞ ডাক্তার,"আপনাকে ধন্যবাদ প্রশ্ন করার জন্য । আপনার বাচ্চার এই সমস্যা কেন আছে তা জানার জন্য কিছু পরীক্ষা করা প্রয়োজন , ভাল ভাবে ইতিহাস নেয়া প্রয়োজন । আপনার বাচ্চাকে মাল্টি ভিটামিন একটা করে এবং ওমিডন সকালে ও রাতে একটা করে খাবার আগে খাওয়াতে পারেন । একজন শিশু বিশেষজ্ঞ ডাক্তার এর পরামর্শ নিন । ধন্যবাদ ।"
আপনাকে ধন্যবাদ প্রশ্ন করার জন্য । আপনার সমস্যা প্রাথমিক চিকিৎসা তে যাবে না । একজন ভাল নাক কান গলা বিশেষজ্ঞ কে দেখান । ধন্যবাদ । ,,,,নাক কান গলা বিশেষজ্ঞ,,,,নাক কান গলা বিশেষজ্ঞ,বক্ষব্যাধি বিশেষজ্ঞ,আপনাকে ধন্যবাদ প্রশ্ন করার জন্য । আপনার সমস্যা প্রাথমিক চিকিৎসা তে যাবে না । একজন ভাল বক্ষব্যাধি বিশেষজ্ঞ কে দেখান । ধন্যবাদ ।
আপনাকে ধন্যবাদ প্রশ্ন করার জন্য । আপনার আপুকে একজন মেডিসিন বিশেষজ্ঞ কে দ্রুত দেখান । আপনার আপুর যক্ষা বা অন্য কোনো ক্রনিক রোগ হতে পারে । ধন্যবাদ,,যক্ষা,,মেডিসিন বিশেষজ্ঞ,,,,মেডিসিন বিশেষজ্ঞ,বক্ষব্যাধি বিশেষজ্ঞ,আপনাকে ধন্যবাদ প্রশ্ন করার জন্য । আপনার আপুকে একজন বক্ষব্যাধি বিশেষজ্ঞ কে দ্রুত দেখান । আপনার আপুর যক্ষা বা অন্য কোনো ক্রনিক রোগ হতে পারে । ধন্যবাদ
আপনাকে ধন্যবাদ প্রশ্ন করার জন্য । আপনি পায়খানা নরম রাখুন । ইসুপগুলের ভুষি খান । পানি বেশি করে খান । একজন সার্জারি ডাক্তারের পরামর্শ নিন । ধন্যবাদ,,,,সার্জারি ডাক্তারের,,,,সার্জারি ডাক্তারের,গ্যাস্ট্রোএন্টেরোলজিস্টের,আপনাকে ধন্যবাদ প্রশ্ন করার জন্য । আপনি পায়খানা নরম রাখুন । ইসুপগুলের ভুষি খান । পানি বেশি করে খান । একজন গ্যাস্ট্রোএন্টেরোলজিস্টের পরামর্শ নিন । ধন্যবাদ
"আপনাকে ধন্যবাদ প্রশ্ন করার জন্য । আপনি পায়খানা পরীক্ষা করান । ডায়াবেটিস পরীক্ষা করান । আপনার সমস্যা না দেখে , পরীক্ষা না করে বোঝা যাচ্ছে না । একজন মেডিসিন বিশেষজ্ঞ ডাক্তার কে দেখান । ধন্যবাদ । ",,ডায়াবেটিস,,মেডিসিন বিশেষজ্ঞ,,,পায়খানা পরীক্ষা,মেডিসিন বিশেষজ্ঞ,এন্ডোক্রাইনোলজি বিশেষজ্ঞ,"আপনাকে ধন্যবাদ প্রশ্ন করার জন্য । আপনি পায়খানা পরীক্ষা করান । ডায়াবেটিস পরীক্ষা করান । আপনার সমস্যা না দেখে , পরীক্ষা না করে বোঝা যাচ্ছে না । একজন এন্ডোক্রাইনোলজি বিশেষজ্ঞ ডাক্তার কে দেখান । ধন্যবাদ ।"
"আপনাকে ধন্যবাদ প্রশ্ন করার জন্য । । জ্বরের জন্য প্যারাসিটামল খেতে পারেন একটা বা দুইটা করে দিনে ৩ বার । গরম পান মধু , আদা দিয়ে খান । আপনি একজন মেডিসিন ডাক্তারের পরামর্শ নিন । আপনার কাশি থেকে নিউমোনিয়া হতে পারে । ধন্যবাদ",একটা বা দুইটা করে দিনে ৩ বার,নিউমোনিয়া,প্যারাসিটামল,মেডিসিন ডাক্তারের,,,,মেডিসিন ডাক্তারের,বক্ষব্যাধি বিশেষজ্ঞের,"আপনাকে ধন্যবাদ প্রশ্ন করার জন্য । । জ্বরের জন্য প্যারাসিটামল খেতে পারেন একটা বা দুইটা করে দিনে ৩ বার । গরম পান মধু , আদা দিয়ে খান । আপনি একজন বক্ষব্যাধি বিশেষজ্ঞের পরামর্শ নিন । আপনার কাশি থেকে নিউমোনিয়া হতে পারে । ধন্যবাদ"
"আপনাকে ধন্যবাদ প্রশ্ন করার জন্য । এই সমস্যা পরীক্ষা করে দেখতে হবে , এছাড়া মেডিসিন দেয়া যাবে না । একজন নাক কান গলা বিশেষজ্ঞের পরামর্শ নিন । ধন্যবাদ । ",,,,নাক কান গলা বিশেষজ্ঞের,,,,নাক কান গলা বিশেষজ্ঞের,মাথা ও ঘাড় সার্জনের,"আপনাকে ধন্যবাদ প্রশ্ন করার জন্য । এই সমস্যা পরীক্ষা করে দেখতে হবে , এছাড়া মেডিসিন দেয়া যাবে না । একজন মাথা ও ঘাড় সার্জনের পরামর্শ নিন । ধন্যবাদ ।"
আপনাকে ধন্যবাদ প্রশ্ন করার জন্য । আপনি ট্যাবলেট ন্যাপ্রোসিন ৫০০ মিলিগ্রাম সকালে ও রাতে একটা করে খাবার পরে খান ৩ দিন । ট্যাবলেট প্যান্টোনিক্স ২০ মিলিগ্রাম সকালে ও রাতে খাবার আগে একটা করে খান । ঠান্ডা পানির সেক দিন । এক্স রে করিয়ে একজন অর্থপেডিক্স বিশেষজ্ঞ চিকিৎসক কে দেখাতে হবে । ধন্যবাদ । ,,,ট্যাবলেট ন্যাপ্রোসিন ৫০০ মিলিগ্রাম | ট্যাবলেট প্যান্টোনিক্স ২০ মিলিগ্রাম,অর্থপেডিক্স বিশেষজ্ঞ,,সকালে ও রাতে একটা করে | সকালে ও রাতে খাবার আগে একটা করে,এক্স রে,অর্থপেডিক্স বিশেষজ্ঞ,ফিজিক্যাল মেডিসিন বিশেষজ্ঞ,আপনাকে ধন্যবাদ প্রশ্ন করার জন্য । আপনি ট্যাবলেট ন্যাপ্রোসিন ৫০০ মিলিগ্রাম সকালে ও রাতে একটা করে খাবার পরে খান ৩ দিন । ট্যাবলেট প্যান্টোনিক্স ২০ মিলিগ্রাম সকালে ও রাতে খাবার আগে একটা করে খান । ঠান্ডা পানির সেক দিন । এক্স রে করিয়ে একজন ফিজিক্যাল মেডিসিন বিশেষজ্ঞ চিকিৎসক কে দেখাতে হবে । ধন্যবাদ ।
ডাক্তার ভাই কে প্রশ্ন করার জন্য ধন্যবাদ । চশমার পাওয়ার এডজাস্টমেন্ট ঠিক না হলে মাথা ব্যথা করতে পারে । আপনি পুনরায় চক্ষু বিশেষজ্ঞ ডাক্তারের পরামর্শ নিন । ধন্যবাদ । ,,,,চক্ষু বিশেষজ্ঞ,,,,চক্ষু বিশেষজ্ঞ,অপটোমেট্রিস্ট,ডাক্তার ভাই কে প্রশ্ন করার জন্য ধন্যবাদ । চশমার পাওয়ার এডজাস্টমেন্ট ঠিক না হলে মাথা ব্যথা করতে পারে । আপনি পুনরায় অপটোমেট্রিস্ট ডাক্তারের পরামর্শ নিন । ধন্যবাদ ।
আপনাকে ধন্যবাদ প্রশ্ন করার জন্য । আপনার ডায়াবেটিস পরীক্ষা করুন । আপনি একজন ডায়েটেসিয়ান কে দেখান । ,,,,ডায়েটেসিয়ান,,,ডায়াবেটিস পরীক্ষা,ডায়েটেসিয়ান,পুষ্টিবিদ,আপনাকে ধন্যবাদ প্রশ্ন করার জন্য । আপনার ডায়াবেটিস পরীক্ষা করুন । আপনি একজন পুষ্টিবিদ কে দেখান ।
প্রশ্ন করার জন্য ধন্যবাদ । আপনার বাচ্চাকে একজন শিশু বিশেষজ্ঞ ডাক্তার দেখান । বাচ্চাকে সরাসরিভাবে দেখে চিকিৎসা দিতে হবে । ধন্যবাদ । ,,,,শিশু বিশেষজ্ঞ,,,,শিশু বিশেষজ্ঞ,নবজাতক বিশেষজ্ঞ,প্রশ্ন করার জন্য ধন্যবাদ । আপনার বাচ্চাকে একজন নবজাতক বিশেষজ্ঞ ডাক্তার দেখান । বাচ্চাকে সরাসরিভাবে দেখে চিকিৎসা দিতে হবে । ধন্যবাদ ।
আপনাকে ধন্যবাদ প্রশ্ন করার জন্য । বাচ্চার শ্বাস কষ্ট হলে দেড়ি না করে একজন ভাল শিশু বিশেষজ্ঞ কে দেখান । ধন্যবাদ । ,,,,শিশু বিশেষজ্ঞ,,,,শিশু বিশেষজ্ঞ,বক্ষব্যাধি বিশেষজ্ঞ,আপনাকে ধন্যবাদ প্রশ্ন করার জন্য । বাচ্চার শ্বাস কষ্ট হলে দেড়ি না করে একজন ভাল বক্ষব্যাধি বিশেষজ্ঞ কে দেখান । ধন্যবাদ ।
আপনাকে ধন্যবাদ প্রশ্ন করার জন্য । আপনার সমস্যা এমন একটি স্পর্শ কাতর জায়গায় হয়েছে যে না দেখে চিকিৎসা দেয়া উচিত নয় । এতে সমস্যা বাড়তে পারে । আপনি দ্রুত একজন চর্ম রোগের বিশেষজ্ঞ কে দেখান । ভাল হয়ে যাবেন । দুশ্চিন্তা করবেন না । ধন্যবাদ । ,,,,চর্ম রোগের বিশেষজ্ঞ,,,,চর্ম রোগের বিশেষজ্ঞ,যৌনরোগ বিশেষজ্ঞ,আপনাকে ধন্যবাদ প্রশ্ন করার জন্য । আপনার সমস্যা এমন একটি স্পর্শ কাতর জায়গায় হয়েছে যে না দেখে চিকিৎসা দেয়া উচিত নয় । এতে সমস্যা বাড়তে পারে । আপনি দ্রুত একজন যৌনরোগ বিশেষজ্ঞ কে দেখান । ভাল হয়ে যাবেন । দুশ্চিন্তা করবেন না । ধন্যবাদ ।
Thank you for your question Please visit a medicine specialist as soon as possible and act accordingly . You need investigations to confirm the disease . Vertigo can be physiological also . You can take tab napa 500 and menthol balm on affected area when headache occurs . Thank you,,Vertigo,tab napa 500 | menthol balm on,medicine specialist,,,,medicine specialist,neurology specialist,Thank you for your question Please visit a neurology specialist as soon as possible and act accordingly . You need investigations to confirm the disease . Vertigo can be physiological also . You can take tab napa 500 and menthol balm on affected area when headache occurs . Thank you
আপনাকে ধন্যবাদ প্রশ্ন করার জন্য । চুল পড়ার অন্যতম কারন রাত জাগা । আপনি রাত জাগা বন্ধ করুন । আপনি সিলেক্ট প্লাস শেম্পু দিয়ে সপ্তাহে দুই বার শ্যাম্পু করুন । একজন চর্ম রোগের ডাক্তার কে দেখিয়ে নিন । ধন্যবাদ,চুল পড়ার,,সিলেক্ট প্লাস শেম্পু,চর্ম রোগের ডাক্তার,,সপ্তাহে দুই বার,,চর্ম রোগের ডাক্তার,ট্রাইকোলজিস্ট,আপনাকে ধন্যবাদ প্রশ্ন করার জন্য । চুল পড়ার অন্যতম কারন রাত জাগা । আপনি রাত জাগা বন্ধ করুন । আপনি সিলেক্ট প্লাস শেম্পু দিয়ে সপ্তাহে দুই বার শ্যাম্পু করুন । একজন ট্রাইকোলজিস্ট কে দেখিয়ে নিন । ধন্যবাদ
আমার মেয়ের এর বয়স ৫ বসর গত ২ দিন ধরে রাত আনেক বেশি কাশি হচ্ছে । কাশতে কাশতে বমি হইয়ে জাচ্ছে । রাত ৩ - ৪তা পর্যন্ত জেগে থাকে ঘুমাতে পারে না । জর নাই গা এর তাপমাত্রা সাভাবিক । দিন এর বেলা ভাল থাকে রাত ১০ - ১১ তার দিক থেকে বেশি কাশি সুরু করে । অগ্রিম ধন্যবাদ আপনার পরামরশের জন্য,আনেক বেশি কাশি হচ্ছে | কাশতে কাশতে বমি হইয়ে জাচ্ছে | গা এর তাপমাত্রা সাভাবিক | রাত ১০ - ১১ তার দিক থেকে বেশি কাশি সুরু করে,,,৫ বসর,,,,৫ বসর,শিশুরোগ বিশেষজ্ঞ,আমার মেয়ের এর বয়স শিশুরোগ বিশেষজ্ঞ গত ২ দিন ধরে রাত আনেক বেশি কাশি হচ্ছে । কাশতে কাশতে বমি হইয়ে জাচ্ছে । রাত ৩ - ৪তা পর্যন্ত জেগে থাকে ঘুমাতে পারে না । জর নাই গা এর তাপমাত্রা সাভাবিক । দিন এর বেলা ভাল থাকে রাত ১০ - ১১ তার দিক থেকে বেশি কাশি সুরু করে । অগ্রিম ধন্যবাদ আপনার পরামরশের জন্য
"ডাক্তার ভাই কে প্রশ্ন করার জন্য ধন্যবাদ এই অবস্হায় সরাসরি না দেখে এবং পরীক্ষা না করে ঔষধ দেওয়া ঠিক হবেনা , আপনি হাসপাতালে যান এবং X - ray করানোর ব্যাবস্থা করুন আপনি একজন Orthopedics specialist এর পরামর্শ নিতে পারেন ধন্যবাদ । ",,,,Orthopedics specialist,,,X - ray,Orthopedics specialist,Orthopedic surgeon,"ডাক্তার ভাই কে প্রশ্ন করার জন্য ধন্যবাদ এই অবস্হায় সরাসরি না দেখে এবং পরীক্ষা না করে ঔষধ দেওয়া ঠিক হবেনা , আপনি হাসপাতালে যান এবং X - ray করানোর ব্যাবস্থা করুন আপনি একজন Orthopedic surgeon এর পরামর্শ নিতে পারেন ধন্যবাদ ।"
"ডাক্তার ভাই কে প্রশ্ন করার জন্য ধন্যবাদ । অপারেশনের পর রক্তচাপ এমন হতে পারে , সতর্কতামুলক ভাবে সরাসরি রোগী দেখে চিকিত্সা প্রয়োজন যিনি অপারেশন করেছেন সেই specialist Doctor এর পরামর্শ নিন ধন্যবাদ",,,,specialist Doctor,,,,specialist Doctor,সার্জন,"ডাক্তার ভাই কে প্রশ্ন করার জন্য ধন্যবাদ । অপারেশনের পর রক্তচাপ এমন হতে পারে , সতর্কতামুলক ভাবে সরাসরি রোগী দেখে চিকিত্সা প্রয়োজন যিনি অপারেশন করেছেন সেই সার্জন এর পরামর্শ নিন ধন্যবাদ"
Thanks for questioning daktarbhai . Please do to a ENT doctor check your Ear and then clean . . Don ' t touch now please . Thanks,,,,ENT doctor,,,,ENT doctor,otologist,Thanks for questioning daktarbhai . Please do to an otologist check your Ear and then clean . . Don ' t touch now please . Thanks
ধন্যবাদ আপনাকে প্রশ্নের জন্য । আপনার কাউন্সেলিং দরকার । একজন মনোরোগ বিশেষজ্ঞের পরামর্শ নিন । ধন্যবাদ,,,,মনোরোগ বিশেষজ্ঞের,,,,মনোরোগ বিশেষজ্ঞের,ক্লিনিক্যাল সাইকোলজিস্টের,ধন্যবাদ আপনাকে প্রশ্নের জন্য । আপনার কাউন্সেলিং দরকার । একজন ক্লিনিক্যাল সাইকোলজিস্টের পরামর্শ নিন । ধন্যবাদ
Thanks for questioning daktarbhai . ইউরিন জনিত সমস্যা কিডনী তে চলাতে পারে । আপনি ভালো মেডিসিন বিভাগের ডাক্তার দেখিয়ে নিয়ে ঔষধ ঠিক করে নিন । ধন্যবাদ,,ইউরিন জনিত সমস্যা,,মেডিসিন বিভাগের ডাক্তার,,,,মেডিসিন বিভাগের ডাক্তার,কিডনি বিশেষজ্ঞ,Thanks for questioning daktarbhai . ইউরিন জনিত সমস্যা কিডনী তে চলাতে পারে । আপনি ভালো কিডনি বিশেষজ্ঞ দেখিয়ে নিয়ে ঔষধ ঠিক করে নিন । ধন্যবাদ
আপনাকে ধন্যবাদ প্রশ্ন করার জন্য । এন্টিবায়োটিক ব্যাকটেরিয়া দ্বারা তৈরি রোগ এ কাজ করে । ভাইরাস জ্বরে কাজ করে না । আপনার জ্বর কেন হচ্ছে তা জানার জন্য রক্ত পরীক্ষা করা প্রয়োজন । আপনি CBC পরীক্ষা করিয়ে রিপোর্ট সহ একজন মেডিসিন বিশেষজ্ঞ ডাক্তার এর পরামর্শ নিন । আপাতত নাপা দুইটা করে তিন বেলা খান । পানি বেশি করে খান । গরম পানি দিয়ে শরীর মুছে দিন । ধন্যবাদ । ,,,এন্টিবায়োটিক | নাপা,মেডিসিন বিশেষজ্ঞ,,দুইটা করে তিন বেলা,রক্ত পরীক্ষা | CBC পরীক্ষা,মেডিসিন বিশেষজ্ঞ,সংক্রামক রোগ বিশেষজ্ঞ,আপনাকে ধন্যবাদ প্রশ্ন করার জন্য । এন্টিবায়োটিক ব্যাকটেরিয়া দ্বারা তৈরি রোগ এ কাজ করে । ভাইরাস জ্বরে কাজ করে না । আপনার জ্বর কেন হচ্ছে তা জানার জন্য রক্ত পরীক্ষা করা প্রয়োজন । আপনি CBC পরীক্ষা করিয়ে রিপোর্ট সহ একজন সংক্রামক রোগ বিশেষজ্ঞ ডাক্তার এর পরামর্শ নিন । আপাতত নাপা দুইটা করে তিন বেলা খান । পানি বেশি করে খান । গরম পানি দিয়ে শরীর মুছে দিন । ধন্যবাদ ।
আপনাকে ধন্যবাদ প্রশ্ন করার জন্য । দুশ্চিন্তা থেকে অনেকের হার্ট বিট বেড়ে যেতে পারে । কারো কোরো ক্ষেত্রে হার্ট বিট বাড়ার কোনো কারন পাওয়া যায় না । মেয়েদের স্বাভাবিক কারনেই অনেক সময় হার্ট গতি বাড়তে পারে । কিছু ঔষধ যেমন সালবিউটামল এ হার্টের গতি বেড়ে যায় । অনেক কারনেই হার্টের গতি বাড়ে । আপনি একজন ভাল মেডিসিন বিশেষজ্ঞ কে দেখান । রোগী না দেখে বা পরীক্ষা না করে সঠিক কারন বলা সম্ভব না । ধন্যবাদ,,,সালবিউটামল,মেডিসিন বিশেষজ্ঞ,,,,মেডিসিন বিশেষজ্ঞ,হৃদরোগ বিশেষজ্ঞ,আপনাকে ধন্যবাদ প্রশ্ন করার জন্য । দুশ্চিন্তা থেকে অনেকের হার্ট বিট বেড়ে যেতে পারে । কারো কোরো ক্ষেত্রে হার্ট বিট বাড়ার কোনো কারন পাওয়া যায় না । মেয়েদের স্বাভাবিক কারনেই অনেক সময় হার্ট গতি বাড়তে পারে । কিছু ঔষধ যেমন সালবিউটামল এ হার্টের গতি বেড়ে যায় । অনেক কারনেই হার্টের গতি বাড়ে । আপনি একজন ভাল হৃদরোগ বিশেষজ্ঞ কে দেখান । রোগী না দেখে বা পরীক্ষা না করে সঠিক কারন বলা সম্ভব না । ধন্যবাদ
আপনাকে ধন্যবাদ প্রশ্ন করার জন্য । আপনার সমস্যার জন্য আরো কিছু পরিক্ষা প্রয়োজন যেমন থাইরয়েড পরীক্ষা । আপনি একজন মেডিসিন বিশেষজ্ঞ কে দেখান । ধন্যবাদ,,,,একজন মেডিসিন বিশেষজ্ঞ,,,থাইরয়েড পরীক্ষা,একজন মেডিসিন বিশেষজ্ঞ,একজন হরমোন বিশেষজ্ঞ,আপনাকে ধন্যবাদ প্রশ্ন করার জন্য । আপনার সমস্যার জন্য আরো কিছু পরিক্ষা প্রয়োজন যেমন থাইরয়েড পরীক্ষা । আপনি একজন হরমোন বিশেষজ্ঞ কে দেখান । ধন্যবাদ
Thank you for asking Daktarbhai . Usually EPI vaccine start from BCG vaccine and followed by others vaccine as per vaccines schedule . Please consult with your nearest child specialist and make epi vaccine card and give vaccine according to the card . ,,,EPI vaccine | BCG vaccine | vaccine | epi vaccine | vaccine,child specialist,,,,child specialist,pediatrician,Thank you for asking Daktarbhai . Usually EPI vaccine start from BCG vaccine and followed by others vaccine as per vaccines schedule . Please consult with your nearest pediatrician and make epi vaccine card and give vaccine according to the card .
ডাক্তার ভাই কে প্রশ্ন করার জন্য ধন্যবাদ । কান পরীক্ষা করতে হবে । কানের ডাক্তার দেখান । ধন্যবাদ । ,,,,কানের ডাক্তার,,,কান পরীক্ষা,কানের ডাক্তার,নাক-কান-গলা বিশেষজ্ঞ,ডাক্তার ভাই কে প্রশ্ন করার জন্য ধন্যবাদ । কান পরীক্ষা করতে হবে । নাক-কান-গলা বিশেষজ্ঞ দেখান । ধন্যবাদ ।
"ডাক্তার ভাই কে প্রশ্ন করার জন্য ধন্যবাদ । বাচ্চাকে এখনই দেওয়া যাবেনা , আপনি সরাসরি একজন Pediatrician এর পরামর্শ নিন ধন্যবাদ",,,,Pediatrician,,,,Pediatrician,শিশু বিশেষজ্ঞ,"ডাক্তার ভাই কে প্রশ্ন করার জন্য ধন্যবাদ । বাচ্চাকে এখনই দেওয়া যাবেনা , আপনি সরাসরি একজন শিশু বিশেষজ্ঞ এর পরামর্শ নিন ধন্যবাদ"
amer vaginer age 3 years . kintu or shobshomoy thanda legei thake . 1 years er moddhe maximum 6 month thanda kashi legei thake onk doctor child specialist dekhaise kintu valo hochhe na . medicine joto din chole toto din valo thake . akhon er theke kivabe shustho howa jabe aktu janaben please . . ,thanda | thanda | kashi,,,child specialist,3,,,child specialist,pediatric pulmonologist,amer vaginer age 3 years . kintu or shobshomoy thanda legei thake . 1 years er moddhe maximum 6 month thanda kashi legei thake onk doctor pediatric pulmonologist dekhaise kintu valo hochhe na . medicine joto din chole toto din valo thake . akhon er theke kivabe shustho howa jabe aktu janaben please . .
ডাক্তার ভাইকে প্রশ্ন করার জন্য ধন্যবাদ । আপনি দ্রুত একজন গাইনোকলজিস্ট এর পরামর্শ নিন । ধন্যবাদ,,,,গাইনোকলজিস্ট,,,,গাইনোকলজিস্ট,অবস্টেট্রিশিয়ান,ডাক্তার ভাইকে প্রশ্ন করার জন্য ধন্যবাদ । আপনি দ্রুত একজন অবস্টেট্রিশিয়ান এর পরামর্শ নিন । ধন্যবাদ
"ডাক্তার ভাই কে প্রশ্ন করার জন্য ধন্যবাদ । এই অবস্হায় বাচ্চাকে সরাসরি না দেখে কিছু বলা ঠিক হবেনা , কিছু পরীক্ষার প্রয়োজন সরাসরি একজন Pediatricianএর সাথে যোগাযোগ করতে পারেন ধন্যবাদ । ",,,,Pediatricianএর,,,,Pediatricianএর,Neonatologist,"ডাক্তার ভাই কে প্রশ্ন করার জন্য ধন্যবাদ । এই অবস্হায় বাচ্চাকে সরাসরি না দেখে কিছু বলা ঠিক হবেনা , কিছু পরীক্ষার প্রয়োজন সরাসরি একজন Neonatologistএর সাথে যোগাযোগ করতে পারেন ধন্যবাদ ।"
আপনাকে ধন্যবাদ প্রশ্ন করার জন্য । আপনি একজন চর্ম ডাক্তারের পরামর্শ নিশ্চিত হয়ে চিকিৎসা নিন । দাউদ হলে শুধু মলমে দাউদ কমবে না । ঔষধ খেতে হবে । চর্ম রোগ গুলো দেখতে খুব কাছাকাছি কিন্তু চিকিৎসা ভিন্ন । ধন্যবাদ,,দাউদ | দাউদ | চর্ম রোগ,,চর্ম ডাক্তারের,,,,চর্ম ডাক্তারের,সংক্রামক রোগ বিশেষজ্ঞের,আপনাকে ধন্যবাদ প্রশ্ন করার জন্য । আপনি একজন সংক্রামক রোগ বিশেষজ্ঞের পরামর্শ নিশ্চিত হয়ে চিকিৎসা নিন । দাউদ হলে শুধু মলমে দাউদ কমবে না । ঔষধ খেতে হবে । চর্ম রোগ গুলো দেখতে খুব কাছাকাছি কিন্তু চিকিৎসা ভিন্ন । ধন্যবাদ
"আপনাকে ধন্যবাদ প্রশ্ন করার জন্য । আপনি ধুমপান করলে তা বন্ধ করেন । আপনার cough variant asthma থাকতে পারে । এর জন্য একজন রেসপিরেটরি মেডিসিন বিশেষজ্ঞ ডাক্তার এর পরামর্শ নিন । আদা , মধু গরম পানি খান । ধন্যবাদ । ",,cough variant asthma,,রেসপিরেটরি মেডিসিন বিশেষজ্ঞ,,,,রেসপিরেটরি মেডিসিন বিশেষজ্ঞ,বক্ষব্যাধি বিশেষজ্ঞ,"আপনাকে ধন্যবাদ প্রশ্ন করার জন্য । আপনি ধুমপান করলে তা বন্ধ করেন । আপনার cough variant asthma থাকতে পারে । এর জন্য একজন বক্ষব্যাধি বিশেষজ্ঞ ডাক্তার এর পরামর্শ নিন । আদা , মধু গরম পানি খান । ধন্যবাদ ।"
আপনাকে ধন্যবাদ প্রশ্ন করার জন্য । আপনার সমস্যা না দেখে বোঝা যাচ্ছে না । আপনি একজন নাক কান গলা রোগ বিশেষজ্ঞ চিকিৎসক কে দেখিয়ে নিশ্চিত হয়ে চিকিৎসা নিন । ধন্যবাদ । ,,,,নাক কান গলা রোগ বিশেষজ্ঞ চিকিৎসক,,,,নাক কান গলা রোগ বিশেষজ্ঞ চিকিৎসক,মাথা ও গলা রোগ বিশেষজ্ঞ চিকিৎসক,আপনাকে ধন্যবাদ প্রশ্ন করার জন্য । আপনার সমস্যা না দেখে বোঝা যাচ্ছে না । আপনি একজন মাথা ও গলা রোগ বিশেষজ্ঞ চিকিৎসক কে দেখিয়ে নিশ্চিত হয়ে চিকিৎসা নিন । ধন্যবাদ ।
"ধন্যবাদ আপনাকে প্রশ্ন করার জন্য । প্রিয় গ্রাহক , আপনার রোগটির চিকিৎসার জন্য আরও বিস্তারিত তথ্য জানা দরকার । আপনি ডাক্তারভাই এপ্লিকেশন থেকে ' Video Call To A Doctor ' সার্ভিসটি ব্যবহার করে একজন গ্যাস্ট্রোএন্টেরোলজি বিশেষজ্ঞ ডাক্তারের এপয়েন্টমেন্ট নিয়ে ভিডিও কল এ কথা বলতে পারেন এবং ডাক্তারএর লেখা প্রেস্ক্রিপশন আপনি আপনার এপ্লিকেশন এ পেয়ে যাবেন । আরও বিস্তারিত জানতে < NUMBER > তে কল করুন । ধন্যবাদ । ",,,,গ্যাস্ট্রোএন্টেরোলজি বিশেষজ্ঞ,,,,গ্যাস্ট্রোএন্টেরোলজি বিশেষজ্ঞ,হেপাটোলজি বিশেষজ্ঞ,"ধন্যবাদ আপনাকে প্রশ্ন করার জন্য । প্রিয় গ্রাহক , আপনার রোগটির চিকিৎসার জন্য আরও বিস্তারিত তথ্য জানা দরকার । আপনি ডাক্তারভাই এপ্লিকেশন থেকে ' Video Call To A Doctor ' সার্ভিসটি ব্যবহার করে একজন হেপাটোলজি বিশেষজ্ঞ ডাক্তারের এপয়েন্টমেন্ট নিয়ে ভিডিও কল এ কথা বলতে পারেন এবং ডাক্তারএর লেখা প্রেস্ক্রিপশন আপনি আপনার এপ্লিকেশন এ পেয়ে যাবেন । আরও বিস্তারিত জানতে < NUMBER > তে কল করুন । ধন্যবাদ ।"
"ব্রন সমস্যার স্থায়ী সমাধান কি ? চর্মরোগ বিশেষজ্ঞ কে দেখিয়েছিলাম , তার নির্দেশিত পন্থায় অস্থায়ী সমাধান পেলেও আশানুরূপ হয়নি , ব্রন এখন মাথায় / বুকেও দেখা যাচ্ছে । How will I get rid of this silent killer ! ",ব্রন এখন মাথায় / বুকেও দেখা যাচ্ছে,ব্রন,,চর্মরোগ বিশেষজ্ঞ,,,,চর্মরোগ বিশেষজ্ঞ,ত্বক বিশেষজ্ঞ,"ব্রন সমস্যার স্থায়ী সমাধান কি ? ত্বক বিশেষজ্ঞ কে দেখিয়েছিলাম , তার নির্দেশিত পন্থায় অস্থায়ী সমাধান পেলেও আশানুরূপ হয়নি , ব্রন এখন মাথায় / বুকেও দেখা যাচ্ছে । How will I get rid of this silent killer !"
আপনাকে ধন্যবাদ প্রশ্ন করার জন্য । কি ধরনের সমস্যা ? আপনি এই App এর ' Video Call To a Doctor ' সুবিধার মাধ্যমে একজন গাইনী বিশেষজ্ঞের সাথে যোগাযোগ করুন । আপনার সমস্যার সমাধানের পর প্রেসক্রিপশন আপনাকে পৌছে দেয়া হবে । ধন্যবাদ । ,,,,গাইনী বিশেষজ্ঞের,,,,গাইনী বিশেষজ্ঞের,প্রসূতি বিশেষজ্ঞের,আপনাকে ধন্যবাদ প্রশ্ন করার জন্য । কি ধরনের সমস্যা ? আপনি এই App এর ' Video Call To a Doctor ' সুবিধার মাধ্যমে একজন প্রসূতি বিশেষজ্ঞের সাথে যোগাযোগ করুন । আপনার সমস্যার সমাধানের পর প্রেসক্রিপশন আপনাকে পৌছে দেয়া হবে । ধন্যবাদ ।
ডাক্তার ভাইকে প্রশ্ন করার জন্য ধন্যবাদ । গর্ভাবস্থায় স্তনের আকার স্বাভাবিকের থেকে বড় হয় । পরবর্তীতে স্বাভাবিক আকারে ফিরে আসে । যদি মনে করেন স্বাভাবিকের থেকে বেশি ছোট হয়ে গেছে তাহলে endocrinologist এর পরামর্শ নিন । ,,গর্ভাবস্থায়,,endocrinologist,,,,endocrinologist,স্ত্রীরোগ বিশেষজ্ঞ,ডাক্তার ভাইকে প্রশ্ন করার জন্য ধন্যবাদ । গর্ভাবস্থায় স্তনের আকার স্বাভাবিকের থেকে বড় হয় । পরবর্তীতে স্বাভাবিক আকারে ফিরে আসে । যদি মনে করেন স্বাভাবিকের থেকে বেশি ছোট হয়ে গেছে তাহলে স্ত্রীরোগ বিশেষজ্ঞ এর পরামর্শ নিন ।
প্রশ্ন করার জন্য ধন্যবাদ । আপনার বাচ্চাকে একজন শিশু বিশেষজ্ঞ ডাক্তার দেখান কারণ না দেখে কেন এ ধরনের সমস্যা হচ্ছে বলা সম্ভব নয় । ধন্যবাদ । ,,,,শিশু বিশেষজ্ঞ,,,,শিশু বিশেষজ্ঞ,শিশু সার্জন,প্রশ্ন করার জন্য ধন্যবাদ । আপনার বাচ্চাকে একজন শিশু সার্জন ডাক্তার দেখান কারণ না দেখে কেন এ ধরনের সমস্যা হচ্ছে বলা সম্ভব নয় । ধন্যবাদ ।
ডাক্তার ভাইকে প্রশ্ন করার জন্য ধন্যবাদ । আপনার বাচ্চাকে শিশু বিশেষজ্ঞ ডাক্তার দেখান । ,,,,শিশু বিশেষজ্ঞ,,,,শিশু বিশেষজ্ঞ,নবজাতক বিশেষজ্ঞ,ডাক্তার ভাইকে প্রশ্ন করার জন্য ধন্যবাদ । আপনার বাচ্চাকে নবজাতক বিশেষজ্ঞ ডাক্তার দেখান ।
আপনাকে ধন্যবাদ প্রশ্ন করার জন্য । বমির জন্য ডমপেরিডন খেতে পারেন । প্যারাসিটামল খান । শরীর কুসুম গরম পানি দিয়ে মুছবেন জ্বর বেশি হলে । পানি বেশি করে পান করুন । একজন মেডিসিন ডাক্তারের পরামর্ষ নিন । ধন্যবাদ,বমির | জ্বর,,ডমপেরিডন | প্যারাসিটামল,মেডিসিন ডাক্তারের,,,,মেডিসিন ডাক্তারের,গ্যাস্ট্রোএন্টারোলজি বিশেষজ্ঞের,আপনাকে ধন্যবাদ প্রশ্ন করার জন্য । বমির জন্য ডমপেরিডন খেতে পারেন । প্যারাসিটামল খান । শরীর কুসুম গরম পানি দিয়ে মুছবেন জ্বর বেশি হলে । পানি বেশি করে পান করুন । একজন গ্যাস্ট্রোএন্টারোলজি বিশেষজ্ঞের পরামর্ষ নিন । ধন্যবাদ
ধন্যবাদ আপনাকে প্রশ্নের জন্য । এটা একটা কমন সমস্যা । সরাসরি মনরোগ বিশেষজ্ঞ এর পরামর্শ নিলে ভাল হবে । আপনার কাউন্সেলিং দরকার । ধন্যবাদ,,,,মনরোগ বিশেষজ্ঞ,,,,মনরোগ বিশেষজ্ঞ,ক্লিনিক্যাল সাইকোলজিস্ট,ধন্যবাদ আপনাকে প্রশ্নের জন্য । এটা একটা কমন সমস্যা । সরাসরি ক্লিনিক্যাল সাইকোলজিস্ট এর পরামর্শ নিলে ভাল হবে । আপনার কাউন্সেলিং দরকার । ধন্যবাদ
ডাক্তার ভাই কে প্রশ্ন করার জন্য ধন্যবাদ । জ্বরের জন্য ১টা tab . Napa extra 500mg খান । যদি না কমে তাহলে ১টা supp . Napa Extra 500mg মলদ্বারে দিয়ে দিবেন । কালকে মেডিসিন বিশেযজ্ঞের সাথে যোগাযোগ করুন । ,জ্বরের,,tab . Napa extra 500mg | supp . Napa Extra 500mg,মেডিসিন বিশেযজ্ঞের,,১টা | ১টা,,মেডিসিন বিশেযজ্ঞের,সংক্রামক রোগ বিশেষজ্ঞের,ডাক্তার ভাই কে প্রশ্ন করার জন্য ধন্যবাদ । জ্বরের জন্য ১টা tab . Napa extra 500mg খান । যদি না কমে তাহলে ১টা supp . Napa Extra 500mg মলদ্বারে দিয়ে দিবেন । কালকে সংক্রামক রোগ বিশেষজ্ঞের সাথে যোগাযোগ করুন ।
ডাক্তার ভাই ‌কে প্রশ্ন করার জন্য ধন্যবাদ । ভালো কোনো গাইনি বিভাগের একজন ডাক্তার এর পরামর্শ নিন । টিউমার এর সাইজ দেখে ডিসিশন নিতে হবে । ধন্যবাদ । ,,টিউমার,,গাইনি বিভাগের একজন ডাক্তার,,,,গাইনি বিভাগের একজন ডাক্তার,গাইনি ক্যান্সার বিশেষজ্ঞ,ডাক্তার ভাই ‌কে প্রশ্ন করার জন্য ধন্যবাদ । ভালো কোনো গাইনি ক্যান্সার বিশেষজ্ঞ এর পরামর্শ নিন । টিউমার এর সাইজ দেখে ডিসিশন নিতে হবে । ধন্যবাদ ।
আপনাকে ধন্যবাদ প্রশ্ন করার জন্য । আপনি ডায়াবেটিস পরীক্ষা করুন । ভাল একজন চক্ষু বিশেষজ্ঞ কে দেখান । ধন্যবাদ,,,,চক্ষু বিশেষজ্ঞ,,,ডায়াবেটিস পরীক্ষা,চক্ষু বিশেষজ্ঞ,ডায়াবেটিস বিশেষজ্ঞ,আপনাকে ধন্যবাদ প্রশ্ন করার জন্য । আপনি ডায়াবেটিস পরীক্ষা করুন । ভাল একজন ডায়াবেটিস বিশেষজ্ঞ কে দেখান । ধন্যবাদ
ডাক্তার ভাইতে প্রশ্ন করার জন্যে আপনাকে ধন্যবাদ । পায়খানা কষা থাকলে syp - Avolac ১ / ২ চামচ করে সকাল ও রাতে দিতে পারেন । পায়খানা নরম হলে বন্ধ রাখবেন । একজন শিশু বিশেষজ্ঞ চিকিৎসক এর পরামর্শ নিবেন । ,,,syp - Avolac,শিশু বিশেষজ্ঞ চিকিৎসক,,১ / ২ চামচ করে সকাল ও রাতে,,শিশু বিশেষজ্ঞ চিকিৎসক,গ্যাস্ট্রোএন্টারোলজিস্ট চিকিৎসক,ডাক্তার ভাইতে প্রশ্ন করার জন্যে আপনাকে ধন্যবাদ । পায়খানা কষা থাকলে syp - Avolac ১ / ২ চামচ করে সকাল ও রাতে দিতে পারেন । পায়খানা নরম হলে বন্ধ রাখবেন । একজন গ্যাস্ট্রোএন্টারোলজিস্ট চিকিৎসক এর পরামর্শ নিবেন ।
আপনাকে ধন্যবাদ প্রশ্ন করার জন্য । মনে হচ্চে এটি একধরনের চর্ম রোগ হতে পারে । একজন চ চর্ম রোগের বিশেষজ্ঞের পরামর্শ নিতে পারেন । ধন্যবাদ,,,,চর্ম রোগের বিশেষজ্ঞের,,,,চর্ম রোগের বিশেষজ্ঞের,অ্যালার্জি বিশেষজ্ঞের,আপনাকে ধন্যবাদ প্রশ্ন করার জন্য । মনে হচ্চে এটি একধরনের চর্ম রোগ হতে পারে । একজন অ্যালার্জি বিশেষজ্ঞের পরামর্শ নিতে পারেন । ধন্যবাদ
"ডাক্তার ভাই কে প্রশ্ন করার জন্য ধন্যবাদ । আপনি কবে ডাক্তার দেখিয়েছেন উল্লেখ করেননি , বাচ্চার ইনফেকশন থেকে এমন হতে পারে । আপনিএকজন Pediatricianএর সাথে যোগাযোগ করুন ধন্যবাদ",,,,Pediatricianএর,,,,Pediatricianএর,Neonatologistএর,"ডাক্তার ভাই কে প্রশ্ন করার জন্য ধন্যবাদ । আপনি কবে ডাক্তার দেখিয়েছেন উল্লেখ করেননি , বাচ্চার ইনফেকশন থেকে এমন হতে পারে । আপনিএকজন Neonatologistএর সাথে যোগাযোগ করুন ধন্যবাদ"
আপনাকে ধন্যবাদ প্রশ্ন করার জন্য । আপনি কয়েকদিন প্যারাসিটামল খেতে পারেন দুইবেলা খাবার পরে । গরম পানির সেক দিন । পানি বেশি করে খান । একজন রিউমাটোলোজিস্ট কে দেখিয়ে নিতে পারেন । ধন্যবফ,,,প্যারাসিটামল,রিউমাটোলোজিস্ট,,দুইবেলা,,রিউমাটোলোজিস্ট,অর্থোপেডিক বিশেষজ্ঞ,আপনাকে ধন্যবাদ প্রশ্ন করার জন্য । আপনি কয়েকদিন প্যারাসিটামল খেতে পারেন দুইবেলা খাবার পরে । গরম পানির সেক দিন । পানি বেশি করে খান । একজন অর্থোপেডিক বিশেষজ্ঞ কে দেখিয়ে নিতে পারেন । ধন্যবফ
"আপনাকে ধন্যবাদ প্রশ্ন করার জন্য । আপনি গলা ব্যাথার জন্য গরম পানি , আদা , মধু খান । সর্দির জন্য ট্যাবলেট এলাট্রল ১০ মিলিগ্রাম রাতে একটা করে খেতে পারেন । একজন মেডিসিন ডাক্তার কে দেখাতে পারেন । ধন্যবাদ । ",,,ট্যাবলেট এলাট্রল ১০ মিলিগ্রাম,মেডিসিন ডাক্তার,,রাতে একটা,,মেডিসিন ডাক্তার,নাক-কান-গলা বিশেষজ্ঞ,"আপনাকে ধন্যবাদ প্রশ্ন করার জন্য । আপনি গলা ব্যাথার জন্য গরম পানি , আদা , মধু খান । সর্দির জন্য ট্যাবলেট এলাট্রল ১০ মিলিগ্রাম রাতে একটা করে খেতে পারেন । একজন নাক-কান-গলা বিশেষজ্ঞ কে দেখাতে পারেন । ধন্যবাদ ।"
Thank you for your question This is self resolving . Please consult with an ophthalmologist and act accordingly . You can use warm compress . Thank you,,,,ophthalmologist,,,,ophthalmologist,optometrist,Thank you for your question This is self resolving . Please consult with an optometrist and act accordingly . You can use warm compress . Thank you
Thank you for your question Look for any particle is there or not . Remove it . If no particle new tooth is growing or not please check . Do toothbrush two times regularly . Visit a dentist . Thank you,,,,dentist,,,,dentist,orthodontist,Thank you for your question Look for any particle is there or not . Remove it . If no particle new tooth is growing or not please check . Do toothbrush two times regularly . Visit a orthodontist . Thank you
আপনাকে ধন্যবাদ প্রশ্ন করার জন্য । আপনার কিছু পরীক্ষা করা প্রয়োজন । একজন মেডিসিন বিশেষজ্ঞ ডাক্তার এর পরামর্শ নিন । ধন্যবাদ । ,,,,মেডিসিন বিশেষজ্ঞ,,,,মেডিসিন বিশেষজ্ঞ,পারিবারিক চিকিৎসা বিশেষজ্ঞ,আপনাকে ধন্যবাদ প্রশ্ন করার জন্য । আপনার কিছু পরীক্ষা করা প্রয়োজন । একজন পারিবারিক চিকিৎসা বিশেষজ্ঞ ডাক্তার এর পরামর্শ নিন । ধন্যবাদ ।
ডাক্তার ভাই কে প্রশ্ন করার জন্য ধন্যবাদ । আপনি অতি দ্রুত একজন চক্ষু বিশেষজ্ঞের পরামর্শ নিন । চোখে পরিষ্কার ঠান পানির ঝাপটা দিন । রোদে গেলে অবশ্যই রোদচশমা ব্যবহার করবেন । ধন্যবাদ,,,,চক্ষু বিশেষজ্ঞের,,,,চক্ষু বিশেষজ্ঞের,চক্ষু সার্জনের,ডাক্তার ভাই কে প্রশ্ন করার জন্য ধন্যবাদ । আপনি অতি দ্রুত একজন চক্ষু সার্জনের পরামর্শ নিন । চোখে পরিষ্কার ঠান পানির ঝাপটা দিন । রোদে গেলে অবশ্যই রোদচশমা ব্যবহার করবেন । ধন্যবাদ
প্রশ্ন করার জন্য ধন্যবাদ । বাচ্চার আরো কোন সমস্যা আছে কিনা তার বিস্তারিত তথ্য জানা প্রয়োজন । বাচ্চাকে একজন শিশু বিশেষজ্ঞ ডাক্তার দেখান । ধন্যবাদ । ,,,,শিশু বিশেষজ্ঞ,,,,শিশু বিশেষজ্ঞ,শিশু সার্জন,প্রশ্ন করার জন্য ধন্যবাদ । বাচ্চার আরো কোন সমস্যা আছে কিনা তার বিস্তারিত তথ্য জানা প্রয়োজন । বাচ্চাকে একজন শিশু সার্জন ডাক্তার দেখান । ধন্যবাদ ।
আপনাকে ধন্যবাদ প্রশ্ন করার জন্য । আপনার ঘুমের উল্টা পাল্টা হয়েছে কিনা তা লক্ষ করুন । ঠান্ডা পানির সেক দিন । যেহেতু বার বার হচ্ছে তাই একজন অর্থপেডিক্স বিশেষজ্ঞ চিকিৎসক কে দেখিয়ে নিতে পারেন । ধন্যবাদ । ,,,,অর্থপেডিক্স বিশেষজ্ঞ,,,,অর্থপেডিক্স বিশেষজ্ঞ,বাতরোগ বিশেষজ্ঞ,আপনাকে ধন্যবাদ প্রশ্ন করার জন্য । আপনার ঘুমের উল্টা পাল্টা হয়েছে কিনা তা লক্ষ করুন । ঠান্ডা পানির সেক দিন । যেহেতু বার বার হচ্ছে তাই একজন বাতরোগ বিশেষজ্ঞ চিকিৎসক কে দেখিয়ে নিতে পারেন । ধন্যবাদ ।
"Thank you for your question . If your eyes become yellow , urine become yellow or dark colour you might have jaundice . Important Cause of jaundice are viral hepatitis by HepatitisA , B , C , D , E . It can be due to taking unhygienic food ( Hepatitis A , E ) or due to un healthy blood transfusion , niddle sharing or unprotected sex with hepatitis patient ( Hepatitis B , C ) . If you have suspicion you should consult with a hepatologist and do the needful test to identify your problem . Take rest adequately . Avoid paracetamol or any pain killer . Take plenty of water . Thank you . ",eyes become yellow | urine become yellow or dark colour,"jaundice | HepatitisA , B , C , D , E",,hepatologist,,,,hepatologist,gastroenterologist,"Thank you for your question . If your eyes become yellow , urine become yellow or dark colour you might have jaundice . Important Cause of jaundice are viral hepatitis by HepatitisA , B , C , D , E . It can be due to taking unhygienic food ( Hepatitis A , E ) or due to un healthy blood transfusion , niddle sharing or unprotected sex with hepatitis patient ( Hepatitis B , C ) . If you have suspicion you should consult with a gastroenterologist and do the needful test to identify your problem . Take rest adequately . Avoid paracetamol or any pain killer . Take plenty of water . Thank you ."
"ডাক্তার ভাই কে প্রশ্ন করার জন্য ধন্যবাদ । যাউ , নরম খাওয়া খাবেন , জুস খাবেন । ডিম খাবেন । পাতলা খিচুরি খাবেন । বেথা হলে ভরা পেটে নাপা খাবেন । আপনি একজন গলার ডাক্তার দেখান । এটা দেখতে হবে । গরম পানি লবন দিয়ে গড়গড়া করতে পারেন । ধন্যবাদ । ",বেথা,,নাপা,গলার ডাক্তার,,,,গলার ডাক্তার,নাক-কান-গলা বিশেষজ্ঞ,"ডাক্তার ভাই কে প্রশ্ন করার জন্য ধন্যবাদ । যাউ , নরম খাওয়া খাবেন , জুস খাবেন । ডিম খাবেন । পাতলা খিচুরি খাবেন । বেথা হলে ভরা পেটে নাপা খাবেন । আপনি একজন নাক-কান-গলা বিশেষজ্ঞ দেখান । এটা দেখতে হবে । গরম পানি লবন দিয়ে গড়গড়া করতে পারেন । ধন্যবাদ ।"
"আপনাকে ধন্যবাদ প্রশ্ন করার জন্য । আপনি আদা , মধু , গরম পানি খান । লেবু দিয়ে লাল চা খেতে পারেন । ধুমপান থেকে বিরত থাকুন । খাবার খাওয়ার আধা ঘন্টার মধ্যে ঘুমাবেন না । একজন মেডিসিন ডাক্তারের পরামর্শ নিন । ধন্যবাদ",,,,মেডিসিন ডাক্তারের,,,,মেডিসিন ডাক্তারের,বক্ষব্যাধি বিশেষজ্ঞের,"আপনাকে ধন্যবাদ প্রশ্ন করার জন্য । আপনি আদা , মধু , গরম পানি খান । লেবু দিয়ে লাল চা খেতে পারেন । ধুমপান থেকে বিরত থাকুন । খাবার খাওয়ার আধা ঘন্টার মধ্যে ঘুমাবেন না । একজন বক্ষব্যাধি বিশেষজ্ঞের পরামর্শ নিন । ধন্যবাদ"
"আমার বয়স ২৬ বছর এবং প্রথম প্রেগনেন্সি । গত ১৪ ই মে ২০২০ ডেলিভারি তারিখ ছিল । আজ ১৫ মে অর্থাৎ একদিন অতিক্রান্ত হলো । প্রসব হয়নি । প্রেগনেন্সি ৭ মাস থাকাকালে এই ডেলিভারি তারিখ পেয়ছি । ডাক্তারের সর্বশেষ পরামর্শ নিয়েছি ফেব্রুয়ারি মাসে । ভিতরে বাচ্চার নড়াচড়া অনুভূত হয় । এখন পর্যন্ত কোন ব্যথা নেই । করোনাভাইরাস প্রাদুর্ভাবের কারণে চেম্বার বন্ধ থাকায় ঐ ডাক্তার ( গাইনোকোলজিস্ট ) এর পরামর্শ নিতে পারছি না । স্থানীয় হাসপাতাল ও করোনার কারণে লকডাউন । এখন কয়দিন পর্যন্ত অপেক্ষা করতে পারি , পরামর্শ দিলে উপকৃত হবো",প্রসব হয়নি | ব্যথা,প্রেগনেন্সি | প্রেগনেন্সি,,গাইনোকোলজিস্ট,২৬ বছর,,ডেলিভারি | ডেলিভারি,গাইনোকোলজিস্ট,প্রসূতি বিশেষজ্ঞ,"আমার বয়স ২৬ বছর এবং প্রথম প্রেগনেন্সি । গত ১৪ ই মে ২০২০ ডেলিভারি তারিখ ছিল । আজ ১৫ মে অর্থাৎ একদিন অতিক্রান্ত হলো । প্রসব হয়নি । প্রেগনেন্সি ৭ মাস থাকাকালে এই ডেলিভারি তারিখ পেয়ছি । ডাক্তারের সর্বশেষ পরামর্শ নিয়েছি ফেব্রুয়ারি মাসে । ভিতরে বাচ্চার নড়াচড়া অনুভূত হয় । এখন পর্যন্ত কোন ব্যথা নেই । করোনাভাইরাস প্রাদুর্ভাবের কারণে চেম্বার বন্ধ থাকায় ঐ ডাক্তার ( প্রসূতি বিশেষজ্ঞ ) এর পরামর্শ নিতে পারছি না । স্থানীয় হাসপাতাল ও করোনার কারণে লকডাউন । এখন কয়দিন পর্যন্ত অপেক্ষা করতে পারি , পরামর্শ দিলে উপকৃত হবো"
"তীব্র শুস্ক কাশি , টনসিল । । । নাক কান গলার । ডাক্তার দেখাইছি Clacidio 625 mg খেলাম Monas 10 , rupadine 10 খেলাম । কাশি কমছে না । গলার শাস নিতে সমস্যা হচ্ছে । কি করবো",তীব্র শুস্ক কাশি | টনসিল | কাশি কমছে না | গলার শাস নিতে সমস্যা,,Clacidio 625 mg | Monas 10 | rupadine 10,নাক কান গলার । ডাক্তার,,,,নাক কান গলার । ডাক্তার,বক্ষব্যাধির ডাক্তার,"তীব্র শুস্ক কাশি , টনসিল । । । বক্ষব্যাধির ডাক্তার দেখাইছি Clacidio 625 mg খেলাম Monas 10 , rupadine 10 খেলাম । কাশি কমছে না । গলার শাস নিতে সমস্যা হচ্ছে । কি করবো"
ডাক্তার ভাইকে প্রশ্ন করার জন্য ধন্যবাদ । আপনার ভাইকে দ্রুত একজন হেমাটোলজিস্ট আর অনকোলজিস্ট ডাক্তারকে দেখান । তাদের পরামর্শ অনুযায়ী চিকিৎসা গ্রহন করুন । ধন্যবাদ । ,,,,হেমাটোলজিস্ট | অনকোলজিস্ট ডাক্তারকে,,,,হেমাটোলজিস্ট | অনকোলজিস্ট ডাক্তারকে,রেডিয়েশন অনকোলজিস্ট,ডাক্তার ভাইকে প্রশ্ন করার জন্য ধন্যবাদ । আপনার ভাইকে দ্রুত একজন হেমাটোলজিস্ট আর রেডিয়েশন অনকোলজিস্ট ডাক্তারকে দেখান । তাদের পরামর্শ অনুযায়ী চিকিৎসা গ্রহন করুন । ধন্যবাদ ।
আপনাকে ধন্যবাদ প্রশ্ন করার জন্য । আপনি এলাট্রল ট্যাবলেট রাতে একটা করে খান । ভাল না হলে একজন মেডিসিন ডাক্তারের পরামর্শ নিন । ধন্যবাদ,,,এলাট্রল ট্যাবলেট,মেডিসিন ডাক্তারের,,রাতে একটা,,মেডিসিন ডাক্তারের,ইন্টারনাল মেডিসিন বিশেষজ্ঞের,আপনাকে ধন্যবাদ প্রশ্ন করার জন্য । আপনি এলাট্রল ট্যাবলেট রাতে একটা করে খান । ভাল না হলে একজন ইন্টারনাল মেডিসিন বিশেষজ্ঞের পরামর্শ নিন । ধন্যবাদ
আপনাকে ধন্যবাদ প্রশ্ন করার জন্য । আপনি আরো একদিন দেখুন । ভাল না হলে একজন মেডিসিন বিশেষজ্ঞ ডাক্তার কে দেখিয়ে নিন । ধন্যবাদ । ,,,,মেডিসিন বিশেষজ্ঞ,,,,মেডিসিন বিশেষজ্ঞ,পারিবারিক চিকিৎসা বিশেষজ্ঞ,আপনাকে ধন্যবাদ প্রশ্ন করার জন্য । আপনি আরো একদিন দেখুন । ভাল না হলে একজন পারিবারিক চিকিৎসা বিশেষজ্ঞ ডাক্তার কে দেখিয়ে নিন । ধন্যবাদ ।
ডাক্তার ভাই কে প্রশ্ন করার জন্য ধন্যবাদ । চর্ম রোগের ক্ষেত্রে না দেখে ঔষধ দেওয়া যায় না । একজন Skin বিশেষজ্ঞ চিকিৎসকের পরামর্শ নিন ধন্যবাদ,,,,Skin বিশেষজ্ঞ চিকিৎসকের,,,,Skin বিশেষজ্ঞ চিকিৎসকের,চর্মরোগ বিশেষজ্ঞ চিকিৎসকের,ডাক্তার ভাই কে প্রশ্ন করার জন্য ধন্যবাদ । চর্ম রোগের ক্ষেত্রে না দেখে ঔষধ দেওয়া যায় না । একজন চর্মরোগ বিশেষজ্ঞ চিকিৎসকের পরামর্শ নিন ধন্যবাদ
আপনাকে ধন্যবাদ প্রশ্ন করার জন্য । সিগারেট এ - র কোনো withdrawal effect bai . আপনি ছেড়ে দেয়ার মানসিকতা করেছেন এটা ই যথেষ্ট আপনাকে ছাড়তে সাহায্য করবে । মনকে নিয়ন্ত্রন করুন । মেডিটেশন করতে পারেন । মন রোগের কাউন্সিলরের সাহায্য নিতে পারেন । সিগারেট ছাড়লে কোনো শারীরিক সমস্যা তৈরি হয় না । ধন্যবাদ । ,,,,মন রোগের কাউন্সিলরের,,,,মন রোগের কাউন্সিলরের,মনোরোগ বিশেষজ্ঞের,আপনাকে ধন্যবাদ প্রশ্ন করার জন্য । সিগারেট এ - র কোনো withdrawal effect bai . আপনি ছেড়ে দেয়ার মানসিকতা করেছেন এটা ই যথেষ্ট আপনাকে ছাড়তে সাহায্য করবে । মনকে নিয়ন্ত্রন করুন । মেডিটেশন করতে পারেন । মনোরোগ বিশেষজ্ঞের সাহায্য নিতে পারেন । সিগারেট ছাড়লে কোনো শারীরিক সমস্যা তৈরি হয় না । ধন্যবাদ ।
ডাক্তার ভাইকে প্রশ্ন করার জন্য ধন্যবাদ । অবশ্যই অতি দ্রুত একজন মেডিসিন বিশেষজ্ঞ অথবা বক্ষব্যাধি বিশেষজ্ঞের পরামর্শ নিন । ধন্যবাদ,,,,মেডিসিন বিশেষজ্ঞ | বক্ষব্যাধি বিশেষজ্ঞের,,,,মেডিসিন বিশেষজ্ঞ | বক্ষব্যাধি বিশেষজ্ঞের,হৃদরোগ বিশেষজ্ঞ,ডাক্তার ভাইকে প্রশ্ন করার জন্য ধন্যবাদ । অবশ্যই অতি দ্রুত একজন হৃদরোগ বিশেষজ্ঞ অথবা বক্ষব্যাধি বিশেষজ্ঞের পরামর্শ নিন । ধন্যবাদ
আপনাকে ধন্যবাদ প্রশ্ন করার জন্য । আপনার টনসিলের সমস্যা থাকতে পারে । একজন মেডিসিন বিশেষজ্ঞ কে দেখান । গরম পানি আদা মধু খেতে পারেন । ধন্যবাদ,,টনসিলের সমস্যা,,মেডিসিন বিশেষজ্ঞ,,,,মেডিসিন বিশেষজ্ঞ,নাক-কান-গলা বিশেষজ্ঞ,আপনাকে ধন্যবাদ প্রশ্ন করার জন্য । আপনার টনসিলের সমস্যা থাকতে পারে । একজন নাক-কান-গলা বিশেষজ্ঞ কে দেখান । গরম পানি আদা মধু খেতে পারেন । ধন্যবাদ
আপনাকে ধন্যবাদ প্রশ্ন করার জন্য । একজন দন্ত বিশেষজ্ঞের সাথে সরাসরি যোগাযোগ করে সমস্যাটি দেখিয়ে চিকিৎসা নিন । ধন্যবাদ । ,,,,দন্ত বিশেষজ্ঞের,,,,দন্ত বিশেষজ্ঞের,অর্থোডন্টিস্টের,আপনাকে ধন্যবাদ প্রশ্ন করার জন্য । একজন অর্থোডন্টিস্টের সাথে সরাসরি যোগাযোগ করে সমস্যাটি দেখিয়ে চিকিৎসা নিন । ধন্যবাদ ।
Thanks for asking question . you can consult with Gastroenterologist . Thanks,,,,Gastroenterologist,,,,Gastroenterologist,Hepatologist,Thanks for asking question . you can consult with Hepatologist . Thanks
"আপনাকে ধন্যবাদ প্রশ্ন করার জন্য । এর নানা কারন থাকতে পারে , আপনি সরাসরি একজন মেডিসিন বিশেষজ্ঞের পরামর্শ নিন । ধন্যবাদ । ",,,,মেডিসিন বিশেষজ্ঞের,,,,মেডিসিন বিশেষজ্ঞের,অভ্যন্তরীণ রোগ বিশেষজ্ঞের,"আপনাকে ধন্যবাদ প্রশ্ন করার জন্য । এর নানা কারন থাকতে পারে , আপনি সরাসরি একজন অভ্যন্তরীণ রোগ বিশেষজ্ঞের পরামর্শ নিন । ধন্যবাদ ।"
আপনাকে ধন্যবাদ প্রশ্ন করার জন্য । আপনার সমস্যা গুরুতর যা প্রাথমিক চিকিৎসা তে ভাল হবে না । একজন মেডিসিন বিশেষজ্ঞ ডাক্তার কে দেখিয়ে চিকিৎসা নিন । ধন্যবাদ । ,,,,মেডিসিন বিশেষজ্ঞ ডাক্তার,,,,মেডিসিন বিশেষজ্ঞ ডাক্তার,বক্ষব্যাধি বিশেষজ্ঞ ডাক্তার,আপনাকে ধন্যবাদ প্রশ্ন করার জন্য । আপনার সমস্যা গুরুতর যা প্রাথমিক চিকিৎসা তে ভাল হবে না । একজন বক্ষব্যাধি বিশেষজ্ঞ ডাক্তার কে দেখিয়ে চিকিৎসা নিন । ধন্যবাদ ।
ডাক্তার ভাই ‌কে প্রশ্ন করার জন্য ধন্যবাদ । Tab . Xyril 25mg 0 + 0 + 1 ১৫ দিন খাবে । একজন ভালো চর্ম রোগ এর চিকিৎসক দেখাতে হবে । ধন্যবাদ । ,,,Tab . Xyril 25mg,চর্ম রোগ এর চিকিৎসক,,0 + 0 + 1 | ১৫ দিন,,চর্ম রোগ এর চিকিৎসক,অ্যালার্জি বিশেষজ্ঞ,ডাক্তার ভাই ‌কে প্রশ্ন করার জন্য ধন্যবাদ । Tab . Xyril 25mg 0 + 0 + 1 ১৫ দিন খাবে । একজন ভালো অ্যালার্জি বিশেষজ্ঞ দেখাতে হবে । ধন্যবাদ ।
ami to pigi child hospitala child specialist ka dekhiachi . tarpora ooo batha koma nai . ,batha,,,child specialist,,,,child specialist,pediatrician,ami to pigi child hospitala pediatrician ka dekhiachi . tarpora ooo batha koma nai .
আপনাকে ধন্যবাদ প্রশ্ন করার জন্য । আপনার সমস্যা গুরুতর যা প্রাথমিক চিকিৎসা তে ভাল হবে না । আপনি ট্যাবলেট সিভিট একটা করে দুই বেলা খান । মাউথ ওয়াস ব্যবহার করুন । একজন দাঁতের ডাক্তার কে দেখিয়ে নিন । ধন্যবাদ । ,,,ট্যাবলেট সিভিট,দাঁতের ডাক্তার,,একটা করে দুই বেলা,,দাঁতের ডাক্তার,মুখ ও চোয়ালের সার্জন,আপনাকে ধন্যবাদ প্রশ্ন করার জন্য । আপনার সমস্যা গুরুতর যা প্রাথমিক চিকিৎসা তে ভাল হবে না । আপনি ট্যাবলেট সিভিট একটা করে দুই বেলা খান । মাউথ ওয়াস ব্যবহার করুন । একজন মুখ ও চোয়ালের সার্জন কে দেখিয়ে নিন । ধন্যবাদ ।
প্রশ্ন করার জন্য ধন্যবাদ । এত ছোট বাচ্চাকে না দেখে চিকিৎসা দেওয়া সম্ভব নয় । আপনি একজন শিশু বিশেষজ্ঞ ডাক্তার দেখান । ধন্যবাদ । ,,,,শিশু বিশেষজ্ঞ ডাক্তার,,,,শিশু বিশেষজ্ঞ ডাক্তার,নবজাতক বিশেষজ্ঞ ডাক্তার,প্রশ্ন করার জন্য ধন্যবাদ । এত ছোট বাচ্চাকে না দেখে চিকিৎসা দেওয়া সম্ভব নয় । আপনি একজন নবজাতক বিশেষজ্ঞ ডাক্তার দেখান । ধন্যবাদ ।
ডাক্তার ভাই কে প্রশ্ন করার জন্য ধন্যবাদ । বাচ্চা কে বাড়তি খাবার খেতে দেওয়া যাবেনা । আপনি একজন Pediatricianএর সাথে যোগাযোগ করতে পারেন ধন্যবাদ । ,,,,Pediatricianএর,,,,Pediatricianএর,শিশু পুষ্টি বিশেষজ্ঞ,ডাক্তার ভাই কে প্রশ্ন করার জন্য ধন্যবাদ । বাচ্চা কে বাড়তি খাবার খেতে দেওয়া যাবেনা । আপনি একজন শিশু পুষ্টি বিশেষজ্ঞের সাথে যোগাযোগ করতে পারেন ধন্যবাদ ।
আপনাকে ধন্যবাদ প্রশ্ন করার জন্য । উনাকে সিভিট খাওয়াতে পারেন । গরম পানি তে লবন দিয়ে কুলকুচি করতে পারেন । একজন দাতের ডাক্তারকে দেখিয়ে নিতে পারেন । ধন্যবাদ,,,সিভিট,দাতের ডাক্তারকে,,,,দাতের ডাক্তারকে,মুখ ও চোয়াল বিশেষজ্ঞকে,আপনাকে ধন্যবাদ প্রশ্ন করার জন্য । উনাকে সিভিট খাওয়াতে পারেন । গরম পানি তে লবন দিয়ে কুলকুচি করতে পারেন । একজন মুখ ও চোয়াল বিশেষজ্ঞকে দেখিয়ে নিতে পারেন । ধন্যবাদ
Daktar Bhai ke proshno korar jonno dhonnobad . Gorom gorom Bolte Kichu nei . Hoy jor ache ba nei . Shishu doctor r poramorsho nin . Dhonnobad,,,,Shishu doctor,,,,Shishu doctor,Neonatologist,Daktar Bhai ke proshno korar jonno dhonnobad . Gorom gorom Bolte Kichu nei . Hoy jor ache ba nei . Neonatologist r poramorsho nin . Dhonnobad
ডাক্তার ভাই কে প্রশ্ন করার জন্য ধন্যবাদ । নিয়ম মেনে একজন বিশেষজ্ঞের পরামর্শ মত Diet করা উচিত । শরীরে লবন পানির অভাব হলে এমন হতে পারে এই অবস্হায় সরাসরি না দেখে বা পরীক্ষা না করে কিছু বলা ঠিক হবেনা । এতে রোগীর ক্ষতি হতে পারে আপনি সরাসরি একজন Medicine বিশেষজ্ঞ এবং Nutritionist এর পরামর্শ নিতে পারেন ধন্যবাদ,,,,বিশেষজ্ঞের | Medicine বিশেষজ্ঞ | Nutritionist,,,,বিশেষজ্ঞের | Medicine বিশেষজ্ঞ | Nutritionist,Endocrinologist,ডাক্তার ভাই কে প্রশ্ন করার জন্য ধন্যবাদ । নিয়ম মেনে একজন বিশেষজ্ঞের পরামর্শ মত Diet করা উচিত । শরীরে লবন পানির অভাব হলে এমন হতে পারে এই অবস্হায় সরাসরি না দেখে বা পরীক্ষা না করে কিছু বলা ঠিক হবেনা । এতে রোগীর ক্ষতি হতে পারে আপনি সরাসরি একজন Medicine বিশেষজ্ঞ এবং Endocrinologist এর পরামর্শ নিতে পারেন ধন্যবাদ
"আপনাকে ধন্যবাদ প্রশ্ন করার জন্য । আপনার সমস্যা চিন্নিত করার জন্য আপনার পূর্ণ রোগের ইতিহাস , কিছু ক্লিনিকাল পরীক্ষা ও কিছু রক্ত ও অন্যান্য পরীক্ষা প্রয়োজন , যা একজন মেডিসিন ডাক্তার না দেখে দিতে পারবে না । আপনি আপনার নিকটস্থ মেডিসিন ডাক্তারকে দেখিয়ে নিন । ধন্যবাদ",,,,মেডিসিন ডাক্তার | মেডিসিন ডাক্তারকে,,,ক্লিনিকাল পরীক্ষা | রক্ত ও অন্যান্য পরীক্ষা প্রয়োজন,মেডিসিন ডাক্তার | মেডিসিন ডাক্তারকে,সাধারণ চিকিৎসক,"আপনাকে ধন্যবাদ প্রশ্ন করার জন্য । আপনার সমস্যা চিন্নিত করার জন্য আপনার পূর্ণ রোগের ইতিহাস , কিছু ক্লিনিকাল পরীক্ষা ও কিছু রক্ত ও অন্যান্য পরীক্ষা প্রয়োজন , যা একজন সাধারণ চিকিৎসক না দেখে দিতে পারবে না । আপনি আপনার নিকটস্থ মেডিসিন ডাক্তারকে দেখিয়ে নিন । ধন্যবাদ"
আপনাকে ধন্যবাদ প্রশ্ন করার জন্য । আপনার সমস্যা ভাল ভাবে পরীক্ষা করে দেখতে হবে । আপনি একজন গাইনী বিশেষজ্ঞ চিকিৎসক কে দেখান । ধন্যবাদ । ,,,,গাইনী বিশেষজ্ঞ,,,,গাইনী বিশেষজ্ঞ,প্রসূতি বিশেষজ্ঞ,আপনাকে ধন্যবাদ প্রশ্ন করার জন্য । আপনার সমস্যা ভাল ভাবে পরীক্ষা করে দেখতে হবে । আপনি একজন প্রসূতি বিশেষজ্ঞ চিকিৎসক কে দেখান । ধন্যবাদ ।
"ডাক্তার ভাই ‌কে প্রশ্ন করার জন্য ধন্যবাদ । সেলাইন পানি পান করবেন প্রতিদিন দুপুরে ১ প্যাকেট ৫ দিন , Tab . Rivotril 0 . 5 mg 0 + 9 + 1 for 7 days . খেয়ে ভালো না হলে কোন ভাল সাইকিয়াট্রিস্ট এর পরামর্শ নিন ধন্যবাদ । ",,,Tab . Rivotril 0 . 5 mg,সাইকিয়াট্রিস্ট,,0 + 9 + 1 for 7 days,,সাইকিয়াট্রিস্ট,নিউরোলজিস্ট,"ডাক্তার ভাই ‌কে প্রশ্ন করার জন্য ধন্যবাদ । সেলাইন পানি পান করবেন প্রতিদিন দুপুরে ১ প্যাকেট ৫ দিন , Tab . Rivotril 0 . 5 mg 0 + 9 + 1 for 7 days . খেয়ে ভালো না হলে কোন ভাল নিউরোলজিস্ট এর পরামর্শ নিন ধন্যবাদ ।"
আপনাকে ধন্যবাদ প্রশ্ন করার জন্য । আপনি বাচ্চাকে আপাতত নরসল দিতে পারেন । বুকের দুধ ও তরল খাবার বেশি খাওয়ান । দুই বছরের আগে বাচ্চাকে প্রয়োজন ছাড়া ঔষধ দেয়া ঠিক নয় । একজন শিশু বিশেষজ্ঞ কে দেখাতে পারেন । ধন্যবাদ । ,,,নরসল,শিশু বিশেষজ্ঞ,,,,শিশু বিশেষজ্ঞ,নবজাতক বিশেষজ্ঞ,আপনাকে ধন্যবাদ প্রশ্ন করার জন্য । আপনি বাচ্চাকে আপাতত নরসল দিতে পারেন । বুকের দুধ ও তরল খাবার বেশি খাওয়ান । দুই বছরের আগে বাচ্চাকে প্রয়োজন ছাড়া ঔষধ দেয়া ঠিক নয় । একজন নবজাতক বিশেষজ্ঞ কে দেখাতে পারেন । ধন্যবাদ ।
Thanks for your question . consult a psycho sexologist . thanks,,,,psycho sexologist,,,,psycho sexologist,psychiatrist,Thanks for your question . consult a psychiatrist . thanks
"আপনাকে ধন্যবাদ প্রশ্ন করার জন্য । অনিদ্রা থেকে এমন সমস্যা হতে পারে । আপনি বেশি রাতে টিভি , মোবাইল , ফেইস বুক চালাবেন না । ব্যায়াম করুন । একজন মেডিসিনের ডাক্তারের পরামর্শ নিতে পারেন । ধন্যবাদ",,অনিদ্রা,,মেডিসিনের ডাক্তারের,,,,মেডিসিনের ডাক্তারের,মনোরোগ বিশেষজ্ঞের,"আপনাকে ধন্যবাদ প্রশ্ন করার জন্য । অনিদ্রা থেকে এমন সমস্যা হতে পারে । আপনি বেশি রাতে টিভি , মোবাইল , ফেইস বুক চালাবেন না । ব্যায়াম করুন । একজন মনোরোগ বিশেষজ্ঞের পরামর্শ নিতে পারেন । ধন্যবাদ"
Thank you for asking question to Daktarbhai . Do test for typhoid and jaundice . ( Widal test and s . bilirubin . ) Take tab . omidon 10mg - - 1 + 1 + 1 - - 5 days . Tab rabe 20mg - - 1 + 0 + 1 - - 20 days . Consult medicine specialist . Thanks . ,,,tab . omidon 10mg | Tab rabe 20mg,medicine specialist,,1 + 1 + 1 - - 5 days | 1 + 0 + 1,test for typhoid and jaundice | Widal test and s . bilirubin,medicine specialist,infectious disease specialist,Thank you for asking question to Daktarbhai . Do test for typhoid and jaundice . ( Widal test and s . bilirubin . ) Take tab . omidon 10mg - - 1 + 1 + 1 - - 5 days . Tab rabe 20mg - - 1 + 0 + 1 - - 20 days . Consult infectious disease specialist . Thanks .
আপনাকে ধন্যবাদ প্রশ্ন করার জন্য । আপনার মনকে শান্ত করুন । মনোযোগ দিন পড়ালেখাতে । দুশ্চিন্তা করবেন না । মেডিটেশন করতে পারেন । একজন মন রোগের ডাক্তার কে দেখিয়ে নিতে পারেন । ধন্যবাদ,,,,মন রোগের ডাক্তার,,,,মন রোগের ডাক্তার,ক্লিনিক্যাল সাইকোলজিস্ট,আপনাকে ধন্যবাদ প্রশ্ন করার জন্য । আপনার মনকে শান্ত করুন । মনোযোগ দিন পড়ালেখাতে । দুশ্চিন্তা করবেন না । মেডিটেশন করতে পারেন । একজন ক্লিনিক্যাল সাইকোলজিস্ট কে দেখিয়ে নিতে পারেন । ধন্যবাদ
ডাক্তার ভাইতে প্রশ্ন করার জন্যে আপনাকে ধন্যবাদ । বেশি করে পানি খাবেন । রাত জাগবেন না । একজন স্কিন স্পেশালিষ্ট চিকিৎসক এর পরামর্শ নিবেন । ,,,,স্কিন স্পেশালিষ্ট,,,,স্কিন স্পেশালিষ্ট,চর্মরোগ বিশেষজ্ঞ,ডাক্তার ভাইতে প্রশ্ন করার জন্যে আপনাকে ধন্যবাদ । বেশি করে পানি খাবেন । রাত জাগবেন না । একজন চর্মরোগ বিশেষজ্ঞ চিকিৎসক এর পরামর্শ নিবেন ।
আপনাকে ধন্যবাদ প্রশ্ন করার জন্য । আপনার সম্ভবত নাকের মাংস বেড়ে যেতে পাড়ে । আপনি একজন নাক কান গলা ডাক্তারের পরামর্শ নিন । ধন্যবাদ,,নাকের মাংস বেড়ে যেতে পাড়ে,,নাক কান গলা ডাক্তারের,,,,নাক কান গলা ডাক্তারের,নাকের রোগ বিশেষজ্ঞের,আপনাকে ধন্যবাদ প্রশ্ন করার জন্য । আপনার সম্ভবত নাকের মাংস বেড়ে যেতে পাড়ে । আপনি একজন নাকের রোগ বিশেষজ্ঞের পরামর্শ নিন । ধন্যবাদ
ডাক্তার ভাই কে প্রশ্ন করার জন্য ধন্যবাদ । চোখ পরিক্ষা করার পর মেডিসিন দিতে হবে । চোখের ডাক্তার দেখান । ধন্যবাদ । ,,,,চোখের ডাক্তার,,,চোখ পরিক্ষা,চোখের ডাক্তার,চক্ষু বিশেষজ্ঞ,ডাক্তার ভাই কে প্রশ্ন করার জন্য ধন্যবাদ । চোখ পরিক্ষা করার পর মেডিসিন দিতে হবে । চক্ষু বিশেষজ্ঞ দেখান । ধন্যবাদ ।
আপনাকে ধন্যবাদ প্রশ্ন করার জন্য । আপনার সমস্যা দীর্ঘমেয়াদি যা পরীক্ষা না করলে বোঝা যাবে না । কিছু ইতিহাস জানা প্রয়োজন যেমন আপনার দুধ খেলে হজম হয় কিনা । আপনি করোনা পরিস্থিতি উন্নতি হলে একজন গ্যাস্ট্রো এন্টারোলোজিস্ট কে দেখিয়ে চিকিৎসা নিন । ধন্যবাদ । ,,,,গ্যাস্ট্রো এন্টারোলোজিস্ট,,,,গ্যাস্ট্রো এন্টারোলোজিস্ট,মেডিসিন বিশেষজ্ঞ,আপনাকে ধন্যবাদ প্রশ্ন করার জন্য । আপনার সমস্যা দীর্ঘমেয়াদি যা পরীক্ষা না করলে বোঝা যাবে না । কিছু ইতিহাস জানা প্রয়োজন যেমন আপনার দুধ খেলে হজম হয় কিনা । আপনি করোনা পরিস্থিতি উন্নতি হলে একজন মেডিসিন বিশেষজ্ঞ কে দেখিয়ে চিকিৎসা নিন । ধন্যবাদ ।
আপনাকে ধন্যবাদ প্রশ্ন করার জন্য । আপনার সমস্যা কিছু পরিক্ষা না করে বোঝা মুশকিল । আপনি গরম পানির সেক দিন । একজন ফিজিক্যাল মেডিসিন বিশেষজ্ঞ কে দেখান । ,,,,ফিজিক্যাল মেডিসিন বিশেষজ্ঞ,,,,ফিজিক্যাল মেডিসিন বিশেষজ্ঞ,অর্থোপেডিক বিশেষজ্ঞ,আপনাকে ধন্যবাদ প্রশ্ন করার জন্য । আপনার সমস্যা কিছু পরিক্ষা না করে বোঝা মুশকিল । আপনি গরম পানির সেক দিন । একজন অর্থোপেডিক বিশেষজ্ঞ কে দেখান ।
"আপনাকে ধন্যবাদ প্রশ্ন করার জন্য । আপনার বোনকে স্যালাইন খাওয়ান , কাঁচ কলা , জাউ ভাত খেতে দিন । গ্যাস্টিকের জন্য পেন্টোনিক্স ২০ মিলিগ্রাম সকালে ও রাতে একটা করে খান । পানি ও তরল খাবার বেশি খাবেন । একজন মেডিসিন বিশেষজ্ঞ কে দখাতে পারেন । ধন্যবাদ । ",গ্যাস্টিকের,,স্যালাইন | পেন্টোনিক্স ২০ মিলিগ্রাম,মেডিসিন বিশেষজ্ঞ,,সকালে ও রাতে একটা,,মেডিসিন বিশেষজ্ঞ,গ্যাস্ট্রোএন্টারোলজি বিশেষজ্ঞ,"আপনাকে ধন্যবাদ প্রশ্ন করার জন্য । আপনার বোনকে স্যালাইন খাওয়ান , কাঁচ কলা , জাউ ভাত খেতে দিন । গ্যাস্টিকের জন্য পেন্টোনিক্স ২০ মিলিগ্রাম সকালে ও রাতে একটা করে খান । পানি ও তরল খাবার বেশি খাবেন । একজন গ্যাস্ট্রোএন্টারোলজি বিশেষজ্ঞ কে দখাতে পারেন । ধন্যবাদ ।"
আপনাকে ধন্যবাদ প্রশ্ন করার জন্য । আপনার সমস্যা জটিল যা প্রাথমিক চিকিৎসা তে কমবে না । আপনি একজন নিউরোমেডিসিন বিশেষজ্ঞ কে দেখান । ধন্যবাদ । ,,,,নিউরোমেডিসিন বিশেষজ্ঞ,,,,নিউরোমেডিসিন বিশেষজ্ঞ,নিউরোলজি বিশেষজ্ঞ,আপনাকে ধন্যবাদ প্রশ্ন করার জন্য । আপনার সমস্যা জটিল যা প্রাথমিক চিকিৎসা তে কমবে না । আপনি একজন নিউরোলজি বিশেষজ্ঞ কে দেখান । ধন্যবাদ ।
Thyroid hormone balance er problem hote pare . Thyroid specialist dekhan . Thanks,,,,Thyroid specialist,,,,Thyroid specialist,Endocrinologist,Thyroid hormone balance er problem hote pare . Endocrinologist dekhan . Thanks
আপনাকে ধন্যবাদ প্রশ্ন করার জন্য । আপনি থার্মোমিটার দিয়ে জ্বর পরিমাপ করুন । জ্বর থাকলে সিরাপ নাপা খাওয়াতে পারেন । এখন ডেংগু রোগ অনেক বেশি হচ্ছে । জ্বর বা শরীরে লাল লাল দানা থাকলে অবশ্যই একজন শিশু ডাক্তার কে দেখাতে হবে । প্রয়োজনে ডেংগু র পরীক্ষা করিয়ে নিতে হবে । ধন্যবাদ,জ্বর | জ্বর | জ্বর | শরীরে লাল লাল দানা,ডেংগু,সিরাপ নাপা,শিশু ডাক্তার,,,ডেংগু র পরীক্ষা,শিশু ডাক্তার,সংক্রামক রোগ বিশেষজ্ঞ,আপনাকে ধন্যবাদ প্রশ্ন করার জন্য । আপনি থার্মোমিটার দিয়ে জ্বর পরিমাপ করুন । জ্বর থাকলে সিরাপ নাপা খাওয়াতে পারেন । এখন ডেংগু রোগ অনেক বেশি হচ্ছে । জ্বর বা শরীরে লাল লাল দানা থাকলে অবশ্যই একজন সংক্রামক রোগ বিশেষজ্ঞ কে দেখাতে হবে । প্রয়োজনে ডেংগু র পরীক্ষা করিয়ে নিতে হবে । ধন্যবাদ
প্রশ্ন করার জন্য ধন্যবাদ । আপনার স্ত্রীর কোন সমস্যা আছে কিনা আরো বিস্তারিত তথ্য জেনে এই ওষুধ সেবন করা যাবে কিনা তা বলা যাবে । আপনি একজন গাইনী বিশেষজ্ঞ ডাক্তারের পরামর্শ অনুযায়ী জন্মনিরোধক পদ্ধতি ব্যবহার করুন । ধন্যবাদ । ,,,,গাইনী বিশেষজ্ঞ ডাক্তারের,,,,গাইনী বিশেষজ্ঞ ডাক্তারের,প্রসূতি বিশেষজ্ঞ ডাক্তারের,প্রশ্ন করার জন্য ধন্যবাদ । আপনার স্ত্রীর কোন সমস্যা আছে কিনা আরো বিস্তারিত তথ্য জেনে এই ওষুধ সেবন করা যাবে কিনা তা বলা যাবে । আপনি একজন প্রসূতি বিশেষজ্ঞ ডাক্তারের পরামর্শ অনুযায়ী জন্মনিরোধক পদ্ধতি ব্যবহার করুন । ধন্যবাদ ।
"ডাক্তার ভাই কে প্রশ্ন করার জন্য ধন্যবাদ । ঔষধ দিয়ে নাকের রাগ কমানো যায়না , এই জন্য পরামর্শ প্রয়োজন আপনি সরাসরি একজন Psychiatrist এর পরামর্শ নিন ধন্যবাদ",,,,Psychiatrist,,,,Psychiatrist,Psychologist,"ডাক্তার ভাই কে প্রশ্ন করার জন্য ধন্যবাদ । ঔষধ দিয়ে নাকের রাগ কমানো যায়না , এই জন্য পরামর্শ প্রয়োজন আপনি সরাসরি একজন Psychologist এর পরামর্শ নিন ধন্যবাদ"
