"serial_no,question,options/A,options/B,options/C,options/D,options/E"
"1,মস্তিষ্কের কোন অংশ মানুষের ক্ষুধা নিয়ন্ত্রণ করে?,মেডুলা অবলংগাটা,সেরিবেলাম,হাইপোথ্যালামাস,সেরিব্রাম,উত্তর নেই"
"2,ডেলটয়েড টিউবারসিটি কোন অস্থির অংশ?,আলনা,স্ক্যাপুলা,রেডিয়াস,হিউমেরাস,উত্তর নেই"
"3,ফুসফুসের আবরণকে কি বলে?,গ্লিসন ক্যাপসুল,পেরিকার্ডিয়াম,ডায়াফ্রাম,প্লিওরা,উত্তর নেই"
"4,নিচের কোনটি মানুষের দ্বিতীয় মস্তিষ্ক হিসাবে পরিচিত?,সুষুম্না কাণ্ড,এন্টেরিক স্নায়ুতন্ত্র,এক্সট্রিনসিক স্নায়ুতন্ত্র,মেডুলা অবলংগাটা,উত্তর নেই"
"5,কানের কোন অংশ ভারসাম্য রক্ষায় কাজ করে?,কর্ণাস্থি,ভেস্টিবুলার যন্ত্র,টিমপেনিক পর্দা,ককলিয়ার বডি,উত্তর নেই"
"6,নিচের কোন হরমোনটি মানুষের ডিম্বাশয় থেকে নিঃসৃত হয়??,অক্সিটোসিন,প্রোল্যাকটিন,প্রজেস্টেরন,থাইরোনিন,উত্তর নেই"
"7,কোন চক্রের মাধ্যমে যকৃতে ইউরিয়া তৈরী হয়?,কার্বন চক্র,অরনিথিন চক্র,ক্রেবস চক্র,নাইট্রোজেন চক্র,উত্তর নেই"
"8,কোন এন্টিবডি প্রধানত এলার্জির সাথে সংশ্লিষ্ট?,IgA,IgM,IgG,IgE,উত্তর নেই"
"9,মানবদেহে সপ্তম করোটিক স্নায়ুর নাম কি?,ট্রকলিয়ার স্নায়ু,ফেসিয়াল স্নায়ু,ভেগাস স্নায়ু,অপটিক স্নায়ু,উত্তর নেই"
"10,এনজিওপ্লাস্টি করলে কি হয়?,হৃদস্পন্দন বৃদ্ধি পায়,সরু ধমনী প্রশস্ত হয়,হৃদস্পন্দনের গতি ধীর হয়,রক্ত সঞ্চালনের গতি বৃদ্ধি পায়,উত্তর নেই"
"11,কোন কোষ হেপারিন তৈরী ও নিঃসরণ করে?,নিউট্রোফিল,লিম্ফোসাইট,মোনোসাইট,বেসোফিল,উত্তর নেই"
"12,ডাক্টাস ক্যুভেইরি রুই মাছের কোন তন্ত্রের অংশ?,শ্বসনতন্ত্র,শিরাতন্ত্র,রেচনতন্ত্র,ধমনিতন্ত্র,উত্তর নেই"
"13,পেসমেকারের কাজ কি?,রক্তকে তরল রাখে,রক্ত সঞ্চালন বৃদ্ধি করে,হৃদরোগ প্রতিরোধ করে,হৃদস্পন্দনের ধীরগতি নিয়ন্ত্রণ করে,উত্তর নেই"
"14,""পূর্ণবয়স্ক সুস্থ মানুষের দুই বৃক্কে প্রতি মিনিটে মোট রক্ত সঞ্চালনের"
"পরিমাণ-"",২৫০ মিঃ লিঃ,১২৫ মিঃ লিঃ,৩৭৫ মিঃ লিঃ,১২০০ মিঃ লিঃ,উত্তর নেই"
"15,কোনটির উপস্থিতিতে স্নেহ পদার্থের ইমালসিফিকেশন হয়?,বাইল সল্ট,এনজাইম,ভিটামিন,হরমোন,উত্তর নেই"
"16,নিচের কোনটি নাইট্রোজেনবিহীন পদার্থ?,ল্যাকটিক এসিড,ক্রিয়েটিনিন,এমোনিয়া,ইউরিয়া,উত্তর নেই"
"17,মুখে খাওয়ার পোলিও ভ্যাকসিনটি কোন ধরনের ভ্যাকসিন?,নিষ্ক্রিয় টিকা,জীবনস্মৃত জীবন্ত টিকা,উপএকক টিকা,অনুবন্ধী টিকা,উত্তর নেই"
"18,নিচের কোনটি ম্যাক্রোফেজের কাজ নয়?,বিভিন্ন ধরনের কোষবিষ তৈরি করা,বিভিন্ন ধরনের এন্টিবডি তৈরি করা,জীর্ণ কোষকে অপসারন করা,রিঅ্যাকটিভ অক্সিজেন ইন্টারমিডিয়েট তৈরি করা,উত্তর নেই"
"19,অন্তঃশ্বসন-,কোষ ও রক্তে সংঘটিত হয়,নির্দিষ্ট পরিমাণ শক্তি উৎপন্ন করে,এনজাইম দ্বারা প্রভাবিত হয় না,একটি ভৌত রাসায়নিক প্রক্রিয়া,উত্তর নেই"
"20,Mollusca এর ক্ষেত্রে কোনটি সঠিক?,নরম কিউটিকুলার এপিডার্মিস দ্বারা আবৃত,নরম ও অখন্ডায়িত,প্রতি খন্ডে নেফ্রিডিয়া বিদ্যমান থাকে,দেহাভ্যন্তরে কেন্দ্রীয় গহ্বর বিদ্যমান,উত্তর নেই"
"21,গ্লুকাগন-,রক্তে সুগার কমায়,অগ্ন্যাশয়ের ডেলটা কোষ থেকে নিঃসৃত হয়,একটি পলিপেপটাইড এনজাইম,ইনসুলিনের সাথে বিপরীতভাবে সম্পর্কিত,উত্তর নেই"
"22,মানবদেহে কোনটি লুপ্তপ্রায় অংগ?,থাইরয়েড গ্ল্যান্ড,থাইমাস,স্ক্যাপুলা,ক্যানাইন দাঁত,উত্তর নেই"
"23,কোন উদ্দীপনা অ্যানিমোট্যাক্সিসকে প্রভাবিত করে?,বায়ুপ্রবাহ,আর্দ্রতা,মাধ্যাকর্ষণ,তাপ,উত্তর নেই"
"24,মায়োফাইব্রিলে কি ধরনের আমিষ থাকে?,অ্যাকটিন এবং মায়োসিন,অ্যাকটিন এবং জিলাটিন,মায়োসিন এবং ইলাস্টিন,কোলাজেন এবং মায়োসিন,উত্তর নেই"
"25,অন্ত্রের প্রথম প্রতিরক্ষার স্তর কোনটি?,""পাকস্থলির অ্যাসিড, মাইক্রোবায়োম ও মলত্যাগ"",""সিলিয়া, কমপ্লিমেন্ট তন্ত্র ও সাইটোকাইনস"",""ত্বক, ফ্যাগোসাইটস ও কমপ্লিমেন্ট তন্ত্র"",""লালা, পাকস্থলির এনজাইম ও ফ্যাগোসাইটস"",উত্তর নেই"
"26,বুকের দুধের কোন উপাদানটি নবজাতকের প্রতিরক্ষায় কার্যকর?,সহজপাচ্য আমিষ,ইমিউনোগ্লোবুলিন-এ,পলিআনস্যাচুরেটেড ফ্যাটি অ্যাসিড,গ্যালাকটোজ,উত্তর নেই"
"27,নিচের কোন স্তন্যপায়ী প্রাণী ডিম পাড়ে?,বাদুর (Bat),ক্যাঙ্গারু (Kangaroo),প্লাটিপাস (Platypus),সীল (Seal),উত্তর নেই"
"29,নিচের চার প্রকোষ্ঠ বিশিষ্ট হৃদপিন্ড কোন প্রাণীতে দেখা যায়?,কুমীর,কচ্ছপ,টিকটিকি,সাপ,উত্তর নেই"
"30,কোন hormone পাকস্থলির এসিড নিঃসরণ নিয়ন্ত্রণ করে?,কোলোসিস্টোকাইনিন,সিক্রেটিন,এন্টেরোকাইনিন,গ্যাস্ট্রিন,উত্তর নেই"
"31,কোন কোষ বিভাজন পদ্ধতিতে RBC তৈরি হয়?,synopsis,mitosis,meiosis,amitiosis,উত্তর নেই"
"32,কোন hormone রক্তে Na+ এবং K+ এর সমতা রক্ষা করে?,ইনসুলিন,থাইরোক্সিন,এলডোস্টেরন,এড্রেনালিন,উত্তর নেই"
"33,স্বাভাবিক অবস্থায় হৃদপিন্ডের পেসমেকার কোনটি?,Bundle of His,SA node,AV node,Purkinje fiber,উত্তর নেই"
"34,নিচের কোন রক্তকণিকাটি স্মৃতিকোষ?,বেসোফিল,মনোসাইট,নিউট্রোফিল,লিম্ফোসাইট,উত্তর নেই"
"35,যকৃতে অবস্থিত ম্যাক্রোফেজকে কি কোষ বলে?,অস্টিওব্লাস্ট,কুফার কোষ,মাইক্রোগ্লিয়া,ডেনড্রাইটিক কোষ,উত্তর নেই"
"36,পূর্ণবয়স্ক সুস্থ মানুষের দেহের ওজনের কত শতাংশ রক্ত থাকে?,৭-৮%,১৫-১৯%,১৯-২০%,১০-১৫%,উত্তর নেই"
"37,নিচের কোনটিতে হাইড্রার বহিঃকোষীয় পরিপাক সংঘটিত হয়?,গ্যাসট্রোডার্মিস,হাইপোস্টোম,সিলেন্টেরন,কর্ষিকা,উত্তর নেই"
"38,ব্লাড গ্রুপ AB তে প্লাজমায়-,কোন antibody থাকে না,A antibody থাকে,A ও B antibody থাকে,B antibody থাকে,উত্তর নেই"
"39,কোনটি প্লাজমা প্রোটিন নয়?,ক্রিয়েটিনিন,ফাইব্রিনোজেন,অ্যালবুমিন,গ্লোবুলিন,উত্তর নেই"
"40,কোন রক্তকণিকা দেহে antibody তৈরি করে?,নিউট্রোফিল,বেসোফিল,অনুচক্রিকা,বি-লিম্ফোসাইট,উত্তর নেই"
"41,কোনটি Live attenuated ভ্যাক্সিন?,হাম,হেপাটাইটিস বি,টিটেনাস,ইনফ্লুয়েঞ্জা,উত্তর নেই"
"42,আমাদের জাতীয় পাখির বৈজ্ঞানিক নাম কি?,Gracula religiosa,Copsychus saularis,Passer domesticus,Columba livia,উত্তর নেই"
"43,মানবদেহের কোন অঙ্গে সবচেয়ে বেশি মাত্রায় রক্ত প্রবাহিত হয়?,বৃক্ক,মস্তিষ্ক,যকৃত,অস্ত্র,উত্তর নেই"
"44,ক্ষুদ্রান্ত্রের কোন স্তরে গবলেট কোষ থাকে?,সেরোসা,মিউকোসা,মাসকুলারিস মিউকোসা,সাবমিউকোসা,উত্তর নেই"
"45,ভ্রুণ অবস্থায় মাতৃগর্ভে কখন প্রথম হৃদস্পন্দন শুরু হয়?,দশম সপ্তাহ,অষ্টম সপ্তাহ,ষষ্ঠ সপ্তাহ,দ্বাদশ সপ্তাহ,উত্তর নেই"
"46,মাতৃদুগ্ধে কোন ধরনের immunoglobulin থাকে?,IgM,IgE,IgD,IgA,উত্তর নেই"
"47,মানুষের হৃদপিন্ডের কোন প্রকোষ্ঠের প্রাচীর সবচেয়ে পুরু?,বাম অলিন্দ,ডান নিলয়,ডান অলিন্দ,বাম নিলয়,উত্তর নেই"
"48,প্রজাপতি' এর প্রতিসাম্যতা কোন ধরনের?,অরীয়,দ্বি-অরীয়,দ্বিপার্শ্বীয়,অপ্রতিসাম্য,উত্তর নেই"
"49,ঘাসফড়িং এর কোন গ্রন্থি থেকে জুভেনাইল হরমোন ক্ষরিত হয়?,প্রোথোরাসিক গ্রন্থি,কর্পোরা কার্ডিয়াকা,ইন্ট্রাসেরিব্রাল গ্রন্থিকোষ,কর্পোরা অ্যালাটা,উত্তর নেই"
"50,রক্তে অক্সিজেনের মাত্রা (O₂ saturation) ও হৃদস্পন্দন পরিমাপক যন্ত্রের নাম হল-,পালস অক্সিমিটার,থার্মোমিটার,স্ফিগমোম্যানোমিটার,ব্যারোমিটার,উত্তর নেই"
"51,কেঁচো কোন অঙ্গের মাধ্যমে শ্বাসপ্রশ্বাস নেয়?,হৃদপিন্ড,ফুলকা,ত্বক,ফুসফুস,উত্তর নেই"
"52,কোন এনজাইম লালা গ্রন্থিতে পাওয়া যায়?,ট্রিপসিন,অ্যামাইলেজ,পেপসিন,টায়ালিন,উত্তর নেই"
"53,""কোন রক্ত কনিকা """"cell-mediated immunity” এর সাথে সম্পৃক্ত?"",ইওসিনোফিল (Eosinophil),টি-লিম্ফোসাইট (T-lymphocyte),নিউট্রোফিল (Neutrophil),বেসোফিল (Basophil),উত্তর নেই"
"54,কোনটি autosomal recessive disorder?,থ্যালাসেমিয়া,লাল-সবুজ বর্ণান্ধতা,রাতকানা,হিমোফিলিয়া,উত্তর নেই"
"55,কোন এনজাইম আমিষ পরিপাকে সাহায্য করে?,ল্যাকটেজ,ট্রিপসিন,অ্যামাইলেজ,লাইপেজ,উত্তর নেই"
"56,কোন পদ্ধতিতে কোভিড ১৯ ভ্যাক্সিন প্রস্তুত করা হয় না?,উপএকক (Subunit vaccine),নিষ্ক্রিয় (Inactivated),এমআরএনএ (mRNA),বিষভিত্তিক (Toxoid),উত্তর নেই"
"57,কোনটি ভাইরাস বৃদ্ধিতে বাঁধা দেয়?,Interferon,Lactorine,Lysozyme,Defensin,উত্তর নেই"
"58,Alveolus থেকে অক্সিজেন রক্তে কিভাবে প্রবেশ করে?,Osmosis,Respiration,Transpiration,Diffusion,উত্তর নেই"
"59,কোনটি Exocrine গ্রন্থি নয়?,Thyroid gland,Pancreas,Liver,Salivary gland,উত্তর নেই"
"60,কোনটি হাড়ের সাথে পেশি সংযুক্ত করে?,Myofibril,Ligament,Synovium,Tendon,উত্তর নেই"
"61,মানবদেহের রক্তে কোন বাফার দ্রবণ (buffer solution) থাকে?,NaHCO3 and H2CO3,NH4Cl and NH4OH,CH3COONa and CH3COOH,Na2HPO4 and H3PO4,উত্তর নেই"
"62,কোনটি আমিষ পরিপাককারী (digesting) এনজাইম?,Lipase,Pepsin,Lactase,Isomaltase,উত্তর নেই"
"63,নেমাটোসিস্টের (Nematocyst) ভিতরে বিষাক্ত তরল পদার্থের নাম কী?,Hypnotoxin,Toxin,Hemocyanin,Hemozoin,উত্তর নেই"
"64,ঘাসফড়িং এর রক্ত কণিকার নাম কী?,Leukocyte,Erythrocyte,Thrombocyte,Hemocyte,উত্তর নেই"
"65,ক্ষুদ্রান্ত্রের কোন স্তরে পানপাত্র সেল (Goblet cell) পাওয়া যায়?,Serosa,Muscularis mucosa,Mucosa,Submucosa,উত্তর নেই"
"66,মাথার খুলিতে কয়টি হাড় রয়েছে?,23,33,29,17,উত্তর নেই"
"67,কোনটি attenuated টিকা?,Diphtheria vaccine,BCG vaccine,Hepatitis B vaccine,Tetanus vaccine,উত্তর নেই"
"68,কোন কোষ ম্যাক্রোফেজে (macrophages) রূপান্তরিত হয়?,Eosinophil,Monocyte,Basophil,Lymphocyte,উত্তর নেই"
"69,কোন পদ্ধতিতে Hydra লম্বা দূরত্ব অতিক্রম করে?,ডিগবাজি (somersaulting),হামাগুড়ি (looping),সাঁতার,গ্লাইডিং (gliding),উত্তর নেই"
"70,কোষের কোথায় ক্রেবস চক্র (Krebs cycle) সংঘটিত হয়?,Cytoplasm,Ribosome,Mitochondria,Chloroplast,উত্তর নেই"
"71,কোন এনজাইম অগ্ন্যাশয়ে নাই?,Ptyalin,Maltase,Trypsin,Amylase,উত্তর নেই"
"72,ভ্রূণে লোহিত কণিকাসমূহ নিম্নের কোথায় তৈরি হয়?,থাইমাস,অগ্ন্যাশয়,প্লীহা,অস্থি মজ্জা,উত্তর নেই"
"73,প্রাণিজগতের বৃহত্তম Phylum কোনটি?,Arthropoda,Porifera,Mollusca,Annelida,উত্তর নেই"
"74,লিভারের কোন লোবটি পিত্তথলির সাথে সংযুক্ত থাকে?,Right lobe,Quadrate lobe,Left lobe,Caudate lobe,উত্তর নেই"
"75,মানুষের সোমাটিক কোষে কয়টি অটোসোম থাকে?,23,22,44,46,উত্তর নেই"
"76,গ্রোথ হরমোন কোথায় তৈরি হয়?,Thalamus,Hypothalamus,Adrenal gland,Pituitary gland,উত্তর নেই"
"77,Golgi complex কোনটি সংশ্লেষ (synthesis) করে না?,Sperm,Ribosome,Lysosome,Enzyme,উত্তর নেই"
"78,পেসমেকারে কোন ব্যাটারি ব্যবহৃত হয়?,লিথিয়াম,লেড,পটাশিয়াম,কার্বনিয়াম,উত্তর নেই"
"79,দ্বিপদ নামকরণের জনক কে?,ক্যারোলাস লিনিয়াস,বেন্থাম হুকার,থিওফ্রাস্টাস,মেন্ডেল,উত্তর নেই"
"80,অন্তঃশ্বসন প্রধানত কোষের কোথায় সংঘটিত হয়?,রাইবোজোম,মাইটোকন্ড্রিয়া,প্রোটপ্লাজম,প্লাস্টিক,উত্তর নেই"
"81,নিচের কোনটি হিমোসিলোমেট?,কর্ডাটা,অ্যানিলিডা,আর্থ্রোপোডা,কোনটিই নয়,উত্তর নেই"
"82,কোনটির 6 টি কোডন আছে?,লিউসিন,পাইসিন,GCU,অ্যাডেনিন,উত্তর নেই"
"83,অত্যাবশ্যকীয় অ্যামিনো এসিড নয় কোনটি?,হিস্টিডিন,আইসোলিউসিন,লাইসিন,অ্যালানিন,উত্তর নেই"
"84,ইনসুলিন কোথা থেকে নিঃসৃত হয়?,বিটা কোষ থেকে,আলফা কোষ থেকে,লিভার হতে,পিটুইটারী গ্ল্যান্ড হতে,উত্তর নেই"
"85,মৎস্যখনি বলা হয়?,পালা,হালদা,পেরেক,কালামা,উত্তর নেই"
"86,অ্যাপেন্ডিক্স কোথায় থাকে?,ক্ষুদ্রান্ত্র,সিকোমে,পাকস্থলি,লিভার,উত্তর নেই"
"87,পিত্তথলি কোথায় উন্মুক্ত হয়?,ক্ষুদ্রান্ত্রে,বৃহদ্রান্ত্রে,ডিওডেনামে,অগ্নাশয়ে,উত্তর নেই"
"88,কত BMI কে স্বাভাবিক ওজন হিসেবে ধরা হয়?,25.2-29.1,21.5-23.9,18.5-24.9,10.1-14.8,উত্তর নেই"
"89,লোহিত রক্তকণিকার সাথে সম্পৃক্ত নয় কোনটি?,অক্সিজেন পরিবহন,কার্বন ডাই-অক্সাইড পরিবহন,ফ্যাগোসাইটোসিস,রক্তের সান্দ্রতা রক্ষা,উত্তর নেই"
"90,কোনটি O₂ যুক্ত রক্ত পরিবহন করে?,পালমোনারি শিরা,পালমোনারি ধমনী,ফুসফুসীয় শিরা,ফুসফুসীয় ধমনী,উত্তর নেই"
"91,কোনটি লালাগ্রন্থি নয়?,প্যারোটিড,সাবিন্ডিবুলার,সিবলিংউয়াল,ম্যাক্সিলারি,উত্তর নেই"
"92,স্বরযন্ত্রের তরুণাস্থি নয় কোনটি?,হাইওয়েড,থাইরয়েড,এরিটিনয়েড,এপিগ্লটিস,উত্তর নেই"
"93,শ্রোণী অস্থি নয় কোনটি?,ইলিয়াম,ইশ্চিয়াম,পিউবিস,ভোমার,উত্তর নেই"
"94,দেহের ভারসাম্য রক্ষা করে কোনটি?,বহিঃকর্ণ,অন্তঃকর্ণ,মধ্যাকর্ণ,কোনটিই নয়,উত্তর নেই"
"95,বয়ঃসন্ধিকালে জরায়ু বৃদ্ধি নিয়ন্ত্রণে ভূমিকা নেই কার?,কাইনিন,থাইরক্সিন,অক্সিন,টেস্টোস্টেরন,উত্তর নেই"
"96,গ্রন্থিরাজ বলা হয় কোনটিকে?,শুক্রাশয়,অগ্নাশয়,পিটুইটারি,লালা,উত্তর নেই"
"97,মানবদেহে কোন ইউমিউনোগ্লোবিউলিন অনুপস্থিত?,IgB,IgM,IgD,IgA,উত্তর নেই"
"98,সেক্স লিঙ্কড জিন নয় কোনটি?,XY,ডাইবেটিস মেলাইটাস,XX,XYY,উত্তর নেই"
"99,রক্ত জমাট বাধার ফ্যাক্টর নয় কোনটি?,ফাইব্রিনোজেন,ফাইব্রিন,K,থ্রম্বিন,উত্তর নেই"
"100,নিচের কোন প্রাণীটি ত্রিস্তরী?,অ্যামিবা,কেঁচো,হাইড্রা,ম্যালেরিয়া জীবাণু,উত্তর নেই"
"101,রক্তে গ্লুকোজের মাত্রা নিয়ন্ত্রণে কোন সংবহনতন্ত্রের ভূমিকা রয়েছে?,পালমোনারি,সিস্টেমিক,যকৃত পোর্টালতন্ত্র,বৃক্কীয় পোর্টালতন্ত্র,উত্তর নেই"
"102,মূত্রে অস্বাভাবিক হারে অ্যালবুমিন নির্গত হওয়াকে কী বলে?,নেফ্রাইটিস,নেফ্রসিস,পলিইউরিয়া,গ্লাইকোসুরিয়া,উত্তর নেই"
"103,কোনটি মুখমন্ডলের অস্থি নয়?,নাসিকা অস্থি,ল্যাক্রিমাল,ভোমার,এথময়েড,উত্তর নেই"
"104,উদরীয় টনসিল নামে পরিচিত কোনটি?,অ্যাপেনডিক্স,কোলন,মলাশয়,স্প্লীন,উত্তর নেই"
"105,পরিপাক সংবহনের কাজ দুটি সম্পাদন করে-,হিমোসিল,লসিকা,সিলেন্টেরণ,রক্তরস,উত্তর নেই"
"106,নাইট্রোজেন সংবন্ধন করে নিচের কোনটি?,Azotobacter,Pseudomonas,Clostridium,সবগুলো,উত্তর নেই"
"107,কোনটি বহুরূপী ব্যাকটেরিয়া?,Vibrio cholerae,Bacills albus,Rhizobium,Stella,উত্তর নেই"
"108,রুই মাছের আঁশের বৃদ্ধি কোন সময়ে বেশি হয়?,বসন্তকালে,শীতকালে,শরৎকালে,বর্ষাকালে,উত্তর নেই"
"109,কোন গ্রন্থির ক্ষরণকাল আজীবন নয়?,সুপ্রারেনাল,পিনিয়াল,থাইমাস,টেসটিস,উত্তর নেই"
"110,প্রতিবর্তী ক্রিয়া নিয়ন্ত্রিত হয় কোন অঙ্গ দ্বারা?,মস্তিষ্ক,বুদ্ধি,জিন,সুষুম্নাকান্ড,উত্তর নেই"
"111,রেচনতন্ত্র শিখাকোষ নিয়ে গঠিত কোন পর্বের প্রাণীর?,নিডারিয়া,প্লাটিহেলমেনথিস,আর্থোপোডা,নেমাটোডা,উত্তর নেই"
"112,নিচের কোনটি শ্বাসরঞ্জক নয়?,হিমোগ্লোবিন,হিমোসায়ানিন,ক্লোরোসায়ানিন,ক্লোরোক্রুরিন,উত্তর নেই"
"113,Erythoprotein কোথায় তৈরি হয়?,ফুসফুস,কিডনি,যকৃত,কোনোটিই নয়,উত্তর নেই"
"114,এন্টিবডির গড়ন দেখতে কোন প্রকৃতির?,X- আকৃতির,I- আকৃতির,M- আকৃতির,Y- আকৃতির,উত্তর নেই"
"115,কোন এনজাইম ব্যাকটেরিয়া ধ্বংস করে?,পেপসিন,মল্টেজ,টায়ালিন,লাইসোজাইম,উত্তর নেই"
"116,হিমোগ্লোবিনের কোন অংশে CO₂ যুক্ত হয়?,-OH,-COOH,-HCO,-NH:,উত্তর নেই"
"117,সরিসৃপের যুগ কোনটি?,প্যালিওজয়িক,সিনোজয়িক,মেসোজয়িক,আরকিওজয়িক,উত্তর নেই"
"118,কোন প্রাণীর ক্ষেত্রে পুরুষ অপেক্ষা স্ত্রীতে একটি ক্রোমোজোম বেশী থাকে?,মানুষ,কবুতর,ঘাসফড়িং,মুরগী,উত্তর নেই"
"119,সবচেয়ে বেশি খাদ্যসার শ্যোবত হয়-,ডিউডেনাম,ইলিয়াম,জেজুনাম,পাকস্থলী,উত্তর নেই"
"120,নিচের কোন কোষ যেকোনো ধরনের কোষে পরিণত হতে পারে?,নিডোরাস্ট কোষ,ইন্টারস্টিশিয়ান কোষ,সংবেদী কোষ,আবরণী কোষ,উত্তর নেই"
"121,প্লাজমার কোন উপাদান রক্তক্ষরণ বন্ধে সহায়তা করে?,সেরোটোনিন,আলবুমিন,ফাইব্রিনোজেন,গ্লোবিউলিন,উত্তর নেই"
"122,বর্ণান্ধ বাবা ও স্বাভাবিক দৃষ্টির মায়ের (বাহক নয়) কন্যা সন্তানের স্বাভাবিক দৃষ্টির সম্ভাব্য হার কত?,75%,50%,25%,100%,উত্তর নেই"
"123,রাইবোজ-,বিভিন্ন কো-এনজাইম তৈরিতে ব্যবহৃত হয়,60°C তাপে গলে,ডিএনএ (DNA) এর মূল উপাদান,অ্যানডোহেক্সোজ নামে পরিচিত,উত্তর নেই"
"124,নিচের কোনটি লাইসোসোম (Lysosome) এর বৈশিষ্ট্য?,বিক্ষিপ্তভাবে সাইটোপ্লাজমে থাকে,বাহ্যিক আবরণী দ্বারা আবৃত থাকে না,প্রোটিন সংশ্লেষণ প্রধান কাজ,বিভিন্ন ধরনের এনজাইম থাকে,উত্তর নেই"
"125,কোন পর্বের প্রাণীতে র ্যাবডিটিফর্ম লার্ভা দশা দেখা যায়?,Nematoda,Platyhelminthes,Echinodermata,Arthropoda,উত্তর নেই"
"126,নিচের কোনটিতে অরীয় প্রতিসাম্য দেখা যায়?,শামুক,জেলিফিস,মানুষ,প্রজাপতি,উত্তর নেই"
"127,মুখমন্ডলীয় অস্থিতে প্যালেটিন এর সংখ্যা কত?,৫,২,১,৮,উত্তর নেই"
"128,রেটিনার কোন ধরনের কোষ থেকে অপটিক স্নায়ু তৈরী হয়?,রড কোষ,কোণ কোষ,বাইপোলার নিউরন,গাংগ্লিওন কোষ,উত্তর নেই"
"129,নিচের কোন দুইটি অস্থি । আকৃতির?,""হাইওয়েড, ভোমার"",""ম্যাক্সিলা, ম্যান্ডিবল"",""হাইওয়েড, ম্যাক্সিলা"",""ম্যাক্সিলা, হাইওয়েড"",উত্তর নেই"
"130,হাইড্রা সামারসল্টিং চলনে একবার চললে কয়টি লুপ তৈরী করে?,৩টি,১টি,৪টি,২টি,উত্তর নেই"
"131,অগ্রবক্ষের বড় এবং চওড়া অংশের নাম কি?,এলিট্রা,টারসাল,প্রোটোনাম,টেগমিনা,উত্তর নেই"
"132,রুই মাছের ক্ষেত্রে নিচের কোনটি সঠিক নয়?,রক্তের বর্ণ লাল,নিউক্লিয়াসযুক্ত লোহিত রক্তকণিকা,অ্যামিবয়েড লিউকোসাইট,রক্ত কণিকা ৩ ধরনের,উত্তর নেই"
"133,পোডোসাইট কোথায় পাওয়া যায়?,PCT,DCT,রেনাল করপাসল,হেনলির লুপ,উত্তর নেই"
"134,হাইড্রার দেহের Life Playing Guest বলা হয় কাকে?,Zoochlorellae,Penicillium,Chlorohydra,Lichen,উত্তর নেই"
"135,কোনটির অভাবে টিটেনি হয়?,প্যারাধরমোন,থাইরক্সিন,ইনসুলিন,পিটুইটারি গ্রন্থি,উত্তর নেই"
"136,ইঁদুর এর ক্ষেত্রে কোনটি ফিনাইল এলানিন কোড করে?,UUA,UUG,UUU,UGA,উত্তর নেই"
"137,Tidal Volume এর মান কত?,500 ml,400 mL,200 mL,300 mL,উত্তর নেই"
"138,New Born Baby এর ক্ষেত্রে প্রতি মিনিটে হৃদস্পন্দন হার কত?,১১০-১৫০,১৩০-১৪০,৭০-৮০,১৪০-১৫০,উত্তর নেই"
"139,সুপারফিশিয়াল কটিক্যাল নেফ্রন কত শতাংশ?,85%,25%,10%,70%,উত্তর নেই"
"140,ক্ল্যাভিকল অ্যারোমিয়াল প্রান্ত দিয়ে কার সাথে যুক্ত হয়?,স্টার্নাম,স্ক্যাপুলা,হিউমেরাস,ম্যানুব্রিয়াম,উত্তর নেই"
"141,নিম্নের কোনটি ভ্রূণের এক্টোডার্ম থেকে তৈরি হয়?,কঙ্কালতন্ত্র,রক্ত সংবহনতন্ত্র,স্নায়ুতন্ত্র,শ্বসনতন্ত্র,উত্তর নেই"
"142,এনজাইনার ব্যাথা কতক্ষণ স্থায়ী হয়?,১০-১৫ মিনিট,৫-৩০ মিনিট,১৫-৩০ মিনিট,৫-১০ মিনিট,উত্তর নেই"
"143,ক্লোরোকুইন ওষুধ কোথায় শোষিত হয়?,পাকস্থলী,ক্ষুদ্রান্ত্র,বৃহদান্ত্র,অন্ননালি,উত্তর নেই"
"144,শ্বাসনালি কোন ধরনের তরুনাস্থি নির্মিত?,ক্যালসিফাইট,হায়ালিন,শ্বেত তন্তুময়,স্থিতিস্থাপক,উত্তর নেই"
"145,মানবদেহের দীর্ঘতম কোষ কোনটি?,মায়োসাইট,স্পারম্যাটোসাইট,নিউরন,ওভাম,উত্তর নেই"
"146,কোন ভিটামিন কোলেস্টেরল থেকে উৎপন্ন হয়?,ভিটামিন-ই,ভিটামিন-এ,বায়োটিন,ভিটামিন-ডি,উত্তর নেই"
"147,প্রাণীর নখে কোন ধরনের প্রোটিন থাকে?,কোলাজেন,কেরাটিন,ফাইব্রিন,টেলিন,উত্তর নেই"
"148,কোন ব্যাকটেরিয়া ভিটামিন উৎপন্ন করে?,Pseudomonas,Agrobacterium,Rhizobium,Escherichia,উত্তর নেই"
"149,05. দেহের জন্যে ভালো কোলোস্টেরল কোনটি?,HDL,LDL,VLDL,Chylomicron,উত্তর নেই"
"150,মানবদেহের সুনির্দিষ্ট প্রতিরক্ষায় তৃতীয় জ্বরে কাজ করে কোনটি?,সাইটোকাইনস,লিম্ফোসাইটস,ফ্যাগোসাইটস,ইন্টারফেরন,উত্তর নেই"
"151,কোন লালাগ্রন্থির ভাইরাসজনিত সংক্রমণকে মাম্পস বলে?,সাবমেন্টাল,সাবম্যান্ডিবুলার,প্যারোটিড,সাবলিঙ্গুয়াল,উত্তর নেই"
"152,মেরুদন্ডের কোন অংশে সবচেয়ে বেশি কশেরুকা থাকে?,লাম্বার,স্যাক্রনল,সারভাইকাল,থোরাসিক,উত্তর নেই"
"153,ট্রিপসিন জারকের জন্যে সঠিক কোনটি?,এন্টারোকাইনেজের উপস্থিতিতে সক্রিয় হয়,লিপিডের উপর কাজ করে,হাইড্রোক্লোরিক এসিডের মাধ্যমে সক্রিয় হয়,পাকস্থলিতে নিঃসৃত হয়,উত্তর নেই"
"154,পূর্ণবয়স্ক সুস্থ মানুষের দু'টি ফুসফুসে আলভিওলাসের সংখ্যা কত?,২৫০ মিলিয়ন,৫০০ মিলিয়ন,৩০০ মিলিয়ন,৭০০ মিলিয়ন,উত্তর নেই"
"155,নিচের কোনটিতে রেনাল পোর্টাল সিস্টেম উন্নত ধরণের?,মানুষ,সরীসৃপ,বানর,পাথি,উত্তর নেই"
"156,মানবদেহের সবচেয়ে ছোট অস্থি কোনটি?,ইনকাস,ম্যালিয়াস,স্টেপিস,ট্যালাস,উত্তর নেই"
"157,মানবদেহে অক্সিজেন পরিবহনে কোনটি সঠিক?,চার অণু হিমোগ্লোবিনের সাথে এক অণু অক্সিজেন মিলিত হয়,ব্যাপন প্রক্রিয়ায় অক্সিজেন কোষাভ্যন্তরে প্রবেশ করে,pH এর মাত্রা কমলে হিমোগ্লোবিনের আকর্ষণ বাড়ে,২% রাসায়নিক যৌগ হিসেবে পরিবাহিত হয়,উত্তর নেই"
"158,কোন রক্তকণিকা হিস্টামিন নিঃসরণ করে?,বেসোফিল,অণুচক্রিকা,নিউট্রোফিল,মনোসাইট,উত্তর নেই"
"159,রক্ততঞ্চনের কোন ফ্যাক্টরকে স্ট্যাবল ফ্যাক্টর বলে?,ফ্যাক্টর IX,ফ্যাক্টর VII,ফ্যাক্টর VIII,ফ্যাক্টর IV,উত্তর নেই"
"160,করোনারী হৃদরোগ নির্ণয়ে প্রথম পরীক্ষা কোনটি?,লিপিড প্রোফাইল,ই. টি. টি,ই. সি. জি,এনজিওগ্রাম,উত্তর নেই"
"161,বি এম আই (BMI) 37 kg/m² হলে তা স্থূলতার কোন স্তর?,অতিরিক্ত ওজন,দ্বিতীয় স্তর,প্রথম স্তর,তৃতীয় স্তর,উত্তর নেই"
"162,এপিগ্লটিসে কোন ধরনের তরুণাস্থি থাকে?,হায়ালিন,শ্বেততন্ত্রময়,চুনময়,পীত তত্ত্বময়,উত্তর নেই"
"163,মানবদেহে খনিজ লবণ (mineral) এর কাজ কি?,রোগ প্রতিরোধশক্তি বৃদ্ধি,তাপ শক্তি উৎপাদন,পুষ্টি ও বৃদ্ধিতে সহায়তা,তাপ নিয়ন্ত্রণ,উত্তর নেই"
"164,একজন প্রাপ্তবয়স্ক মানুষের উপরের পাটির দন্ত-সংকেত কোনটি?,I2C2PM3M1,I2C2PM2M1,I2C1PM3M2,I2C1PM2M3,উত্তর নেই"
"165,মানুষের হৃৎপিন্ডের বৈশিষ্ট্য কোনটি?,শরীরে CO₂ সমৃদ্ধ রক্ত সঞ্চালন করে,হৃৎপেশির নিঃসাড় কাল দীর্ঘ,সাইনাস ভেনোসাস আছে,একটি অ্যাট্রিয়াম ও দুটি ভেন্ট্রিকল থাকে,উত্তর নেই"
"166,""মানুষ সর্বভুক প্রাণি। কারণ, মানুষের-"",""কর্তন, ছেদন ও পেষণ দাঁত আছে"",পেষণ ও কর্তন দাঁত আছে,অগ্রপেষণ ও পেষণ দাঁত আছে,ছেদন ও পেষণ দাঁত আছে,উত্তর নেই"
"167,লসিকার (lymph) বৈশিষ্ট্য কোনটি?,শর্করা ও আমিষ পরিবহন করে,ছোট ছোট শিরা দ্বারা বাহিত হয়,অধিক পরিমাণে ফাইব্রিনোজেন থাকে,লিপিড পরিবহন করে,উত্তর নেই"
"168,নিঃশ্বাস প্রক্রিয়ায় কোনটি সঠিক?,ডায়াফ্রাম নিচের দিকে নামে,বক্ষ-গহ্বর ও ফুসফুসের আয়তন হ্রাস পায়,স্নায়ু কার্যকলাপ দ্বারা পরিচালিত হয়,সক্রিয় পদ্ধতি,উত্তর নেই"
"169,মানুষের দাঁত কোন ধরণের?,লোফোডন্ট,সেলেনোডন্ট,ডিফায়োডন্ট,ট্রাইকেনোডন্ট,উত্তর নেই"
"170,কোন গ্রন্থি আমিষ শোষণ নিয়ন্ত্রণ করে?,যকৃত,অগ্ন্যাশয়,থাইমাস,থাইরয়েড,উত্তর নেই"
"171,খাদ্যের ব্যাকটেরিয়া ধ্বংস করে দাঁতকে রক্ষা করে কোনটি?,অ্যামাইলেজ,মিউসিন,টায়ালিন,লাইসোজাইম,উত্তর নেই"
"172,ধমনি বিষয়ে কোনটি সঠিক?,রক্ত প্রবাহ দেহের প্রান্ত থেকে হৃদপিন্ডের দিকে,প্রাচীর অস্থিতিস্থাপক,কপাটিকা থাকে,কৈশিক জালিকায় সমাপ্ত হয়,উত্তর নেই"
"173,নিচের কোনটি সেক্স লিংকড (Sex-linked) রোগ নয়?,সবগুলো,বর্ণান্ধতা,হিমোফিলিয়া,এ্যানিমিয়া,উত্তর নেই"
"174,নিচের কোন প্রক্রিয়াটি কোষের জেনেটিক্যালি নিয়ন্ত্রিত মৃত্যু?,Epistasis,Apoptosis,Hypostasis,Necrosis,উত্তর নেই"
"175,জিহ্বার কোন অংশে লবণাক্ত স্বাদ অনুভূত হয়?,পশ্চাৎদেশ,মধ্যভাগ,শীর্ষভাগ,পার্শ্বদেশ,উত্তর নেই"
"176,""চিকিৎসা বিদ্যার কোন শাখায় স্থূলতার কারণ, প্রতিরোধ ও চিকিৎসা সম্বন্ধে আলোচনা করা হয়?"",Obesity,Geriatrics,Bariatrics,Pediatrics,উত্তর নেই"
"177,নিচের কোনটি হ্যাগফিশ (Hagfish) নামে পরিচিত?,Agnatha,Larvacea,Myxini,Thaliacea,উত্তর নেই"
"178,""চিকিৎসা বিদ্যার কোন শাখায় স্থূলতার কারণ, প্রতিরোধ ও চিকিৎসা সম্বন্ধে আলোচনা করা হয়?"",Obesity,Geriatrics,Bariatrics,Pediatrics,উত্তর নেই"
"179,নিচের কোনটি মেগাক্যারিওসাইট (Megakaryocytes) থেকে উৎপত্তি লাভ করে?,মনোসাইট,লিম্ফোসাইট,থ্রোম্বোসাইট,লিউকোসাইট,উত্তর নেই"
"180,গলগণ্ড রোগ হয় কোনটির অভাবে?,Zink,Iron,lodin,Calcium,উত্তর নেই"
"181,একটি জিন অন্য জিনের কার্যকারিতা প্রকাশে বাধা দেয়ার প্রক্রিয়াকে কি বলে?,Hypostasis,Codominance,Homologous,Epistasis,উত্তর নেই"
"182,কোন প্রানির হৃৎপিন্ডকে ভেনাস হার্ট বলে?,মানুষ,হাইড্রা,রুই মাছ,ঘাস ফড়িং,উত্তর নেই"
"183,কোন ভিটামিন কোলেস্টেরল থেকে উৎপন্ন হয়?,Vit-D,Vit-A,biotin.,Vit-E,উত্তর নেই"
"184,নিচের কোনটি সঠিক-,মাইটোকন্ড্রিয়ার ৯০% চর্বি,প্রোটিন সঞ্চয় করে ইলায়োপ্ল্যাস্ট,শর্করা সঞ্চয় করে অ্যামাইলোপ্লাস্ট,সবগুলো সঠিক,উত্তর নেই"
"185,এক জোড়া ক্রোমোসোম এক সাথে অবস্থান করলে তাকে কি বলে?,হোমোলোগাস,অ্যালিল,হেটারোজাইগাস,হোমোজাইগাস,উত্তর নেই"
"186,কোন অঙ্গাণু তে নিজস্ব ডিএনএ পাওয়া যায়?,নিউক্লিয়াই,মাইটোকনড্রিয়া,গলগী বডি,রাইবোজম,উত্তর নেই"
"187,মাইটোসিস কোষ বিভাজনের কোন ক্ষেত্রে মেটাকাইনেসিস (Metakinesis) সংঘটিত হয়?,এনাফেজ,প্রফেজ,টেলোফেজ,মেটাফেজ,উত্তর নেই"
"188,কোন প্রক্রিয়ায় RNA হতে DNA তৈরি হয়?,রিভার্স ট্রান্সক্রিপশন,ট্রান্সলেশন,ট্রান্সক্রিপশন,রেপ্লিকেশন,উত্তর নেই"
"189,মানব শরীরে কোন লিপিড (Lipid) টি সবচেয়ে বেশী থাকে?,ট্রাই এ্যাসাইল গ্লিসারল,কোলেস্টেরল,লাইপোপ্রোটিন,ফ্যাটি এ্যসিস্ত,উত্তর নেই"
"190,লার্ভা (Larva) কে সচারচর কোন নামে ডাকা হয়?,Nymph,Nematoda,Cnidaria,Embryo,উত্তর নেই"
"191,নিচের কোন এনজাইমটি পিত্তরস (Bile) এ থাকে?,ট্রিপসিন,এ্যামাইলেজ,কোনটি নয়,লাইপেজ,উত্তর নেই"
"192,নিচের কোনটি সাগর ফোয়ারা (Sea squirt) নামে পরিচিত?,Echinodartala,Cephalochordata,Cephalaspidomorphi,Urochordata,উত্তর নেই"
"193,নিচের কোনটি চর্বিতে দ্রবণীয় ভিটামিন নয়?,ভিটামিন কে,ভিটামিন এ,ভিটামিন ই,ভিটামিন সি,উত্তর নেই"
"194,নিচের কোনটি পাকস্থলীর প্যারাইটাল সেল থেকে নিঃসৃত হয়?,পেপসিন,গ্যাসট্রিন,মিউসিন,ইন্ট্রিনসিক ফ্যাক্টর,উত্তর নেই"
"195,নিচের কোন প্লাজমা প্রোটিন (Plasma protein) টি লিভারে তৈরী হয় না?,Fibrinogen,Immunoglobulin,Prothrombin.,Albumin,উত্তর নেই"
"196,নিচের কোন ভিটামিন মানব দেহে তৈরী হয়?,থায়ামিন,নিয়াসিন,রিবোফ্লোভিন,ফলিক এসিড,উত্তর নেই"
"197,প্যানক্রিয়াসের আইলেটস অব ল্যাঙ্গার হ্যান্স এর কোন কোষ (Cells) থেকে ইনসুলিন নিঃসৃত হয়?,আলফা কোষ,ডেলটা কোষ,পিপি কোষ,বিটা কোষ,উত্তর নেই"
"198,এমআরআই (MRI) এর অর্থ কি?,Molecular Resonance Imaging,Magnetic Radiation Imaging,Modern Radiation Imaging,Magnetic Resonance Imaging,উত্তর নেই"
"199,নিচের কোনটি যকৃতের সবচেয়ে বড় খন্ড (Lobe)?,Quadrate lobe,Left lobe,Caudate lobe,Right lobe,উত্তর নেই"
"200,প্রাণিজগতের ক্ষুদ্রতম পর্ব (Phylum) কোনটি?,Arthropoda,Mollusca,Placozoa,Annelidia,উত্তর নেই"
"201,আবরণী কলার নিচের কোনটি নড়াচড়ার কাজে ব্যবহৃত হয়?,ডেসমোসোম,মাকুতন্ত্র,ভিলাই,সিলিয়া,উত্তর নেই"
"202,শ্বসনতন্ত্রের উৎপত্তি কোথা থেকে হয়?,Endoderm,Ectoderm,Mesoderm,Teloderm,উত্তর নেই"
"203,সিক্রেটিন নিঃসৃত হয় কোথায় থেকে?,Duodenum,Stomach,Pancreas,Liver,উত্তর নেই"
"204,রক্তের pH কত?,5.8,7.4,6.8,8.2,উত্তর নেই"
"205,হাইড্রার চলন নয় কোনটি?,সমারসল্টিং,ডিগবাজী,ড্রপিং,লুপিং,উত্তর নেই"
"206,কম্বোজ প্রাণি কোনটি?,একাইনোডার্মাটা,কর্ডাটা,মলাস্কা,অ্যানেলিডা,উত্তর নেই"
"207,রেচনতন্ত্র শিখা কোষ দিয়ে কোনটি গঠিত?,Toxascaris leonina,Angiostrongylus vasorum,Fasciola hepatica,Echinococcus granulosus,উত্তর নেই"
"208,নিডোব্লাস্টের কাজ নয় কোনটি?,খাদ্যগ্রহণ,চলন,পরিপাক,আত্মরক্ষা,উত্তর নেই"
"209,ঘাস ফড়িং এর শ্রেণি বিন্যাস নয় কোনটি?,Class: Insecta,Order: Orthoptera,Class: Pterygota,Kingdom: Animalia,উত্তর নেই"
"210,যকৃতের আবরণ কোনটি?,পুরা,ক্যাপস্যুল,গ্লিসন ক্যাপসুল,কোনোটিই নয়,উত্তর নেই"
"211,কোনটি ওজন বাড়ায় না?,শর্করা,লরকেস্টিন,সবগুলো,কোনোটিই নয়,উত্তর নেই"
"212,ফাইব্রিন জালক সৃষ্টি করে কত নং ফ্যাক্টর?,ফ্যাক্টর-১৩,ফ্যাক্টর-০৫,ফ্যাক্টর-০৩,ফ্যাক্টর-১০,উত্তর নেই"
"213,ম্যক্রোলেসিথাল কার ডিম্বাণু?,মানুষ,রুই মাছ,ঘাসফড়িং,কাতল মাছ,উত্তর নেই"
"214,কোন পর্বের প্রাণিদের Plannula লার্ভা দশা রয়েছে?,Nematoda,Cnidaria,Platyhelminthes,Porifera,উত্তর নেই"
"215,মানবদেহে বৃক্কের মাধ্যমে প্রতি মিনিটে কী পরিমাণ রক্ত প্রবাহিত হয়?,1000 ঘনসেমি,124 ঘনসেমি,125 ঘনসেমি,1200 ঘনসেমি,উত্তর নেই"
"217,আইলেটস অব ল্যাঙ্গারহ্যানস এর কোষ নয় কোনটি?,আলফা,বিটা,ডেল্টা,গামা,উত্তর নেই"
"218,নিচের কোন কোষ এন্টিবডি তৈরি করে?,হেল্পার T কোষ,সাইটোটক্সিক T কোষ,প্লাজমা B কোষ,সহজাত মারণ কোষ,উত্তর নেই"
"219,পৌষ্টিক নালির প্রাচীরে বিকশিত লসিকা নালিদের কি বলে?,কাইম,কাইল,ল্যাকটিয়েলস,কাইলোমাইক্রন,উত্তর নেই"
"220,শ্বাসনালি কোন ধরনের তরুনাস্থি নির্মিত?,ক্যালসিফাইট,হায়ালিন,শ্বেত তন্তুময়,স্থিতিস্থাপক,উত্তর নেই"
"221,কোনটি ভাইরাস বৃদ্ধিতে বাঁধা দেয়?,Interferon,Lactorine,Lysozyme,Defensin,উত্তর নেই"
"222,Alveolus থেকে অক্সিজেন রক্তে কিভাবে প্রবেশ করে?,Osmosis,Respiration,Transpiration,Diffusion,উত্তর নেই"
"223,কোনটি Exocrine গ্রন্থি নয়?,Thyroid gland,Pancreas,Liver,Salivary gland,উত্তর নেই"
"224,কোনটি হাড়ের সাথে পেশি সংযুক্ত করে?,Myofibril,Ligament,Synovium,Tendon,উত্তর নেই"
"225,মানবদেহের রক্তে কোন বাফার দ্রবণ (buffer solution) থাকে?,NaHCO₃ and H₂CO₃,NH₄Cl and NH₄OH,CH₃COONa and CH₃COOH,Na₂HPO₄ and H₃PO₄,উত্তর নেই"
"226,কোনটি আমিষ পরিপাককারী (digesting) এনজাইম?,Lipase,Pepsin,Lactase,Isomaltase,উত্তর নেই"
"227,নেমাটোসিস্টের (Nematocyst) ভিতরে বিষাক্ত তরুণ পদার্থের নাম কী?,Hypnotoxin,Toxin,Hemocyanin,Hemozoin,উত্তর নেই"
"228,ঘাসফড়িং এর রক্ত কণিকার নাম কী?,Leukocyte,Erythrocyte,Thrombocyte,Hemocyte,উত্তর নেই"
"229,ক্ষুদ্রান্ত্রের কোন জ্বরে পানপাত্র সেল (Goblet cell) পাওয়া যায়?,Serosa,Muscularis mucosa,Mucosa,Submucosa,উত্তর নেই"
"230,মাথার খুলিতে কয়টি হাড় রয়েছে?,23,33,29,17,উত্তর নেই"
"231,কোন কোষ ম্যাক্রোফেজে (macrophages) রূপান্তরিত হয়?,Eosinophil,Monocyte,Basophil,Lymphocyte,উত্তর নেই"
"232,কোনটি attenuated টিকা?,Diphtheria vaccine,BCG vaccine,Hepatitis B vaccine,Tetanus vaccine,উত্তর নেই"
"233,কোন পদ্ধতিতে Hydra লম্বা দূরত্ব আক্রম করে?,ডিগবাজি (somersaulting),হামাগুড়ি (looping),সাঁতার,গ্লাইডিং (gliding),উত্তর নেই"
"234,কোষের কোথায় ক্রেবস চক্র (Krebs cycle) সংঘটিত হয়?,Cytoplasm,Ribosome,Mitochondria,Chloroplast,উত্তর নেই"
"235,কোন এনজাইম অগ্ন্যাশয়ে নাই?,Ptyalin,Maltase,Trypsin,Amylase,উত্তর নেই"
"236,প্রাণিজগতের বৃহত্তম Phylum কোনটি?,Arthropoda,Porifera,Mollusca,Annelida,উত্তর নেই"
"237,লিভারের কোন লোবটি পিত্তথলির সাথে সংযুক্ত থাকে?,Right lobe,Quadrate lobe,Left lobe,Caudate lobe,উত্তর নেই"
"238,গ্রোথ হরমোন কোথায় তৈরি হয়?,Thalamus,Hypothalamus,Adrenal gland,Pituitary gland,উত্তর নেই"
"239,Golgi complex কোনটি সংশ্লেষ (synthesis) করে না?,Sperm,Ribosome,Lysosome,Enzyme,উত্তর নেই"
"240,ভ্রূণে লোহিত কণিকাসমূহ নিম্নের কোথায় তৈরি হয়?,থাইমাস,অগ্ন্যাশয়,প্লীহা,অস্থি মজ্জা,উত্তর নেই"
"241,নিচের কোন গ্রন্থিটি ভিন্ন প্রকৃতির?,শুক্রাশয়,অগ্ন্যাশয়,এড্রেনাল,ডিম্বাশয়,উত্তর নেই"
"242,কবুতর' কোন শ্রেণির প্রাণী?,Amphibia,Actinopterygii,Reptilia,Aves,উত্তর নেই"
"243,মানবদেহের কোন অঙ্গ ফিব্রিনোজেন তৈরি করে?,ক্ষুদ্রান্ত্র,অগ্ন্যাশয়,যকৃত,ফুসফুস,উত্তর নেই"
"244,নিচের কোনটি দ্বিস্তরী?,ফিতা কৃমি,হাইড্রা,জোঁক,ম্যালেরিয়ার জীবাণু,উত্তর নেই"
"245,সবচেয়ে বেশি খাদ্যসার শোষণ হয় কোথায়?,জেজুনামে,সিকামে,পাকস্থলিতে,ডিওডেনামে,উত্তর নেই"
"246,সর্বজনীন গ্রহীতা Blood group কোনটি?,O,AB,B,A,উত্তর নেই"
"247,মানবদেহের কোন অঙ্গে সর্বোচ্চ সংখ্যক গবলেট কোষ পাওয়া যায়?,বৃহদন্ত্র,যকৃত,ফুসফুস,ক্ষুদ্রান্ত,উত্তর নেই"
"248,হৃৎপিণ্ডে অবস্থিত কোন সংযোগকারী কলা (Junctional tissue) কে পেসমেকার বলা হয়?,অ্যাট্রিও-ভেনট্রিকুলার নোড,বান্ডেল অব হিস,পারকিনজি তত্ত্ব,সাইনো-অ্যাট্রিয়াল নোড,উত্তর নেই"
"249,ঘাসফড়িং এর হেপাটিক সিকা কয়টি?,8,14,10,12,উত্তর নেই"
"250,পাকস্থলির কোন কোষ থেকে হাইড্রোক্লোরিক এসিড নিঃসৃত হয়?,প্যারাইটাল কোষ,জি-কোষ,পেপটিক কোষ,মিউকাস কোষ,উত্তর নেই"
"251,নিচের কোন অঙ্গ ইরাইস্ট্রোপোয়েটিন (Erythropoietin) উৎপাদন করে?,ফুসফুস,মগজ,বৃক্ক,হৃৎপিণ্ড,উত্তর নেই"
"252,শ্বাসতন্ত্রের কোন অংশে গ্যাসীয় বিনিময় হয়?,ট্রাকিয়া,অ্যালভিওলাস,ব্রঙ্কিওল,ব্রহ্মাস,উত্তর নেই"
"253,প্যারাসিমপ্যাথেটিক স্নায়ু নিচের কোন করোটিক স্নায়ুতে পাওয়া যায়?,ট্রকলিয়ার,অপটিক,অকূলোমোটর,অলফ্যাক্টরি,উত্তর নেই"
"254,হাইড্রার কোন অংশে নিডোসাইট কোষ সবচেয়ে বেশি থাকে?,দেহ প্রাচীর,কর্ষিকা,দেহ কাণ্ড,পাদ-চাকতি,উত্তর নেই"
"255,নিচের কোনটিতে ঐচ্ছিক পেশি পাওয়া যায়?,জরায়ু,পাকস্থলি,জিহ্বা,হৃৎপিণ্ড,উত্তর নেই"
"256,কোন রক্ত কণিকা অ্যান্টিবডি তৈরি করে?,বেসোফিল,টি-লিম্ফোসাইট,বি-লিম্ফোসাইট,লিম্ফোসাইট,উত্তর নেই"
"257,আন্তঃকশেরুকা চাকতিতে কী ধরনের তরুণাস্থি পাওয়া যায়?,স্থিতিস্থাপক তরুণাস্থি,চুনময় তরুণাস্থি,শ্বেত-তত্ত্বময় তরুণাস্থি,স্বচ্ছ তরুণাস্থি,উত্তর নেই"
"258,মাইটোসিসে কোষের ভিতয়ে নিউক্লিয়াসের বিভাজনকে কী বলে?,অ্যামাইটোসিস,ক্যারিওকাইনেসিস,সাইটোকাইনেসিস,ডায়াকাইনেসিস,উত্তর নেই"
"259,নিচের কোনটি রক্তনালির সংকোচন ঘটিয়ে রক্তপাত হ্রাস করে?,প্রোম্বোপ্লাস্টিন,হিস্টামিন,সেরোটোনিন,হেপারিন,উত্তর নেই"
"260,নিচের কোন হরমোনটি রক্তে সোডিয়ামের মাত্রা নিয়ন্ত্রণ করে?,গ্লুকাগন,অ্যালডোস্টেরন,এনজিওটেনসিন,রেনিন,উত্তর নেই"
"261,নিচের কোনটি মিশ্র করোটিক স্নায়ু (Mixed cranial nerve) নয়?,গ্লসোফ্যারিঞ্জিয়াল,ফেসিয়াল,ট্রাইজেমিনাল,হাইপোগ্লোসাল,উত্তর নেই"
"262,কোন প্রক্রিয়ায় নিউক্লিয়াসের বিভাজন ঘটে?,সাইটোকাইনেসিস,মেটাকাইনেসিস,ইন্টারকাইনেসিস,ক্যারিওকাইনেসিস,উত্তর নেই"
"263,নিচের কোনটি খাদ্য গিলে ফেলার সময় স্বরযন্ত্র (Larynx) এর ছিদ্র বন্ধ করে?,জিহ্বা,কোমল তালু,আলজিহ্বা,কোয়ানি,উত্তর নেই"
"264,কোন ধমনি রুই মাছের বক্ষ পাখনাকে (pectoral fin) রক্ত সরবরাহ করে?,ইলিয়াক ধমনি,রেনাল ধমনি,কডাল ধমনি,সাবক্ল্যাভিয়ান ধমনি,উত্তর নেই"
"265,ঘাসফড়িং-এর স্পাইরাকল কে ঘিরে রাখে কোনটি?,পেরিট্রিম,অপারকুলাম,টিনিডিয়া,ইন্টিমা,উত্তর নেই"
"266,মানুষের ক্ষেত্রে নিচের কোনটি এক্টোডার্ম (Ectoderm) থেকে গঠিত হয়?,স্বরযন্ত্র,চক্ষুর লেন্স,শ্বাসনালী,গলবিল,উত্তর নেই"
"267,নিচের কোন হরমোনটি ডিম্বাশয়ের কর্পাস লুটিয়াম থেকে নিঃসৃত হয়?,প্রোল্যাকটিন,লুটিনাইজিং হরমোন,টেস্টোস্টেরন,প্রোজোস্টেরন,উত্তর নেই"
"268,নিচের কোন গ্রন্থির নালি দ্বিতীয় ঊর্ধ্ব মোলার দাঁতের মুখগহ্বরে উন্মুক্ত হয়?,সাবলিঙ্গুয়াল গ্রন্থি,সাবম্যান্ডিবুলার গ্রন্থি,প্যালাটাইন গ্রন্থি,প্যারোটিড গ্রন্থি,উত্তর নেই"
"269,কোষের কোন অঙ্গাণু অটোফ্যাগিতে জড়িত?,রাইবোসোম,এন্ডোপ্লাজমিক রেটিকুলাম,লাইসোসোম,গলজি বডি,উত্তর নেই"
"270,কোনটি কিডনীর কাজ নয়?,হরমোন নিঃসরণ,নাইট্রোজেনাস পদার্থের নিষ্কাশন,রক্তের অ্যাসিড ভারসাম্য বজায় রাখা,শ্বেত কণিকা (WBC) উৎপাদন,উত্তর নেই"
"271,মানুষের মুখমণ্ডলে কতগুলো অস্থি আছে?,১০,২৩,১৪,০৮,উত্তর নেই"
"272,রক্ত জমাট বাঁধতে নিচের কোন ধাতব আয়নটি অংশগ্রহণ করে?,Cu++,Fe++,Mg++,Ca++,উত্তর নেই"
"273,ক্রোমাটোগ্রাফির (Chromatography) কয়টি পর্যায় (Phase) আছে?,02,04,01,03,উত্তর নেই"
"274,নিচের কোনটি পিত্তরসের উপাদান নয়?,পিত্ত লবণ,কোলেস্টেরল,গ্লুকোজ,পানি,উত্তর নেই"
"275,নিচের কোনটি পশ্চাৎ মস্তিষ্কের (Hindbrain) অংশ নয়?,পন্স,হাইপোথ্যালামাস,মেডুলা অবলংগাটা,সেরেবেলাম,উত্তর নেই"
"276,কোনটি চোখে প্রতিসারক মাধ্যম হিসাবে কাজ করে না?,অ্যাকুয়াস হিউমার,লেন্স,রেটিনা,কর্নিয়া,উত্তর নেই"
"277,নিচের কোন হরমোনটি পাকস্থলির HCI নিঃসরণ নিয়ন্ত্রণ করে?,গ্যাস্ট্রিন,সোমাটোস্ট্যাটিন,সিক্রেটিন,কোলেসিস্টোকাইনিন,উত্তর নেই"
"278,নিচের কোন স্তন্যপায়ী প্রাণির (Mammals) দুগ্ধে ল্যাকটোজ সবচেয়ে বেশি থাকে?,মানুষ,মহিষ,ছাগল,গরু,উত্তর নেই"
"279,নিচের কোনটি বহিঃক্ষরা (Exocrine) গ্রন্থি নয়?,অশ্রু গ্রন্থি,ঘাম গ্রন্থি,থাইরয়েড গ্রন্থি,প্যারোটিড গ্রন্থি,উত্তর নেই"
"280,নিচের কোনটি টক্সোয়েড ভ্যাকসিন?,টাইফয়েড,পোলিও,ডিপথেরিয়া,হাম,উত্তর নেই"
"281,কী ধরনের এপিথেলিয়াম বোম্যান'স ক্যাপসুল গঠন করে?,Stratified,Columnar,Cuboidal,Squamous,উত্তর নেই"
"282,নিচের কোন কোষটি হাইড্রার এপিডার্মিস (Epidermis) এর অংশ নয়?,ইন্টারস্টিশিয়াল কোষ,ক্ষণপদীয় কোষ,সংবেদী কোষ,স্নায়ু কোষ,উত্তর নেই"
"283,কোনটি খাদ্যমণ্ড (Food bolus) কে মানবদেহের নাসাছিদ্রের (Nasal aperture) পথে প্রবেশে বাধা দেয়?,জিহবা,কোমল তালু,আলজিহবা,কঠিন তালু,উত্তর নেই"
"284,নিচের কোনটি ঘাসফড়িং এর পশ্চাৎ-পোষ্টিকনালির অংশ?,গলবিল,গিজার্ড,ইলিয়াম,ক্রপ,উত্তর নেই"
"285,নিচের কোনটি অ্যান্টিজেন নয়?,প্রোটিন,পলিস্যাকারাইড,লিপোপ্রোটিন,লিপিড,উত্তর নেই"
"286,কোন প্রযুক্তি ইনসুলিন তৈরিতে ব্যবহার করা হয়?,টিস্যু কালচার,এক্সপ্লান্ট কালচার,জীন ক্লোনিং,ডিএনএ রিকম্বিনেন্ট,উত্তর নেই"
"287,নিচের কোন হরমোনটি থাইরয়েড গ্রন্থি থেকে নিঃসৃত হয় না?,টেট্রা-আয়োডো-থাইরোনিন,থাইরক্সিন,অক্সিটোসিন,ট্রাই-আয়োডা-থাইরোনিন,উত্তর নেই"
"288,বৃক্কের গাঠনিক ও কার্ষিক একক কোনটি?,নিউরন,অ্যালভিওলাস,ল্যাকুনা,নেফ্রন,উত্তর নেই"
"289,নিচের কোনটি মারসুপিয়াল স্তন্যপায়ী প্রাণী?,ক্যাঙ্গারু,কুকুর,গন্ডার,বানর,উত্তর নেই"
"290,নিচের কোনটি ভাইরাসকে নিষ্ক্রিয় করতে পারে?,রাইবোজোম,ইন্টারফেরন,হরমোন,ব্যাকটেরিয়া,উত্তর নেই"
"291,নিচের কোন গ্রন্থিটি ক্যালসিয়াম বিপাকে সহায়তা করে?,প্যারাথাইরয়েড,থাইরয়েড,পিটুইটারি,অ্যাড্রেনাল,উত্তর নেই"
"292,মাতৃদুগ্ধে কোন অ্যান্টিবডি (Antibody) পাওয়া যায়?,IgE,IgM,IgA,IgG,উত্তর নেই"
"293,নিচের কোন এনজাইমটি অগ্ন্যাশয় রসে বিদ্যমান?,পেপসিন,ম্যালটোজ,ল্যাকটোজ,ট্রিপসিন,উত্তর নেই"
"294,নিচের কোনটি রক্ত জমাট বাঁধার মূল উপাদান নয়?,ফিব্রিনোজেন,প্রোথ্রম্বিন,ক্যালসিয়াম আয়ন,অ্যালবুমিন,উত্তর নেই"
"295,অন্ত্রের কোন স্তরে গবলেট কোষ (Goblet cell) থাকে?,সেরোসা,মাসকিউলারিস মিউকোসা,মিউকোসা,সাবমিউকোসা,উত্তর নেই"
"296,কোনটি সিক্রেটিন ক্ষরণ করে?,ভেজুনাম,ইলিয়াম,ডিওডেনাম,অগ্ন্যাশয়,উত্তর নেই"
"297,Arthropoda এর বর্গ নয় কোনটি?,Hexapoda,Collembola,Millipedes,Gastropoda,উত্তর নেই"
"298,কোথায় এনজাইম নেই?,পাকস্থলিতে,যকৃতে,পিত্তরসে,রক্তে,উত্তর নেই"
"299,ক্ষুদ্র লসিক নালিকে কি বলে?,সাব-সুপারভিয়াল,সুপারভিয়াল,ল্যাক্টিয়াল,সবগুলো,উত্তর নেই"
"300,হার্ডেরিয়ান গ্রন্থির অবস্থান কোথায়?,চোখ,জিহ্বা,ত্বক,কান,উত্তর নেই"
"301,পিটুইটারি গ্রন্থি থেকে কোন হরমোন নিঃসৃত হয়?,টেস্টোস্টেরন,ইস্ট্রোজেন,TSH,থাইরয়েড,উত্তর নেই"
"302,শুক্রাণুর অ্যাক্রোসোম তৈরি করে কোনটি?,লাইসোসোম,মাইটোকন্ড্রিয়া,গলগি বডি,কোষপ্রাচীর,উত্তর নেই"
"303,কোনটি অতি বিপন্ন প্রাণী?,কাঁকড়া,শকুন,সাইবেরিয়ান বাঘ,আফ্রিকান সজারু,উত্তর নেই"
"304,ট্রফোব্লাস্ট থেকে ভিলাই বের হতে থাকে—,২য় সপ্তাহের শুরুতে,২য় সপ্তাহের মাঝে,২য় সপ্তাহের শেষে,১ম সপ্তাহের শেষে,উত্তর নেই"
"305,অ্যানিমাল পোলের ক্ষেত্রে কোনটি সঠিক?,ভ্রূণের অংশে বড় বড় কোষ থাকে,প্রাথমিক জীবাণুস্তর তৈরি করেনা,এতে বৃহৎ পরিমাণে কুসুম কোষ রয়েছে,কোষগুলো অনেক দ্রুত বিভাজিত হয়,উত্তর নেই"
"307,কোনটি বর্ণ সংবেদী?,আইরিশ,কর্ণিয়া,রডকোষ,পিউপিল,উত্তর নেই"
"308,থিবেসিয়ান কপাটিকা কোথায় অবস্থিত?,করোনারি সাইনাস ও ডান অলিন্দের সংযোগস্থলে,হৃৎপিন্ড গাত্র থেকে আগত রক্তকে বাম অলিন্দে প্রেরণ করে,হৃৎপিন্ড গাত্র থেকে আগত রক্তকে ডান নিলয়ে প্রেরণ করে,করোনারি সাইনাস ও বাম অলিন্দের সংযোগস্থলে,উত্তর নেই"
"309,জীব-বৈচিত্র্য অঞ্চলকে কী বলা হয়?,হটস্পট,লাইফস্পট,লিভিং এরিয়া,ভাইভারসিটি স্পট,উত্তর নেই"
"310,শীতকালে কোন প্রাণীটি ঘুমিয়ে কাটায়?,ব্যাঙ,সাপ,বাদুড়,সবগুলো,উত্তর নেই"
"311,সিফিলিস রোগের জন্য দায়ী নিচের কোনটি?,Treponema pallidum,Neisseria gonorrhoeae,Treponema vagmalis,Trichomonas vaginalis,উত্তর নেই"
"312,জিহ্বা থেকে স্বাদের অনুভূতি গ্রহণ করে কোন স্নায়ু?,অকুলোমোটর স্নায়ু,গ্লসোফ্যারিঞ্জিয়াল স্নায়ু,অপটিক স্নায়ু,ট্রাইজেমিনাল স্নায়ু,উত্তর নেই"
"313,নিচের কোনটি ক্যান্সার রোগের চিকিৎসায় ব্যবহৃত হয়?,Heparin,Immunoglobulin,Interferone,Histone protein,উত্তর নেই"
"314,নিচের কোন বৈশিষ্ট্য পলিজিন দ্বারা নিয়ন্ত্রিত হয় না?,উচ্চতা,আকৃতি,ত্বকের বর্ণ,বুদ্ধিমত্তা,উত্তর নেই"
"315,নিচের কোনটি মিশ্র গ্রন্থির উদাহরণ নয়?,ডিম্বাশয়,এড্রেনাল গ্রন্থি,অগ্ন্যাশয়,অন্ত্রীয় গ্রন্থি,উত্তর নেই"
"316,নিচের কোনটি সমগোত্রীয় পাখির উদাহরণ নয়?,চড়ুই,চামচঠোঁই কাদাখোচা,হিমালয়ান পার্টিজ,গোল্ডেন প্লোভার,উত্তর নেই"
"317,কোনটি সেরেব্রামের কাজ নয়?,বৃত্তিবৃত্তি,ইচ্ছাশক্তি,স্মৃতিশক্তি,শ্বাসপ্রশ্বাসের হার,উত্তর নেই"
"318,চোখের লেন্স ও রেটিনার মধ্যে অবস্থান করে নিচের কোনটি?,ভিট্রিয়াস হিউমার,হিমোসিল,কর্নিয়া,অ্যাকুয়াস হিউমার,উত্তর নেই"
"319,মধ্যচ্ছদার উপস্থিতি বা Presence of diaphragm কোন পর্বের প্রাণির বৈশিষ্ট্য?,Reptilia,Aves,Amphibia,Mammalia,উত্তর নেই"
"320,হাইড্রার এন্ডোডার্মিসের যেকোনো কোষ তৈরি করতে পারে কোনটি?,পুষ্টি কোষ,ইন্টারস্টিশিয়াল কোষ,গ্রন্থি কোষ,সংবেদী কোষ,উত্তর নেই"
"321,বাংলাদেশে সন্ধানপ্রাপ্ত ঘাসফড়িংয়ের প্রজাতির সংখ্যা কত?,দুই হাজারটি,বিশ হাজারটি,বিশটি,দুই শতটি,উত্তর নেই"
"322,রুই মাছের হৃৎপিণ্ডকে কী নামে অভিহিত করা হয়?,দ্বিচক্র হৃৎপিণ্ড,শিরা হৃৎপিণ্ড,বহুচক্র হৃৎপিণ্ড,ধমনি হৃৎপিণ্ড,উত্তর নেই"
"323,একজন পূর্ণ বয়স্ক মানুষের নিচের চোয়ালে মোলার দাঁতের সংখ্যা কত?,২টি,৪টি,৩টি,৬টি,উত্তর নেই"
"324,মানুষের যকৃতের বাহিরের দিকে আবৃতকারী পর্দার নাম কী?,বোম্যান্স ক্যাপসুল,স্পিনিক ক্যাপসুল,রেনাল ক্যাপসুল,গ্লিসনস ক্যাপসুল,উত্তর নেই"
"325,স্থুলতার সাথে নিচের কোন রোগটি সম্পর্ক যুক্ত নয়?,স্ট্রোক,টাইপ-১ ডায়াবেটিস মেলাইটাস,উচ্চ রক্তচাপ,ক্যানসার,উত্তর নেই"
"326,মানবদেহে শ্বেত রক্ত কণিকার পরিমাণ 4000/dL এর চেয়ে কমে গেলে সেই অবস্থাকে কী বলে?,Lukopenia,Leukemia,Thrombocytopenia,Polycythemia,উত্তর নেই"
"327,সাইনুসাইটিস রোগের প্রধান উপসর্গ কোনটি?,কাশি,বমি,জ্বর,মাথা ব্যাথা,উত্তর নেই"
"328,নিচের কোনটি মানুষের অক্ষীয় কঙ্কালতন্ত্রের অংশ?,শ্রোণি অস্থিচক্র,বক্ষ অস্থিচক্র,করোটি,ফিমার,উত্তর নেই"
"329,নিচের কোন অঙ্গে স্থিতিস্থাপক তরুণাস্থি পাওয়া যায়?,বহিঃকর্ণ,অন্তঃকর্ণ,ইউস্টেশিয়ান নালি,উপজিহ্ব,উত্তর নেই"
"330,মানুষের জিহ্বার সঞ্চালন নিয়ন্ত্রণ করে কোন করোটিক স্নায়ু?,ফেসিয়াল স্নায়ু,হাইপোগ্লোসাল স্নায়ু,অপটিক স্নায়ু,অকুলোমোটর স্নায়ু,উত্তর নেই"
"331,নিচের কোনটি মেনিনজেসের অংশ নয়?,ড্যুরা ম্যাটার,অ্যারাকনয়েড ম্যাটার,পায়া ম্যাটার,হোয়াইট ম্যাটার,উত্তর নেই"
"332,চোখের রেটিনার যে অংশ আলোকসংবেদী নয় তাকে বলে-,পীতবিন্দু,অপটিক স্নায়ু,ফোবিয়া সেন্ট্রালিস,অন্ধবিন্দু,উত্তর নেই"
"333,নিচের কোন জোড়াটি লোকাল হরমোনের উদাহরণ?,ইনসুলিন ও অ্যাড্রেনালিন,থাইরক্সিন ও সিক্রিটিন,সিক্রিটিন ও এন্টারোগ্যাস্ট্রিন,ইস্ট্রোজেন ও প্রজেস্টেরন,উত্তর নেই"
"334,মানুষের যকৃতে অবস্থানকারী ম্যাক্রোফেজের নাম কী?,মনোসাইট,কাফফার কোষ,সাইনাস হিস্টোসাইট,নিউট্রোফিল,উত্তর নেই"
"335,ভাইরাসের আক্রমণে শরীরের ভিতরে স্বতঃস্ফূর্তভাবে নিচের কোনটি তৈরি হয়?,এন্টিবডি,ইন্টারফেরন,নিউট্রোফিল,মনোসাইট,উত্তর নেই"
"336,মানুষের সংখ্যা কোন রক্তগ্রুপে সবচেয়ে বেশি?,A,AB,B,O,উত্তর নেই"
"337,হাইড্রার দেহের ক্ষুদ্রতম নেমাটোসিস্ট কোনটি?,স্টেরিওলিন গ্লুটিন্যান্ট,স্ট্রেপটোলিন গ্লুটিন্যান্ট,ভলভেন্ট,স্টিনোটিল,উত্তর নেই"
"338,প্রাপ্তবয়স্ক মানুষের নিচের চোয়ালে দন্তকুঠুরীর সংখ্যা কত?,32টি,12টি,16টি,৪টি,উত্তর নেই"
"339,মোলার দাঁতের কাজ কোনটি?,খাবার টুকরা করা ও ছেঁড়া,খাবার টুকরা করা ও পেষণ করা,খাবার চর্বন করা ও পেষণ করা,খাবার ছোঁড়া ও চর্বন করা,উত্তর নেই"
"340,আমিষ পরিপাককারী এনজাইম কোনটি?,মল্টেজ,সুক্রেজ,ট্রিপসিন,লাইপেজ,উত্তর নেই"
"341,মানুষের যকৃতে অবস্থানকারী ম্যাক্রোফেজের নাম কী?,মনোসাইট,কুপফার কোষ,সাইনাস হিস্টোসাইট,নিউট্রোফিজ,উত্তর নেই"
"342,নিচের কোন জোড়াটি লোকাল হরমোনের উদাহরণ?,ইনসুলিন ও অ্যাড্রেনালিন,থাইরক্সিন ও সিক্রিটিন,সিক্রেটিন ও এন্টারোগ্যাস্ট্রিন,ইস্ট্রোজেন ও প্রজেস্টেরণ,উত্তর নেই"
"343,মানব পিত্তরস সম্বন্ধে নিচের কোন তথ্যটি সঠিক?,একটি অম্লীয় তরল,এনজাইম সমৃদ্ধ,পাকস্থলিতে পরিপাকে সহায়তা করে,যকৃতে তৈরি হয়,উত্তর নেই"
"344,নিচের কোন জোড়াটি লোকাল হরমোনের উদাহরণ?,ইনসুলিন ও অ্যাড্রেনালিন,থাইরক্সিন ও সিক্রিটিন,সিক্রেটিন ও এন্টারোগ্যাস্ট্রিন,ইস্ট্রোজেন ও প্রজেস্টেরণ,উত্তর নেই"
"345,""মানব পিত্তরস সম্বন্ধে নিচের কোন তথ্যটি সঠিক, ইহা-"",একটি অম্লীয় তরল,এনজাইম সমৃদ্ধ,পাকস্থলিতে পরিপাকে সহায়তা করে,যকৃতে তৈরি হয়,উত্তর নেই"
"346,স্বাভাবিক ওজনের মানুষের বডি মাস ইনডেক্স (BMI) কত?,25 - 29.9 kg/m²,18.5 - 24.9 kg/m²,30 - 34.9 kg/m²,35 - 39.9 kg/m²,উত্তর নেই"
"347,অদানাদার বা অ্যাগ্রানুলোসাইট কোনটি?,নিউট্রোফিল,মনোসাইট,ইওসিনোফিল,বেসোফিল,উত্তর নেই"
"348,মানুষের রক্ত জমাট বাঁধার মূল উপাদান নয় কোনটি?,ক্যালসিয়াম আয়ন,লসিকা রস,ফাইব্রিনোজেন,প্রোথ্রম্বিন,উত্তর নেই"
"349,পেসমেকারের অবস্থান হৃৎপিণ্ডের কোথায়?,বাম অলিন্দ,বাম নিলয়,ডান অলিন্দ,ডান নিলয়,উত্তর নেই"
"350,একজন সুস্থ পূর্ণবয়স্ক মানুষ বিশ্রামরত অবস্থায় মিনিটে কতবার শ্বসনক্রিয়া সম্পাদন করে?,20-25 বার,14-18 বার,7-10 বার,30-40 বার,উত্তর নেই"
"351,মানব রেচনতন্ত্রের অংশ নয় কোনটি?,বৃক্ক,মূত্রনালি,অ্যাড্রেনাল গ্রন্থি,রেচননালি,উত্তর নেই"
"352,ইন্টারক্যালেটেড ডিস্ক কোন ধরনের পেশির বৈশিষ্ট্য?,ঐচ্ছিক পেশি,হৃদপেশি,মসৃণ পেশি,রৈখিক পেশি,উত্তর নেই"
"353,পাকস্থলিতে কোন করোটিক স্নায়ুর কার্যক্রম বিদ্যমান?,অপটিক,অডিটরি,ভেগাস,অকুলোমোটর,উত্তর নেই"
"354,সেরেব্রামের দুটি খণ্ডকে সংযোগকারী স্নায়ু গুচ্ছের নাম-,কর্পাস অ্যালবিকান্স,কর্পাস অ্যাটরেটিকাম,কর্পাস ক্যালোসাম,কর্পাস লুটিয়াম,উত্তর নেই"
"355,রক্তে Na⁺ ও K⁺ এর সমতা রক্ষা করে কোন হরমোন?,ইনসুলিন,গ্লুকাগন,এড্রেনালিন,অ্যালডোস্টেরন,উত্তর নেই"
"356,মানবদেহে সর্ববৃহৎ অঙ্গ কোনটি?,যকৃত,ত্বক,মস্তিষ্ক,প্লীহা,উত্তর নেই"
"357,নিষ্ক্রিয় ভ্যাক্সিন কোনটি?,পোলিও ভ্যাক্সিন,টিটেনাস ভ্যাক্সিন,হেপাটাইটিস-B ভ্যাক্সিন,হিউম্যান প্যাপিলোমা ভাইরাস ভ্যাক্সিন,উত্তর নেই"
"358,AB ব্লাড গ্রুপের দাতা কোন গ্রুপকে রক্ত দিতে পারবে?,O গ্রুপ,B গ্রুপ,AB গ্রুপ,A গ্রুপ,উত্তর নেই"
"359,কত সেলসিয়াস তাপমাত্রার নিচে রুই মাছ বাঁচতে পারে না?,24°C,16°C,14°C,20°C,উত্তর নেই"
"360,প্রোটিন পরিপাককারী এনজাইম নয় কোনটি?,ট্রিপসিন,অ্যামাইনোপেপটাইডেজ,কাইমোট্রিপসিন,অ্যামাইলেজ,উত্তর নেই"
"361,Kupffer's Cell থাকে কোথায়?,প্লীহা,মস্তিষ্ক,যকৃত,অগ্ন্যাশয়,উত্তর নেই"
"362,একটি হৃৎপিণ্ডে প্রতি মিনিটে ৮০ বার হৃদকম্পন হলে হৃদচক্রের স্থায়িত্ব কত?,0.60 সেকেন্ড,0.75 সেকেন্ড,7.50 সেকেন্ড,0.80 সেকেন্ড,উত্তর নেই"
"363,কোনটি হৃদপিণ্ডকে বিভিন্ন প্রকোষ্ঠে বিভক্ত করে?,এপিকার্ডিয়াম,পেরিকার্ডিয়াম,এন্ডোকার্ডিয়াম,মায়োকার্ডিয়াম,উত্তর নেই"
"364,করোনারি ধমনি সরু হয়ে যাওয়া নির্ণয়ে ব্যবহৃত হয় কোন পরীক্ষা?,ইকোকার্ডিওগ্রাম,এনজিওগ্রাম,ইটিটি,ইসিজি,উত্তর নেই"
"365,বিশ্বব্যাপী রক্তশূন্যতার প্রধানতম কারণ কী?,ভিটামিন সি ঘাটতি জনিত,লৌহ ঘাটতি জনিত,জন্মগত রক্তশূন্যতা,ভিটামিন বি-১২ ঘাটতি জনিত,উত্তর নেই"
"366,Adam's Apple কোথায় থাকে?,স্বরযন্ত্র,শ্বাসনালি,ব্রঙ্কাস,ফুসফুস,উত্তর নেই"
"367,বৃক্কের কাজ নয় কোনটি?,রক্তচাপ নিয়ন্ত্রণ করা,অম্ল ও ক্ষারের সমতা রক্ষা করা,তাপ নিয়ন্ত্রণ করা,রক্তের আয়ন নিয়ন্ত্রণ করা,উত্তর নেই"
"368,স্বাভাবিক মূত্রের রং খড়ের রং হওয়ার কারণ কী?,ইউরিয়া,ইউরোক্রোম,অ্যামোনিয়া,বিলিরুবিন,উত্তর নেই"
"369,মানুষের কপাল কোন অস্থি দিয়ে তৈরি হয়?,অক্সিপিটাল,ফ্রন্টাল,প্যারাইটাল,টেমপোরাল,উত্তর নেই"
"370,সিসাময়েড অস্থি কোনটি?,পশুকা,প্যাটেলা,কিউবয়েড,টিবিয়া,উত্তর নেই"
"371,সাদা লেগহর্ণ ও সাদা ওয়াইনডট এর মধ্যে ক্রস ঘটিয়ে ফলাফল পান-,""Bateson & Punnet, 1908"",""Batesen & Punnett, 1906"",""M.F.X. Bichart, 1985"",""Cune not, 1905"",উত্তর নেই"
"372,কোনটি মানুষের পশ্চাৎ মস্তিষ্কের অংশ নয়?,মেডুলা অবলংগাটা,পনস,সেরেবেলাম,থ্যালামাস,উত্তর নেই"
"373,চোখের রেটিনার ভিতর সবচেয়ে আলোক সংবেদী অংশের নাম কী?,অন্ধ বিন্দু,আলোক বিন্দু,পীত বিন্দু,সাদা বিন্দু,উত্তর নেই"
"374,মানবদেহের সবচেয়ে ছোট অনাল গ্রন্থি কোনটি?,থাইরয়েড,শুক্রাশয়,পিটুইটারি,সুপ্রারেনাল,উত্তর নেই"
"375,নিচের কোন হরমোন রক্তে সোডিয়ামের মাত্রা নিয়ন্ত্রণ করে?,রেনিন,অ্যানজিওটেনসিন,অ্যালডোস্টেরন,থাইরক্সিন,উত্তর নেই"
"376,নিচের কোনটি সহজাত প্রতিরক্ষার উদাহরণ নয়?,প্রজাতিগত প্রতিরক্ষা,গোষ্ঠীগত প্রতিরক্ষা,ব্যক্তিগত প্রতিরক্ষা,সক্রিয় প্রতিরক্ষা,উত্তর নেই"
"377,ব্যাঙের শীতনিদ্রা' কোন ধরনের ট্যাক্সিসের উদাহরণ?,ধনাত্মক থার্মোট্যাক্সিস,ধনাত্মক জিওট্যাক্সিস,ঋণাত্মক থার্মোট্যাক্সিস,ধনাত্মক কেমোট্যাক্সিস,উত্তর নেই"
"378,মুখবিবরে 'র ্যাডুলা' নামক অংশ থাকে কোন পর্বের প্রাণীতে?,Chordata,Mollusca,Arthropoda,Nematoda,উত্তর নেই"
"379,হাইড্রার বহিঃত্বকে সমগ্র স্থান জুড়ে অবস্থান করে কোনটি?,সংবেদী কোষ,নিডোব্লাস্ট কোষ,স্নায়ু কোষ,পেশি আবরণী কোষ,উত্তর নেই"
"380,ঘাসফড়িংয়ের পুঞ্জাক্ষির কোন অংশটি আলো গ্রহণ করে?,কর্ণিয়া,র ্যাবডোম,কর্ণিয়াজেন কোষে,ক্রিস্টালাইন কোণ কোষ,উত্তর নেই"
"381,রুই মাছের আঁইশ কোন ধরনের?,প্ল্যাকয়েড,সাইনয়েড,টিনয়েড,সাইক্লয়েড,উত্তর নেই"
"382,হেপারিন তৈরি ও নিঃসরণ করা কোন কোষের কাজ?,lymphocyte,basophil,monocyte,neutrophil,উত্তর নেই"
"383,হৃৎপিণ্ডের কোন কপাটিকায় তিনটি কাম্প থাকে না?,ডান অ্যাট্রিওভেন্ট্রিকুলার কপাটিকা,বাম অ্যাট্রিওভেন্ট্রিকুলার কপাটিকা,অ্যাওর্টিক কপাটিকা,পালমোনারি কপাটিকা,উত্তর নেই"
"384,কোন জাতীয় ব্যারোরিসেপ্টর রক্তের আয়তন নিয়ন্ত্রণে ভূমিকা রাখে?,উচ্চচাপ ব্যারোরিসেপ্টর,ক্যারোটিড ব্যারোরিসেপ্টর,নিম্নচাপ ব্যারোরিসেপ্টর,অ্যাট্রিয়াল ব্যারোরিসেপ্টর,উত্তর নেই"
"385,নিচের কোনটি মানবদেহের শ্বসনতন্ত্রের বায়ু পরিবহন অঞ্চল নয়?,শ্বাসনালি,ব্রঙ্কাস,প্রান্তীয় ব্রঙ্কিওল,অ্যালভিওলার নালি,উত্তর নেই"
"386,সারফেকট্যান্ট কোথায় পাওয়া যায়?,স্বরযন্ত্রে,ব্রঙ্কিয়োলে,অ্যালভিওলাসে,শ্বাসনালিতে,উত্তর নেই"
"387,রক্তে CO₂ পরিবহনের মাধ্যম নয় কোনটি?,কার্বনিক এসিড,বাইকার্বনেট যৌগ,কার্বন মনো অক্সাইড,কার্বামিনো যৌগ,উত্তর নেই"
"388,কোনটি মানুষের মুখমণ্ডলীয় অস্থি নয়?,ন্যাসাল অস্থি,ম্যাক্সিলা অস্থি,এথময়েড অস্থি,ম্যান্ডিবল অস্থি,উত্তর নেই"
"389,করোটিক স্নায়ুর কাজ সম্পর্কিত নিচের কোন তথ্যটি সঠিক নয়?,ট্রকলিয়ার - অক্ষিগোলকের সঞ্চালন,ফ্যাসিয়াল - মুখের অভিব্যক্তি,গ্লসোফ্যারিঞ্জিয়াল - গলবিলের সঞ্চালন,হাইপোগ্লোসাল - স্বাদ গ্রহণ,উত্তর নেই"
"390,চোখের স্কেরার রঙ কী?,কালো,সাদা,হালকা হলুদ,লাল,উত্তর নেই"
"391,মানবদেহের ভারসাম্য নিচের কোনটি রক্ষা করে?,বহিঃকর্ণ,অন্তঃকর্ণ,মধ্যকর্ণ,নাসাগলবিল,উত্তর নেই"
"392,মানবদেহে ক্যালসিয়াম ও ফসফরাসের বিপাক নিয়ন্ত্রণ করে কোন গ্রন্থি?,থাইমাস,থাইরয়েড,প্যারাথাইরয়েড,এড্রেনাল,উত্তর নেই"
"393,মানব দেহে নিষেক প্রক্রিয়া কোথায় সংঘটিত হয়?,জরায়ু,ডিম্বনালি,ডিম্বাশয়,সারভিক্স,উত্তর নেই"
"394,প্রথম টেস্টটিউব বেবির নাম কী?,লুইস ব্রাউন,প্যাট্রিক স্ট্রেপটো,রবার্ট এডওয়ার্ড,হেনরি ওয়ার্টসন,উত্তর নেই"
"395,নিচের কোনটি মানুষের প্রাথমিক প্রতিরোধ ব্যবস্থা নয়?,লোম,লালা,ইন্টারফেরন,সিরুমেন,উত্তর নেই"
"396,নিচের কোনটি সেক্স-লিংকড ডিসঅর্ডার নয়?,লাল-সবুজ বর্ণান্ধতা,থ্যালাসেমিয়া,হিমোফিলিয়া,ডুশেনি মাসকুলার ডিস্ট্রফি,উত্তর নেই"
"397,মারসুপিয়াল স্তন্যপায়ী প্রাণী কোন মহাদেশে পাওয়া যায়?,এশিয়া,ইউরোপ,অস্ট্রেলিয়া,আফ্রিকা,উত্তর নেই"
"398,নিচের কোনটি দ্বিঅরীয় প্রতিসাম্য প্রাণীর উদাহরণ?,হাইড্রা,জেলিফিশ,টিনোফোরা,সী অ্যানিমন,উত্তর নেই"
"399,হাইড্রার খাদ্য নয় কোনটি?,সাইক্লপস,ড্যাফনিয়া,খণ্ডকায়িত প্রাণী,ছোট ঘাস,উত্তর নেই"
"400,ঘাসফড়িংয়ের রক্ত সংবহনতন্ত্রের অংশ নয় কোনটি?,হিমোসিল,সম্মুখ বাহিকা,পৃষ্ঠীয় বাহিকা,হিমোলিম্ফ,উত্তর নেই"
"401,স্ত্রী রুইমাছ ডিম পাড়ে কখন?,জানুয়ারি-মার্চ মাস,ফেব্রুয়ারি-মে মাস,জুন-আগস্ট মাস,সেপ্টেম্বর-জানুয়ারি মাস,উত্তর নেই"
"402,নিচের কোন হরমোনটি পাকস্থলীর হাইড্রোক্লোরিক অ্যাসিড নিঃসরণ নিয়ন্ত্রণ করে?,এন্টেরোকাইনিন,সিক্রেটিন,সোমাটোস্টাটিন,গ্যাস্ট্রিন,উত্তর নেই"
"403,নিচের কোনটি তৈরির প্রক্রিয়াকে এরিথ্রোপোয়েসিস বলে?,লোহিত রক্তকণিকা,অণুচক্রিকা,প্লাজমা,শ্বেত রক্তকণিকা,উত্তর নেই"
"404,হৃদ-ফুসফুস যন্ত্র (Heart-Lung Machine) কোন কাজে ব্যবহৃত হয়?,অ্যানজিওপ্লাস্টিতে,হৃৎপিণ্ডের বাইপাস সার্জারিতে,রক্তচাপ নিয়ন্ত্রণ করতে,পেসমেকার বসাতে,উত্তর নেই"
"405,হেনলির লুপের অবস্থান বৃক্কের কোথায়?,বৃক্কীয় নালিকায়,রেনাল করপাসলে,এফারেন্ট ধমনিকাতে,ইফারেন্ট ধমনিকাতে,উত্তর নেই"
"406,মানবদেহের করোটিকাতে কতগুলো অস্থি আছে?,12টি,17টি,৪টি,10টি,উত্তর নেই"
"407,পূর্ণ সংবেদী স্নায়ু নয় কোনটি?,অলফ্যাক্টরি স্নায়ু,ফেসিয়াল স্নায়ু,অডিটরি স্নায়ু,অপটিক স্নায়ু,উত্তর নেই"
"408,প্রাপ্তবয়স্ক মানুষের মস্তিষ্কে নিউরনের সংখ্যা কত?,১০ মিলিয়ন,১০ কোটি,১০ বিলিয়ন,১০ লক্ষ,উত্তর নেই"
"409,নিচের কোনটি মিশ্র গ্রন্থি নয়?,অগ্ন্যাশয়,শুক্রাশয়,ডিম্বাশয়,এড্রেনাল গ্রন্থি,উত্তর নেই"
"410,বুকের দুধে কোন ধরনের ইমিউনোগ্লোবিন (Ig) থাকে?,IgE,IgM,IgG,IgA,উত্তর নেই"
"411,""কনে হিমোফিলিয়া বাহক, বর সুস্থ, এদের সন্তানদের ক্ষেত্রে কোনটি মিথ্যা?"",পুত্রদের অর্ধেক সুস্থ হবে,পুত্রদের সবাই সুস্থ হবে,পুত্রদের অর্ধেক হিমোফিলিয়ায় আক্রান্ত হবে,কন্যাদের অর্ধেক বাহক হবে,উত্তর নেই"
"412,ফিলোসফিকা জুওলজিক' গ্রন্থের রচয়িতা কে?,ডারউইন,ল্যামার্ক,দ্য ভিস,ভাইজম্যান,উত্তর নেই"
"413,জুরাসিক সময়কাল বলা হয় কত আগের সময়কে?,১৫ কোটি বছর,সাড়ে ১৬ কোটি বছর,সাড়ে ১৩ কোটি বছর,২৫ কোটি বছর,উত্তর নেই"
"414,দ্রুত চলাচলের জন্য Hydra কোন চলন পদ্ধতি ব্যবহার করে?,Somersaulting,Looping,Crawling,Gliding,উত্তর নেই"
"415,কোনটি ঘাসফড়িং এর মস্তকের বহিঃকঙ্কালের অংশ নয়?,জেনা,এপিক্রেনিয়াম,ওসেলি,ভার্টেক্স,উত্তর নেই"
"416,রুই মাছের আঁইশের বৃদ্ধি কোন সময়ে বেশি হয়?,বর্ষাকালে,শরৎকালে,শীতকালে,বসন্তকালে,উত্তর নেই"
"417,মানুষের যকৃতের সবচেয়ে বড় খণ্ডাংশটি হলো-,বামখণ্ড,ডানখণ্ড,কডেট খণ্ড,কোয়াড্রেট খণ্ড,উত্তর নেই"
"418,কোনটি ক্ষুদ্রান্ত্রের অংশ নয়?,ডিওডেনাম,ইলিয়াম,এপেনডিক্স,জেজুনাম,উত্তর নেই"
"419,নিচের কোন BMI (Body Mass Index) অতিরিক্ত ওজন নির্দেশ করে?,18.5-24.9 Kg/m²,25.0-29.9 Kg/m²,30.0-34.9 Kg/m²,35.0 - 39.9 Kg/m²,উত্তর নেই"
"420,একজন ৬ বছরের বালিকার দাঁতের সংকেত (ICPM) কোনটি?,I2C1P2M3,I2C1P0M2,I2C2P1M0,I2C0P1M2,উত্তর নেই"
"421,কোনটি ক্ষুদ্রান্ত্রের অংশ নয়?,ডিওডেনাম,ইলিয়াম,এপেনডিক্স,জেজুনাম,উত্তর নেই"
"422,নিচের কোন BMI (Body Mass Index) অতিরিক্ত ওজন নির্দেশ করে?,18.5 – 24.9 Kg/m²,25.0 – 29.9 Kg/m²,30.0 - 34.9 Kg/m²,35.0 - 39.9 Kg/m²,উত্তর নেই"
"423,নিউক্লিয়াসবিহীন কোষ হলো-,লোহিত রক্তকণিকা,শ্বেত রক্তকণিকা,স্নায়ুকোষ,হৃদকোষ,উত্তর নেই"
"424,মানুষের স্বাভাবিক রক্ত ক্ষরণকাল-,৫-৭ মিনিট,১২-১৪ মিনিট,১-৪ মিনিট,৪০-৫৫ মিনিট,উত্তর নেই"
"425,একই সাথে শরীরে রক্তে অক্সিজেনের ঘনত্ব ও হৃৎস্পন্দনের পরিমাপক যন্ত্রের নাম কি?,থার্মোমিটার,স্ফিগমোম্যানোমিটার,পাল্সঅক্সিমিটার,ব্যারোমিটার,উত্তর নেই"
"426,হৃদযন্ত্রের রোগ নির্ণয়ে প্রাথমিক পরীক্ষা কোনটি?,এনজিওগ্রাম,লিপিড প্রোফাইল,ইসিজি,ইটিটি,উত্তর নেই"
"427,কৃত্রিম পেসমেকার যন্ত্রে কোন ব্যাটারি ব্যবহার করা হয়?,Ni-Cd ব্যাটারি,শুস্ক (Dry-cell),Li আয়ন ব্যাটারি,Li ব্যাটারি,উত্তর নেই"
"428,শ্বসন কেন্দ্র অবস্থিত কোথায়?,পনস,মধ্যমস্তিষ্ক,সেরিবেলাম,স্নায়ুরজ্জু,উত্তর নেই"
"429,কোনটি প্যারানাসাল সাইনাস নয়?,ফ্রন্টাল সাইনাস,ম্যাক্সিলারি সাইনাস,স্কেনয়ডাল সাইনাস,অক্সিপিটাল সাইনাস,উত্তর নেই"
"430,মানুষের কব্জিতে হাড়ের সংখ্যা কত?,৫টি,৮টি,৭টি,১০টি,উত্তর নেই"
"431,নিচের কোনটি মিনারেলোকোর্টিকয়েড হরমোনের কাজ নয়?,বৃক্কের NaCl ও পানি শোষণক্ষমতা বৃদ্ধি করা,রক্তের প্লাজমার পরিমাণ বৃদ্ধি করা,হৃৎক্রিয়া বৃদ্ধি করা,K⁺ রেচন হার বৃদ্ধি করা,উত্তর নেই"
"432,কোনটি মিশ্র গ্রন্থি?,প্যারোটিড,অগ্ন্যাশয়,সোয়েট,অশ্রু,উত্তর নেই"
"433,সিমেন তৈরির জন্য পিচ্ছিল পদার্থ ক্ষরণ করে কোন অঙ্গ?,সেমিনাল ভেসিকল,মূত্রাশয়,ভাস ডিফারেন্স,এপিডিডাইমিস,উত্তর নেই"
"434,ব্যাকটেরিয়া ধ্বংসে অ্যান্টিবডিকে সহায়তা করে কোনটি?,কমপ্লিমেন্ট সিস্টেম,ভ্যাক্সিন,ইন্টারফেরন,অণুচক্রিকা,উত্তর নেই"
"435,হোমোলোগাস ক্রোমোজোমের একটি লোকাসে দুটি জিন একত্রে থাকাকে কী বলে?,জিনোম,অ্যালিলোমর্ফ,ফিনোটাইপ,জিনোটাইপ,উত্তর নেই"
"436,জেলিফিশ কোন পর্বের প্রাণী?,নিডারিয়া,আর্থোপোডা,প্লাটিহেলমিনথেস,মোলাস্কা,উত্তর নেই"
"437,কোন প্রাণী অযৌন ও যৌন দুভাবেই প্রজনন সম্পন্ন করে?,রুই মাছ,হাইড্রা,ঘাসফড়িং,মৌমাছি,উত্তর নেই"
"438,ঘাসফড়িং এর অগ্রভাগের সরু ও শক্ত ডানাদ্বয়কে কী বলে?,স্টার্নাম,টার্সাস,ট্রক্যান্টার,টেগমিনা,উত্তর নেই"
"439,কোন ভিটামিন পানিতে দ্রবণীয়?,ভিটামিন A,ভিটামিন D,ভিটামিন B কমপ্লেক্স,ভিটামিন K,উত্তর নেই"
"440,পেপসিনের ক্ষেত্রে কোনটি সত্য নয়?,ইহা অগ্ন্যাশয় থেকে নিঃসৃত হয়,ইহা পাকস্থলী থেকে নিঃসৃত হয়,পরিপাকের জন্য ইহা অম্লীয় পরিবেশ সৃষ্টি করে,ইহা আমিষ পরিপাক শুরু করে,উত্তর নেই"
"441,কোনটি অদানাদার শ্বেত কণিকা?,নিউট্রোফিল,মনোসাইট,ইউসিনোফিল,বেসোফিল,উত্তর নেই"
"442,স্বাভাবিক অবস্থায় মানবদেহের রক্তের pH এর মান-,7.00,7.40,7.80,7.04,উত্তর নেই"
"443,নিচের কোনটি পালমোনারি সংবহনের অংশ নয়?,ডান নিলয়,বাম অলিন্দ,ফুসফুস,মহাধমনি,উত্তর নেই"
"444,কোন চক্রের মাধ্যমে যকৃতে ইউরিয়া তৈরি হয়?,ক্রেবস চক্র,নাইট্রোজেন চক্র,অরনিথিন চক্র,কার্বন চক্র,উত্তর নেই"
"445,নিচের কোনটি বক্ষ অস্থিচক্রের হাড়?,স্ফেনয়েড,ক্ল্যাভিকল,এথময়েড,পিউবিস,উত্তর নেই"
"446,মানুষের নবম জোড়া করোটিক স্নায়ুর নাম কী?,হাইপোগ্লোসাল,স্পাইনাল অ্যাকসেসরি,অ্যাবডুসেন্স,গ্লাসোফ্যারিঞ্জিয়াল,উত্তর নেই"
"447,মস্তিষ্কের কোন অংশে ক্ষুধা নিয়ন্ত্রণ কেন্দ্র অবস্থিত?,সেরেব্রাম,থ্যালামাস,হাইপোথ্যালামাস,সেরেবেলাম,উত্তর নেই"
"448,ডায়েনসেফালনের মধ্যস্থ গহবরটিকে কী বলে?,দ্বিতীয় ভেন্ট্রিকল,চতুর্থ ভেন্ট্রিকল,প্রথম ভেন্ট্রিকল,তৃতীয় ভেন্ট্রিকল,উত্তর নেই"
"449,পিউপিলের অবস্থান কোথায়?,রেটিনার পশ্চাতে,আইরিসের পশ্চাতে,আইরিসের মধ্যবর্তী স্থানে,কোরয়েডের নিচে,উত্তর নেই"
"450,মেলানিন রঞ্জকে রঞ্জিত স্তর কোনটি?,স্ক্লেরা,কোরয়েড,সিলিয়ারী বডি,সাসপেন্সরী লিগামেন্ট,উত্তর নেই"
"451,অগ্ন্যাশয়ের আলফা কোষ থেকে নিঃসৃত হয়—,প্যানক্রিয়াটিক পলিপেপটাইড,লাইপেজ,ইনসুলিন,গ্লুকাগন,উত্তর নেই"
"452,কোন গ্রন্থির ক্ষরণকাল আজীবন নয়?,সুপ্রারেনাল,পিনিয়াল,থাইমাস,টেসটিস,উত্তর নেই"
"453,নিচের কোনটি ভ্রূণীয় এক্টোডার্ম স্তর থেকে তৈরি হয়?,লোহিত কণিকা,থাইমাস,কেন্দ্রীয় স্নায়ুতন্ত্র,অস্থি সন্ধি,উত্তর নেই"
"454,মানুষের দেহকোষে কতটি অটোজোম থাকে?,২২টি,৪৪টি,৪৬টি,২৩টি,উত্তর নেই"
"455,নিচের কোনটির দ্বারা গনোরিয়া রোগ হয়?,ছত্রাক,ভাইরাস,ব্যাকটেরিয়া,প্রোটোজোয়া,উত্তর নেই"
"456,ভ্রান্ত সিলোমযুক্ত প্রাণীর পর্ব কোনটি?,Platyhelminthes,Nematoda,Arthropoda,Cnidaria,উত্তর নেই"
"457,হাইড্রার মুকুল কী কাজে ব্যবহৃত হয়?,অযৌন প্রজনন,পুনরুৎপত্তি,চলন,যৌন প্রজনন,উত্তর নেই"
"458,রক্তস্রোতে থাকা অতিরিক্ত গ্লুকোজ থেকে যকৃতে সঞ্চিত পলিস্যাকারাইড হলো-,সেলুলোজ,সুক্রোজ,স্টার্চ,গ্লাইকোজেন,উত্তর নেই"
"459,মাইক্রোভিলাইগুলো একত্রিতভাবে ক্ষুদ্রান্ত্রের উপরিভাগে কী সৃষ্টি করে?,ব্রাশ বর্ডার,মিউকোসাল ফোল্ড,লুমেন,পাইলোরিক স্ফিঙ্কটার,উত্তর নেই"
"460,স্থূলতার সহিত সম্পর্কযুক্ত রোগ কোনটি?,রক্তশূন্যতা,হাঁপানি,করোনারি হার্ট ডিজিজ,রেনাল ফেইলিওর,উত্তর নেই"
"461,ফুসফুসের গঠন ও কার্যগত একক-,ফুদ্রের গঠন,নিউরন,অ্যালভিওলাস,গ্লোমেরুলাস,উত্তর নেই"
"462,স্বাভাবিক মূত্রের বর্ণ হালকা হলুদ হয় কিসের উপস্থিতিতে?,বিলিভারডিন,ইউরোক্রোম,বিলিরুবিন,অ্যামোনিয়া,উত্তর নেই"
"463,নিচের কোনটি ক্লাভিকলের বৈশিষ্ট্য?,এটি একটি বাঁকানো অস্থি,একপ্রান্ত হিউমারাসের সাথে যুক্ত থাকে,এটি একটি খাঁটো অস্থি,এটি অস্থির মজ্জা গহবর আছে,উত্তর নেই"
"464,চলনের সময় হাঁটুকে ভাঁজ করে কোন মাংসপেশী?,ট্রাইসেপস,রেকটাস ফিমোরিস,বাইসেপস ফিমোরিস,ডেল্টয়েড,উত্তর নেই"
"465,মেরুদন্ডের এটলাস ও এক্সিসের মধ্যবর্তী অস্থিসন্ধি কোনটি?,গমফোসিস,কব্জা,কীলক,স্যাডেল,উত্তর নেই"
"466,মোটর প্রকৃতির স্নায়ু কোনটি?,হাইপোগ্লোসাল,ফেসিয়াল,ভেগাস,অপথ্যালমিক,উত্তর নেই"
"467,সন্তান প্রসবে কোন হরমোন সাহায্য করে?,অক্সিটোসিন,অক্সিন,টেস্টোস্টেরন,গোনাডোট্রপিন,উত্তর নেই"
"468,মায়ের দুধে কি ধরনের প্রতিরক্ষা থাকে?,প্রাকৃতিক সক্রিয়,প্রাকৃতিক অক্রিয়,কৃত্রিম সক্রিয়,কৃত্রিম অক্রিয়,উত্তর নেই"
"469,অ্যান্টিবডি ক্ষরণ করে কোন কোষ?,T-cell,cell,প্লাজমা কোষ,ম্যাক্রোফেজ কোষ,উত্তর নেই"
"470,সর্বপ্রথম ভ্যাক্সিন কত সালে আবিষ্কৃত হয়?,1796,1856,1789,1956,উত্তর নেই"
"471,কোনটি সেক্স লিংকড ডিসঅর্ডার নয়?,ডায়াবেটিক ম্যালিটাস,হিমোফিলিয়া,বর্ণান্ধতা,সবগুলো,উত্তর নেই"
"472,কোয়াগুলেশন ফ্যাক্টর কোনটির অভাবে হিমোফিলিয়া হয়?,VI ফ্যাক্টর,V ফ্যাক্টর,VIII ফ্যাক্টর,VII ফ্যাক্টর,উত্তর নেই"
"473,সপ্তম করোটিক স্নায়ু কোনটি?,অলফ্যাকটোরি,অপটিক,ফেসিয়াল,অডিটরী,উত্তর নেই"
"474,মানুষের রেসপিরেটরি সেন্টার কোনটিতে থাকে?,সেরিবেলাম,মেডুলা অবলাংগাটা,মস্তিষ্ক,পনস,উত্তর নেই"
"475,গলগন্ড রোগ হয় কোনটির অভাবে?,Zink,Iron,Iodin,Calcium,উত্তর নেই"
"476,ট্রপিক হরমোন কোনটি?,MSH,CSH,TSH,KSH,উত্তর নেই"
"477,এপিডিডাইমিস এর দৈর্ঘ্য কত?,20ft,15ft,10ft,5ft,উত্তর নেই"
"478,জাতীয় পাখির বৈজ্ঞানিক নাম কী?,Labeo Rohita,Allium cepa,Copsychus saularis,Oryza sativa,উত্তর নেই"
"479,হাইড্রা কোন পর্বের প্রাণী?,নিডারিয়া,একাইনোডার্মাটা,কর্ডাটা,মলাস্কা,উত্তর নেই"
"480,ঘাসফড়িং এর পুঞ্জাক্ষিতে কতটি ওমাটিডিয়াম রয়েছে?,1200-1800,500-600,1000,900,উত্তর নেই"
"481,নিষ্ক্রিয় ট্রিপসিনোজেন কে সক্রিয় ট্রিপসিনে পরিণত করে কে?,পিত্তরস,অগ্ন্যাশয় রস,HCl,কার্বোহাইড্রেট,উত্তর নেই"
"482,""চিকিৎসাবিদ্যার কোন শাখায় স্থূলতার কারণ, প্রতিরোধ ও চিকিৎসা সম্বন্ধে আলোচনা করা হয়?"",Obesity,Geriatrics,Bariatrics,Pediatrics,উত্তর নেই"
"483,কোন প্রাণীর লোহিত কণিকায় নিউক্লিয়াস থাকে?,নীল তিমি,বাদুর,উট,মানুষ,উত্তর নেই"
"484,বাম অলিন্দ ও বাম নিলয়ের ছিদ্রপথে কোন কপাটিকা থাকে?,মাইট্রাল কপাটিকা,বাইকাসপিড কপাটিকা,ট্রাইকাসপিড কপাটিকা,কোনোটিই নয়,উত্তর নেই"
"485,মানবদেহের স্বাভাবিক ডায়াস্টলিক চাপ কত?,60-90,70,50,10,উত্তর নেই"
"486,শ্বসনতন্ত্রের উৎপত্তি কোথা থেকে হয়?,Endoderm,Ectoderm,Mesoderm,Teloderm,উত্তর নেই"
"487,কোনটি Larynx এর Cartilage নয়?,Thyroid,Cocloyed,Cricoid,Epiglottis,উত্তর নেই"
"488,কোষের অন্তঃশ্বসন কোথায় হয়?,কোষের বাইরে,কোষ প্রাচীরে,কোষের মধ্যে,কোষের চারপাশে,উত্তর নেই"
"489,করোটিকার অস্থি কয়টি?,12,4,8,20,উত্তর নেই"
"490,শোষিত খাদ্যবস্তুর প্রোটোপ্লাজমে রূপান্তরকে বলে-,পরিপাক,শোষণ,আত্তীকরণ,অধিশোষণ,উত্তর নেই"
"491,স্নেহজাতীয় পদার্থকে ফ্যাটি অ্যাসিড ও গ্লিসারলে পরিণত করে কোন এনজাইম?,টায়ালিন,লাইপেজ,পেপসিন,রেনিন,উত্তর নেই"
"492,রক্তের pH নির্ভর করে যার উপর-,এন্টিজেন,বাফার,রক্তের গ্রুপ,এন্টিবডি,উত্তর নেই"
"493,নিম্নের কোন অঙ্গে লোহিত কণিকা ধ্বংস হয়?,প্লীহা,যকৃত,পাকস্থলী,বৃক্ক,উত্তর নেই"
"494,নিম্নের কোনটি শরীরের অণুপ্রবেশিত জীবাণু ধ্বংস করার প্রক্রিয়া?,অটোলাইসিস,অটোফ্যাগি,পিনোসাইটোসিস,ফ্যাগোসাইটোসিস,উত্তর নেই"
"495,নিম্নের কোনটি রক্ত জমাট বাঁধার মূল উপাদান নয়?,ফিব্রিনোজেন,প্রোথ্রোম্বিন,অ্যালবুমিন,Ca,উত্তর নেই"
"497,নিউক্লিয়াস বিশিষ্ট লোহিত কণিকা কোন প্রাণীতে থাকে?,আরশোলায়,গিনিপিগে,ব্যাঙে,মানুষে,উত্তর নেই"
"498,কণিকাবিহীন রক্তের জলীয় অংশকে বলে-,লসিকা,প্লাজমা,গ্লোবিন,সিরাম,উত্তর নেই"
"499,মানবদেহে রোগ প্রতিরোধক হিসাবে কাজ করে কোনটি?,হিমোগ্লোবিন,শ্বেতকণিকা,লোহিত কণিকা,অনুচক্রিকা,উত্তর নেই"
"500,নিম্নের কোন কোষটি হেপারিন নিঃসরণ করে?,নিউট্রোফিল,বেসোফিল,ইউসিনোফিল,লিম্ফোসাইট,উত্তর নেই"
"501,নিম্নের উল্লেখিত কয়টি ফ্যাক্টর রক্ত জমাট বাধার প্রক্রিয়ায় অংশগ্রহণ করে?,10,11,12,13,উত্তর নেই"
"502,লোহিত রক্তকণিকার উৎপত্তিস্থল নয়-,অস্থি মজ্জা,হৃদপিণ্ড,যকৃত,প্লীহা,উত্তর নেই"
"503,লাল অস্থিমজ্জায় তৈরি হয়-,লোহিত রক্তকণিকা,শ্বেত রক্তকণিকা,অণুচক্রিকা,সবকটি,উত্তর নেই"
"504,হৃদপিন্ডের ডান অলিন্দ ও ডান নিলয়ের সংযোগ স্থলের কপাটিকার নাম-,মাইট্রাল কপাটিক,ট্রাইকাসপিড কপাটিকা,পালামোনারী কপাটিকা,অ্যাওর্টিক কপাটিকা,উত্তর নেই"
"505,মাইট্রাল কপাটিকা নিম্নে উল্লেখিত কোথায় অবস্থিত?,এওর্টার ছিদ্রমুখে,বাম অলিন্দ-নিলয় ছিদ্রমুখে,ডান অলিন্দ-নিলয় ছিদ্রমুখে,ডান ও বাম নিলয়ের গোড়ায়,উত্তর নেই"
"506,নিম্নের কোন শ্বেতকণিকার নিউক্লিয়াসটি দুই লোব বিশিষ্ট?,নিউট্রোফিল,ইউসিনোফিল,মনোসাইট,লিম্ফোসাইট,উত্তর নেই"
"507,নিলয়ের ডায়াস্টলের সময় নিম্নের কত সেকেন্ড?,0.1,0.3,0.5,0.7,উত্তর নেই"
"508,নিম্নের কোনটি সঠিক নয়?,""কার্ডিয়াক চক্রের সময়কাল, হৃদপিন্ডের স্পন্দনের সমাণুপাতিক"",কৈশিকজালক থেকে শিরার উৎপত্তি,লসিকা দেহের কিছু কিছু স্থানে রক্তের পরিবর্তে হিসাবে কাজ করে,শিরায় রক্তচাপ কম থাকে,উত্তর নেই"
"509,নিম্নের কোন তথ্যটি সঠিক নয়?,হৃদপিন্ডের বাম অলিন্দ থেকে পালমোনারী ধমনী উৎপন্ন হয়,পালমোনারী ধমনীর প্রবেশ মুখে একটা অর্ধচন্দ্রাকৃতি কপাটিকা থাকে,পালমোনারী শিরা ফুসফুস থেকে অক্সিজেনযুক্ত রক্ত নিয়ে হৃদপিন্ডে ফিরে আসে,মানুষের রক্তসংবহতন্ত্রে দ্বিচক্রীয় সংবহন দেখা যায়,উত্তর নেই"
"510,সিস্টোলিক এবং ডায়াস্টলিক প্রেসারের পার্থক্যকে বলা হয়-,পালস্ প্রেসার,মিল প্রেসার,বেসাল প্রেসার,পরিস্রাবণ প্রেসার,উত্তর নেই"
"511,নিম্নের কোনটি হৃৎপিন্ডের সংবহন তন্ত্রের অংশ নহে?,পেস মেকার,মায়োকার্ডিয়াম,বান্ডেল অব হিজ,পারকিনজি তন্তু,উত্তর নেই"
"512,নিম্ন প্রদত্ত কোন ধমনিটির উৎপত্তি এ্যাওর্টার বাঁক থেকে হয় না?,বাম সাধারণ ক্যারোটিকড,ইনোমিনেট,বামস বিক্রেভিয়ান,ডান সাধারণ ক্যারোটিড,উত্তর নেই"
"513,নিম্নের কোনটি হৃদপিণ্ডকে বিভিন্ন প্রকোষ্ঠে বিভক্ত করে?,এপিকার্ডিয়াম,পেরিকার্ডিয়াম,এন্ডোকার্ডিয়াম,মায়োকার্ডিয়াম,উত্তর নেই"
"514,সিলিয়াক ধমনী নিম্নের কোন অঙ্গে রক্ত সরবরাহ করে না?,পাকস্থলী,বৃক্ক,প্লীহা,যকৃত,উত্তর নেই"
"515,শিরার জন্য কোন তথ্যটি সঠিক নয়?,লুমেন বড়,সাধারণত কার্বনডাই অক্সাইড সমৃদ্ধ রক্ত দেহের বিভিন্ন অংশ থেকে হৃদপিন্ডে বহন করে নিয়ে আসে,শিরাপ্রাচীর তিন স্তরে গঠিত,প্রাচীর স্থিতিস্থাপক,উত্তর নেই"
"516,মানব শিরাতন্ত্রে নিম্নের কোনটি অনুপস্থিত?,পোর্টাল,করোনারি,পালমোনারি,সিস্টেমিক,উত্তর নেই"
"517,ধমনীর ক্ষেত্রে নীচের কোনটির প্রযোজ্য?,উৎসস্থল কৈশিক জালিকা,সমাপ্তিস্থল হৃদপিন্ড,কপাটিকা আছে,রক্ত সাধারণত হৃৎপিন্ড থেকে দেহের বিভিন্ন অংশে পরিবাহিত হয়,উত্তর নেই"
"518,নিম্নের কোন তথ্যটি লসিকাতন্ত্র সম্পর্কে সত্য নয়?,প্রকৃতপক্ষে লসিকা এক ধরনের পরিবর্তিত কলারস,কলা থেকে কলারসের প্রায় ১০ শতাংশ লসিকা দ্বারা অপসৃত হয়,লসিকায় অনেক অণুচক্রিকা থাকে,লসিকাগ্রন্থি অ্যান্টিবডি তৈরি করে,উত্তর নেই"
"519,লসিকা সম্বন্ধে কোনটি সঠিক নয়?,লোহিত কণিকা থাকে না,লসিকা নালিতে চলাচল করে,লসিকা স্বচ্ছ,লসিকাতে অণুচক্রিকা আছে,উত্তর নেই"
"520,লসিকার আপেক্ষিক গুরুত্ব কত?,১.০১২,১.০১৪,১.০১৩,১.০১৫,উত্তর নেই"
"521,শ্বসনতন্ত্র সম্পর্কে নিচের কোন তথ্যটি সঠিক নয়?,ব্যাপন প্রক্রিয়ায় অক্সিজেন বায়ুথলি থেকে কৈশিক নালির রক্তে প্রবেশ করে।,ফুসফুসের কৈশিক নালিতে অক্সিজেন রক্তের হিমোগ্লোবিনের সঙ্গে বিক্রিয়া করে স্থায়ী যৌগ অক্সিহিমোগ্লোবিন তৈরি করে।,উপজিহ্বা শ্বাসনালিতে খাদ্যদ্রব্য প্রবেশে বাধা দান করে।,প্রশ্বাসের সময় ফুসফুস প্রসারিত হয়।,উত্তর নেই"
"522,স্বরতন্ত্রীর অবস্থান হচ্ছে-,গলবিল,ট্রাকিয়া বা শ্বাসনালি,নাসাগহ্বর,ল্যারিংক্স,উত্তর নেই"
"523,ব্রঙ্কিয়াল নালীগুলোর কোনটি সঠিক পর্যায়ক্রম?,মুখ্য ব্রংকাই- ব্রঙ্কিওল- গৌণ ব্রঙ্কাই- শ্বসন ব্রঙ্কিওল- প্রান্তীয় ব্রঙ্কিওল- অ্যালভিওলার থলি- অ্যালভিওলার নালী- অ্যালভিওথলি,মুখ্য ব্রংকাই- ব্রঙ্কিওল- গৌণ ব্রঙ্কাই- শ্বসন ব্রঙ্কিওল- প্রান্তীয় ব্রঙ্কিওল- অ্যালভিওলার নালী- অ্যালভিওলার থলি- অ্যালভিওলি,মুখ্য ব্রংকাই- গৌণ ব্রঙ্কাই- ব্রঙ্কিওল- শ্বসন ব্রঙ্কিওল- প্রান্তীয় ব্রঙ্কিওল- অ্যালভিওরার নালী- অ্যালভিওলার থলি- অ্যালভিওলি,মুখ্য বঙ্কাই- গৌণ ব্রঙ্কাই- ব্রঙ্কিওল- প্রান্তীয় ব্রঙ্কিওল- শ্বসন ব্রঙ্কিওল- অ্যালভিওলার নালী- অ্যালভিওলার থলি- অ্যালভিওলি,উত্তর নেই"
"524,নিচের কোন উক্তিটি সত্য নয়?,আরশোলার ভ্রূনোত্তর রূপান্তরের দুই খোলস মোচনের অন্তর্বর্তী কালকে স্টেডিয়াম বলে,মেদকলা দেহের সুষম আকৃতি দানে সাহায্য করে,মানব দেহের ডান ফুসফুস দুই খন্ডবিশিষ্ট এবং বাম ফুসফুস তিন খন্ডবিশিষ্ট,হাইড্রার সিলোম সিলোমিক পাউচ থেকে উৎপত্তি লাভ করে,উত্তর নেই"
"525,ফুসফুসের ক্ষেত্রে নিম্নের কোনটি সঠিক?,ডান ফুসফুসটি তিন খন্ডে বিভক্ত এবং বাম ফুসফুসটি দুই খন্ডে বিভক্ত,ডান ফুসফুসটি দুই খন্ডে বিভক্ত এবং বাম ফুসফুসটি তিনটি খন্ডে বিভক্ত,ডান ফুসফুসটি চারটি খন্ডে বিভক্ত এবং বাম ফুসফুসটি খন্ডে বিভক্ত,কোনটিই ঠিক নয়।,উত্তর নেই"
"526,সিলিয়াযুক্ত এপিথেলিয়াম কোথায় পাওয়া যায়?,মূত্রনালীতে,শ্বাসনালীতে,পাকস্থলীতে,ক্ষুদ্রান্তে,উত্তর নেই"
"527,নিম্নের কোন তথ্যটি সঠিক নয়?,উপজিহ্বা খাদ্যদ্রব্য শ্বাসনালীতে প্রবেশে বাধা দান করে,প্রশ্বাসের সময় ফুসফুস প্রসারিত হয়,ব্যাপন প্রক্রিয়ায় অক্সিজেন বায়ুথলি থেকে কৈশিকনালীর রক্তে প্রবেশ করে,ফুসফুসের কৈশিক নালীতে অক্সিজেন রক্তের হিমোগ্লোবিনের সঙ্গে বিক্রিয়া করে স্থায়ী যৌগ অক্সিহিমোগ্লোবিন তৈরি করে,উত্তর নেই"
"528,ব্রঙ্কিওল শেষ হয়-,বোম্যান্স ক্যাপসিউল,গ্রটিস,ইউস্টেশিয়ন নালী,অ্যালভিওলাইতে,উত্তর নেই"
"529,কোনটি মানব দেহের শ্বসনের জন্য সঠিক নয়?,ফুসফুসের কৈশিক জালিকায় দেহ থেকে আগত রক্তে অক্সিজেনের চাপ থাকে 107 mm Hg,গ্লাইকোলাইসিসের জন্য প্রয়োজনীয় এনজাইমগুলো মাইটোকন্ড্রিয়ার বাইরে সাইটোসলের মধ্যে পাওয়া যায়,অন্তঃশ্বসন একটি জৈব রাসায়নিক প্রক্রিয়া,বহিঃশ্বসন প্রক্রিয়ায় শক্তি উৎপন্ন হয় না,উত্তর নেই"
"530,পূর্ণ বয়স্ক সুস্থ মানুষের বিশ্রামকালে প্রতিমিনিটে শ্বসনের হার?,১৫-২০ বার,২০-২৪ বার,১৬-২০ বার,১৪-১৮ বার,উত্তর নেই"
"531,আজকাল অধিক হারে শ্বাস-কষ্ট রোগের জন্য কোনটি দায়ী?,SO₂,CO,NO₂,CaSO₃,উত্তর নেই"
"532,ফুসফুসের ক্যান্সারের জন্য দায়ী-,SiO₂,CO₂,MnO₂,H₂S,উত্তর নেই"
"533,নিম্নের কোনটি বৃক্কের কাজ নয়?,দেহ থেকে নাইট্রোজেন যুক্ত বর্জ্য পদার্থ অপসারণ করা,শ্বেত রক্তকণিকা তৈরিতে ভূমিকা রাখা,রক্তে অম্ল-ক্ষারের সমতা রক্ষা করা,দেহে পানির সমতা রক্ষা করা,উত্তর নেই"
"534,মানুষের রেচনতন্ত্রের সাহায্যে দেহের প্রায় কত শতাংশ রেচিত হয়?,৭০,৮০,৯০,১০০,উত্তর নেই"
"535,কোনটি মানবদেহের রেচন/রেচনতন্ত্র এর জন্য সঠিক নয়?,মূত্র দুইটি ধাপে সৃষ্টি হয়ঃ অতিপরিস্রাবণ ও সক্রিয় ক্ষরণ,নাইট্রোজেনজাত বর্জ্য পদার্থই হচ্ছে রেচন পদার্থ,মানুষের প্রত্যেক বৃক্কে ১০লক্ষ থেকে ১২লক্ষ নেফ্রন রয়েছে,সাধারণত মূত্রের pH কিছুটা আম্লিক,উত্তর নেই"
"536,বৃক্কের কাজ নয় কোনটি?,রক্তচাপ নিয়ন্ত্রন,দেহে পানির ভারসাম্য রক্ষা,রক্তে অম্লের পরিমান বৃদ্ধি করা,ভিটামিন ডি ও লোহিত কণিকা তৈরীতে অংশ নেয়া,উত্তর নেই"
"537,নিম্নের কোনটি বৃক্ক সম্পর্কে সঠিক নয়?,অসমোরেগুলেশনের প্রধান অঙ্গ হচ্ছে বৃক্ক,বৃক্কে অ্যামোনিয়া থেকে ইউরিয়া উৎপন্ন হয়,ADH এর প্রভাবে পানির পুনঃশোষণ বেশি হয়,সক্রিয় পরিবহণ পদ্ধতিতে গ্লুকোজ শোষিত হয়,উত্তর নেই"
"538,রেচনতন্ত্রের নিচের কোনটি ইউরেটার নামক নালি গঠন করে?,ডাক্ট অব বেলিনি,সংগ্রাহক নালিকা,ডিস্টাল নালিকা,হেনলির লুপ,উত্তর নেই"
"539,লুপ অফ হেন্সি শরীরের নিম্নলিখিত কোন অঙ্গের অংশ?,যকৃত,বৃক্ক,প্লীহা,হৃৎপিন্ড,উত্তর নেই"
"540,নিম্নের কোন তথ্যটি নেফ্রনের জন্য প্রযোজ্য হবে?,সরল প্রক্রিয়ায় দেহ থেকে নাইট্রোজেন বর্জ্য পৃথক করে,প্রত্যেক বৃক্কে 10 কোটি নেফ্রন থাকে,ভ্রুনীয় এক্টোডার্ম থেকে সৃষ্ট,ক্রনীয় মেসোডার্ম থেকে সৃষ্ট,উত্তর নেই"
"541,প্রতিটি বৃক্কে নেফ্রন থাকে-,প্রায় ৮ থেকে ৯ লক্ষ,প্রায় ১২ থেকে ১৪ লক্ষ,প্রায় ১০ থেকে ১২ লক্ষ,প্রায় ১৩ থেকে ১৫ লক্ষ,উত্তর নেই"
"542,কোন অংশটি রেনাল টিউব্যুল এর অংশ নয়?,গোড়াদেশীয় বা প্রক্সিমাল প্যাঁচানো নালিকা,প্রান্তীয় বা ডিস্টাল প্যাঁচানো নালিকা,হেনলি-র লুপ,অ্যাফারন্ট আর্টারিওল,উত্তর নেই"
"543,নেফ্রন কোনটির একক-,বৃক্ক,যকৃত,শুক্রাশয়,অগ্নাশয়,উত্তর নেই"
"544,গ্লোমেরুলাসের কাজ হল-,নিঃসরণ,পরিস্রাবণ,শোষণ,নিয়ন্ত্রণ,উত্তর নেই"
"545,বৃক্কে বিদ্যমান-,নেফ্রন,নিউরন,মূত্রথলি,ল্যাঙ্গারহ্যান্স এর দ্বীপপুঞ্জ,উত্তর নেই"
"546,প্রক্সিমাল প্যাঁচানো নালিকায় নিম্নের কোনটির সক্রিয় ক্ষরণ হয়?,ভিটামিন,ক্রিয়েটিনিন,অ্যামিনো এসিড,ক্লোরাইড আয়ন,উত্তর নেই"
"547,মূত্রের উপাদান নয় কোনটি?,ক্রিয়েটিনিন,ইউরিক এসিড,বিলিরুবিন,ইউরোক্রোম,উত্তর নেই"
"548,মানুষের গ্লোমেরুলাসে পরিদ্রুত মূত্র ADH এর প্রভাব ছাড়া নিম্নের (%) কতভাগ পুনঃশোষণ প্রক্রিয়ায় নেফ্রনের প্রক্সিমাল প্যাঁচানো নালিকায় শোষিত হয়?,20,40,60,80,উত্তর নেই"
"549,কোন ধাপটি মূত্র সৃষ্টির জন্য প্রয়োজন নয়?,সক্রিয় ক্ষরণ,নির্বাচনমূলক পুণঃশোষণ,শোষণ,অতিপরিস্রবণ,উত্তর নেই"
"550,কোন রঞ্জক পদার্থের জন্য মূত্র তার স্বাভাবিক খড় রং প্রাপ্ত হয়?,ক্রিয়েটিনিন,ইউরিক অ্যাসিড,ইউরোক্রোম,বিলিরুবিন,উত্তর নেই"
"551,মূত্র তৈরি হয় কোথায়?,যকৃত,প্লীহা,বৃক্ক,মূত্রথলি,উত্তর নেই"
"552,স্ফেনয়েড অস্থি কঙ্কালের কোন অংশে থাকে?,করোটিকা,মুখমন্ডল,পেক্টোরাল গার্ডল,মেরদন্ড,উত্তর নেই"
"553,কোনটি মানবদেহের টার্সাল অস্থির অন্তর্ভূক্ত নয়?,ক্যালকেনিয়াস,কুনিফর্ম,ট্রাপেজিয়াম,কিউবয়েড,উত্তর নেই"
"554,নিম্নলিখিত কয়টি অস্থি নিয়ে মানব করোটি গঠিত?,31,21,27,29,উত্তর নেই"
"555,মানুষের গ্রীবাদেশীয় কশেরুকার নিম্নের কোনটির নাম অ্যাক্সিস?,প্রথম,দ্বিতীয়,ষষ্ঠ,সপ্তম,উত্তর নেই"
"556,নিম্নের কোনটি মানুষের মুখমন্ডলীর অস্থি?,প্যারাইটাল,স্ফেনয়েড,ভোমার,এথময়েড,উত্তর নেই"
"557,করোটিকার অস্থি নয় কোনটি?,ফ্রন্টাল অস্থি,প্যারাইটাল অস্থি,হাইঅয়েড অস্থি,এথময়েড অস্থি,উত্তর নেই"
"558,গ্লেনয়েড গহ্বর কোথায় থাকে?,অগ্রপদে,পশ্চাৎপদে,শ্রোণীচক্রে,আদর্শ কশেরুকায়,উত্তর নেই"
"559,হিউমেরাস কোন অস্থিটিকে বলা হয়?,অগ্রপদের অস্থি,হাতের অস্থি,বাহুর অস্থি,পায়ের অস্থি,উত্তর নেই"
"560,ফিমার কোন অস্থিটিকে বলা হয়?,বাহুর অস্থি,হাতের অস্থি,উরুর অস্থি,পায়ের অস্থি,উত্তর নেই"
"561,উপরের চোয়াল যে ধরনের অস্থি?,খাটো বা ক্ষুদ্র অস্থি,অনিয়ত অস্থি,চাপা অস্থি,বায়ুপূর্ণ অস্থি,উত্তর নেই"
"562,কোনটি মানবদেহের করোটির অস্থি?,ভোমার,টেমপোরাল,টিবিয়া ও ফিবুলা,ইশ্চিয়াম,উত্তর নেই"
"563,মুখমণ্ডলীয় অস্থির সংখ্যা নিচের কোনটি?,8,12,14,16,উত্তর নেই"
"564,নিম্নের কোনটিতে তরুণাস্থি নাই?,বহিঃকর্ণের পিনা,নাকের অন্তস্থিত বিভক্তি দেয়াল,স্বরথলি,মুত্রথলি,উত্তর নেই"
"565,গোড়ালার পেশা নিম্নের কোনটি?,ডিজিটোরাম লঙ্গাস,গ্যাস্ট্রকনেমিয়াস,এক্সটেনসর ডিজিটোরাম,কোয়াড্রিসেপস্,উত্তর নেই"
"566,নিম্নের কোন তথ্যটি সঠিক?,দশম পর্ষকাকে ভাসমান পর্ষকা বলে,টেন্ডন পেশীকে অস্থির সঙ্গে সংযুক্ত রাখে,HCI নিষ্ক্রিয় আন্ত্রিক পেপসিনোজেনকে সক্রিয় পেপসিনে পরিণত করে,মানুষের ক্ষেত্রে মেলাটোনিন সক্রিয় থাকে,উত্তর নেই"
"567,নিম্নে উল্লেখিত কোন অঙ্গে স্থিতিস্থাপক তরুণাস্থি থাকে?,বহিঃকর্ণ,শ্বাসনালী,হিউমেরাস,স্বরযন্ত্র,উত্তর নেই"
"568,সিমফাইসিস নিম্নের কোন অস্থি সন্ধি?,কন্ডাইলয়েড,অন্তময়,তরুণাস্থিময়,সাইনোভিয়াল,উত্তর নেই"
"569,ম্যাট্রিক্সের গঠনের উপর ভিত্তি করে যেটি তরুণাস্থির প্রকারভেদে পড়বে না-,ক্যালসিফাইড,স্পঞ্জি,স্বচ্ছ,স্থিতিস্থাপক,উত্তর নেই"
"570,মানবদেহের সাইনোভিয়াল অস্থিসন্ধি নয় কোনটি?,কন্ডাইলয়েড,স্যাডল,হিঞ্জ,সিমফাইসিস,উত্তর নেই"
"571,চলনের সময় পায়ের কোন পেশি সংকোচন এর ফলে গোড়ালির অস্থিটিতে চাপ পড়ে ফলে গোড়ালি মাটি থেকে উত্থিত হয়?,ট্রাপিজিয়াস,সোলিয়াস,রেকটাস,গ্লুটিয়াস,উত্তর নেই"
"572,নিম্নের কোন অস্থিতে মজ্জা গহ্বর নাই?,ইশ্চিয়াম,স্টার্নাম,কারপাল,ক্ল্যাভিকল,উত্তর নেই"
"573,দাঁত ও চোয়াল কোটরের মধ্যস্থিত সন্ধি নিম্নের কোনটি?,গমফোসিস,সিনডেসমোসিস,সমতল,উপবৃত্তাকার,উত্তর নেই"
"574,ঐচ্ছিক পেশী পাওয়া যায়-,হৃদপিন্ডের প্রাচীরে,বৃক্কের প্রাচীরে,পৌষ্টিক নালীর,কঙ্কালতন্ত্রের গায়ে,উত্তর নেই"
"575,নিম্নের কোনটিতে ঐচ্ছিক পেশী থাকে না?,চোখ,জিহ্বা,জরায়ু,হাত,উত্তর নেই"
"576,নিম্নের কোন তথ্যটি সঠিক নয়?,তরুণাস্থির ম্যাট্রিক্সে কন্ড্রিন থাকে,যোজক কলা মেসোডার্ম নামক ভ্রূণস্তর থেকে উৎপন্ন হয়,ফাইব্রোব্লাস্ট শ্বেততন্ত্র উৎপাদনে সহায়তা করে,হৃদপেশী ঐচ্ছিক পেশী,উত্তর নেই"
"577,নিম্নের কোনটি হৃদপেশীর বৈশিষ্ট্য নয়?,পেশী তন্ত্র শাখান্বিত,নিউক্লিয়াস একাধিক এবং একপাশে থাকে,ডোরা বিশিষ্ট,প্রকৃতি অনৈচ্ছিক,উত্তর নেই"
"578,নিম্নের কোন তথ্যটি সঠিক?,ফ্যাগোসাইটোসিস প্রক্রিয়ায় জীবাণু ধ্বংস করে না,হৃদপেশি এক ধরনের অনৈচ্ছিক পেশি,একটিন ও মায়োসিন নামক লিপিড দ্বারা মায়োফাইব্রিল গঠিত,মায়োলিনযুক্ত নিউরনের এক্সনে র ্যানভিয়ার পর্ব থাকে না,উত্তর নেই"
"579,হিউমেরাসের বাইসিপেটাল গ্রুভে যে পেশিটির প্রান্তীয় অবস্থান রয়েছে-,বাইসেপস,ট্রাইসেপস,ডেলটয়েড,পেকটোরালিস মেজর,উত্তর নেই"
"580,যেটি স্নায়ুতন্ত্রের সঙ্গে সম্পর্কিত নয়-,রেটিনা,এপিনেফ্রিন,মেলানিন,গ্লাইসিন,উত্তর নেই"
"581,কোন এনজাইম স্নায়ু উদ্দীপনা পরিবহনে গুরুত্বপূর্ণ ভূমিকা পালন করে?,অ্যাসিটাইলকোলিন এস্টারেজ,মেটালোপ্রোটিন কাইনেজ,ক্ষারীয় ফসফাটেজ,লাইসোজাইম,উত্তর নেই"
"582,নিম্নের কোনটি দেহের ভারসাম্য রক্ষায় ভূমিকা রাখে না?,অন্তকর্ণ,সেরিবেলাম,হাইপোথ্যালামাস,ভেস্টিবুলার স্নায়ু,উত্তর নেই"
"583,নিম্নের কোন করোটিক স্নায়ু চোয়ালের সঞ্চালনে সাহায্য করে?,ট্রাইজেমিনাল,ফেসিয়াল,হাইপোগ্লোসাল,গ্লাসোফ্যারিঞ্জিয়াল,উত্তর নেই"
"584,নিম্নের কোন স্নায়ু ঘ্রাণের সঙ্গে জড়িত?,অলফ্যাক্টরি,গ্লসোফ্যারিঞ্জিয়াল,হাইপোগ্লোসাল,অডিটরি,উত্তর নেই"
"585,নিম্নের কোনটি সঠিক নয়?,ভেস্টিবুলার স্নায়ু মানুষকে শ্রবণে সাহায্য করে,অনালী গ্রন্থির রস রক্ত দ্বারা পরিবাহিত হয়,গ্লুকোকটিকয়েড হরমোন অ্যাডরেনাল কর্টেক্স থেকে নিঃসৃত হয়,রেডিয়াস এবং আলনার সন্ধি একটি সাইনোভিয়াল সন্ধি,উত্তর নেই"
"586,নিম্নের কোনটি সঠিক নয়?,অডিটরি স্নায়ু চেষ্টীয় ভারসাম্য নিয়ন্ত্রনের,কনজাংটিভা চোখকে ধুলাবলি থেকে রক্ষা করে,কর্ণিয়া ও আইরিসের মধ্যবর্তী সম্মুখ প্রকোষ্ঠ অ্যাকুয়াস হিউমারে পূর্ণ থাকে,করোটিক স্নায়ু ১২ জোড়া,উত্তর নেই"
"587,কোন তথ্যটি ফেসিয়াল স্নায়ুর জন্য সঠিক নয়?,কাজ: লালাক্ষরণ ও অশ্রুক্ষরণে সহায়তা করে,উৎস: মেডুলা অবলঙ্গাটা,""বিস্তার: মুখমন্ডল, কর্ণপটহ্ ও নিম্ন চোয়াল"",প্রকৃতি: চেষ্টীয়,উত্তর নেই"
"588,ফেসিয়াল স্নায়ুর কাজ কোনটি?,আস্বাদন,মুখের অভিব্যক্তি,গ্রীবাপেশি সঞ্চালন,সবগুলো,উত্তর নেই"
"589,নিম্নের কোন তথ্যটি হাইপোগ্লোসাল স্নায়ুর জন্য সঠিক নয়?,উৎস : মেডুলা অবলঙ্গাটার অঙ্কীয় দেশ,বিস্তার: জিহ্বা,প্রকৃতি: সংবেদী,কাজ: জিহ্বার সঞ্চালন,উত্তর নেই"
"590,নিম্নের কোনটি দশম করোটিক স্নায়ু?,গ্লসোফ্যারিঞ্জিয়াল,হাইপোগ্লোসাল,ট্রাইজেমিনাল,ভেগাস,উত্তর নেই"
"591,মল-মূত্র ত্যাগ নিয়ন্ত্রণ করে মস্তিষ্কের নিম্নের কোন অংশ?,মেডুলা অবলঙ্গাটা,পন্,থ্যালামাস,হাইপোথ্যালামাস,উত্তর নেই"
"592,মস্তিষ্ক সম্পর্কে নিম্নের কোন তথ্যটি সঠিক?,হৃদস্পন্দন নিয়ন্ত্রণ কেন্দ্র সেরিবেলামে থাকে,পরিপাক নিয়ন্ত্রণ কেন্দ্র মেডুলা অবলংগাটায় থাকে,স্মৃতিশক্তি নিয়ন্ত্রণ কেন্দ্র হাইপোথ্যালামাসে থাকে,চলনে সমন্বয় সাধন করে থ্যালামাস,উত্তর নেই"
"593,নিম্নের কোনটি সেরেব্রোস্পাইনাল ফ্লুইডের কাজ নয়?,শরীরের ব্লাড প্রেসার নিয়ন্ত্রণ করা,কেন্দ্রীয় স্নায়ুতন্ত্রের নিউরনের পুষ্টি পদার্থ সরবরাহ করা,সংক্রমণ থেকে রক্ষা করা,শ্বসনিক গ্যাসের বিনিময় ঘটানো,উত্তর নেই"
"594,নিম্নের কোনটি অগ্রমস্তিস্কের অংশ নয়?,সেরেব্রাম,সেরেবেলাম,থ্যালামাস,হাইপোথ্যালামাস,উত্তর নেই"
"595,""আবেগ, উদ্বেগ প্রভৃতির প্রধান কেন্দ্র হিসেবে কাজ করে-"",কর্পাস স্ট্রায়েটাম,থ্যালামাস,হাইপোথ্যালামাস,সেরেব্রাম,উত্তর নেই"
"596,হাইপোথ্যালামাসের কাজ কোনটি?,দেহে তাপ নিয়ন্ত্রণ করে,ঐচ্ছিক চলাফেরাকে নিয়ন্ত্রণ করে,দেহের ভারসাম্য রক্ষা করে,চলাফেরার দিক নির্ধারণ করে,উত্তর নেই"
"597,নিম্নের কোনটি সেরেবেলামের কাজ নয়?,ঐচ্ছিক চলাফেরাকে নিয়ন্ত্রণ করে,ঐচ্ছিক পেশীর টান নিয়ন্ত্রণ করে,চলাফেরার দিক নির্ধারণ করে,স্বাভাবিক শ্বাসক্রিয়ার হারকে নিয়ন্ত্রণ করে,উত্তর নেই"
"598,নিম্নের কোনটি চোখের কোরয়েড-এর অংশ নয়?,রেটিনা,আইরিশ,পিউপিল,সিলিয়ারী বডি,উত্তর নেই"
"599,নিম্নে উল্লেখিত চোখের কোন অংশে বস্তুর প্রতিবিম্ব সৃষ্ট হয়?,লেন্স,কর্ণিয়া,পিউপিল,রেটিনা,উত্তর নেই"
"600,কোন উক্তিটি সত্য নয়?,তরুণাস্থিতে অবস্থিত ল্যাকুনাগুলো তরলে পূর্ণ থাকে,রেটিনার 'রড' কোষগুলি উজ্জ্বল আলোকে সংবেদী,হাইড্রার নেমাটোসিস্টর মধ্যে স্টিনোটিল বৃহত্তম,অলিন্দের ডায়াসেটাল এবং নিলয়ের সিস্টোল এর সময় ট্রাইকাসপিড ও বাইকাসপিড কপাটিকা বন্ধ থাকে,উত্তর নেই"
"601,কোনটি অক্ষিপেশী নয়?,এক্সটার্নাল অবলিক,এক্সটার্নাল রেক্টাস,সুপিরিয়ার সেক্টাস,সুপিরিয়ার অবলিক,উত্তর নেই"
"602,নিম্নের কোনটি দৃষ্টির ত্রুটি নয়?,চালশে,অ্যামিনিয়া,দূরদৃষ্টি,ক্ষীণদৃষ্টি,উত্তর নেই"
"603,হার্ডেরিয়ান গ্রন্থির অবস্থান যেখানে-,ক্ষুদ্রান্ত,চক্ষু,অ্যাড্রেনাল,অগ্ন্যাশয়,উত্তর নেই"
"604,যেটি সত্য নয়-,রেটিনার কোণ কোষগুলিতে ভিটামিন 'এ' এবং রডোপসিন নামক লালচে বেগুনী বর্ণের আমিষ জাতীয় রঞ্জক পদার্থ বিদ্যমান,অন্ধ বিন্দু অপটিক ডিস্ক নামক বৃত্তাকার অঞ্চলে অবস্থিত,ভিট্রিয়াস হিউমার লেন্স ও রেটিনার মধ্যবর্তী প্রকোষ্ঠে অবস্থান করে,ম্যাকুলা লুটিয়ার মধ্যস্থলে সবচেয়ে স্পষ্ট প্রতিবিম্ব গঠিত হয় এবং এই বিন্দুকে পীত বিন্দু বলে,উত্তর নেই"
"605,মানুষের চোখের ভিতরে আলোর পরিমাণ নিয়ন্ত্রণ করে-,চক্ষুলেন্স,অক্ষিপট,চক্ষুস্নায়ু,চক্ষুমণিকা বা তারারন্ধ্র,উত্তর নেই"
"606,কোনটি সত্য?,কর্নিয়া প্রতিসরণশীল বলে আলোক রশ্মি প্রবেশে অনুমতি দেয়,লেন্স আলোকরশ্মিকে রেটিনার সুনির্দিষ্ট অংশে প্রতিফলিত করে না,স্ক্লেরা আলোকরশ্মিকে গ্রহণ করে মস্তিষ্কে প্রেরণ করে,আইরিস আলোক নিয়ন্ত্রণে কোনো কাজ করে না,উত্তর নেই"
"607,রডোপসিন চোখের কোন অংশে পাওয়া যায়?,রেটিনা,কোরয়েড,একোয়াস হিউমার,কোনোটিই নয়,উত্তর নেই"
"608,চোখের কনজাংক্টিভা সিক্ত রাখে-,ল্যাক্রিমাল গ্রন্থি,হার্ডেরিয়ান গ্রন্থি,সিবেসিয়াস গ্রন্থি,মিউকাস গ্রন্থি,উত্তর নেই"
"609,নিম্নের কোনটি চোখের কোরয়েডের অংশ?,রেটিনা,আইরিশ,পিউপিল,সিলিয়ারি বডি,উত্তর নেই"
"610,নিম্নের কোনটি শরীরের ভারসাম্য রক্ষা করে?,ইনকাস,অর্গান অব কর্টি,ভেস্টিবুলার যন্ত্র,ককলিয়া,উত্তর নেই"
"611,কোনটি মানুষের কানের ক্যুপুলার কাজ?,ভারসম্য নিয়ন্ত্রণ,শব্দ তরঙ্গ প্রেরণ করা,বায়ুচাপের সমতা রক্ষা করা,ভারসাম্য রক্ষা করা,উত্তর নেই"
"612,কর্ণাস্থি স্টেপিস অন্তঃকর্ণ ও মধ্যকর্ণের মধ্যবর্তী প্রাচীরে যে পর্দার সঙ্গে যুক্ত থাকে সেটি হল-,অম্বো,কর্ণপটহ,ফেনেস্ট্রা ওভালিস,ফেনেস্ট্রা রোটান্ডা,উত্তর নেই"
"613,কোন অঙ্গটির অবস্থান সম্পর্কবোধ সৃষ্টি করে?,ভেসিকল,অর্ধবৃত্তাকার নালি,ককলিয়া,ওভাল জানালা,উত্তর নেই"
"614,কর্ণপটহের ভিতরে ও বাইরে বায়ুর চাপের সমতা রক্ষা করে-,মালপিজিয়ান নালি,স্টেপিস,ইউস্টেশিয়ান নালি,কোনোটিই নয়,উত্তর নেই"
"615,অর্গান অব কর্টি কোথায় থাকে?,অন্তঃকর্ণে,পেরিলিম্ফে,ককলিয়াতে,কোনোটিই নয়,উত্তর নেই"
"616,শ্রবণ ছাড়াও কর্ণের অন্যতম কাজ-,দেহকে সতেজ রাখা,দেহের কার্যক্ষমতা বাড়ানো,দেহের ভারসাম্য রক্ষা করা,কোনোটিই নয়,উত্তর নেই"
"617,কোন অস্থিটি মধ্যকর্ণে নেই?,ম্যালিয়াস,ইনকাস,অ্যাটলাস,স্টেপিস,উত্তর নেই"
"618,নিম্নের কোনটি বহিঃকর্ণে থাকে?,ককলিয়া,স্টেপিস,পিনা,ইনকাস,উত্তর নেই"
"619,পিটুইটারী গ্রন্থি সম্পর্কে কোন তথ্যটি সঠিক নয়?,এটি হাইপোথ্যালামাসের সঙ্গে যুক্ত,এটি তিন দিক থেকে অস্থি দ্বারা আবৃত,এটি থেকে স্টেরয়েড হরমোন নিঃসৃত হয়,এটি মূলতঃ ২ ভাগে বিভক্ত,উত্তর নেই"
"620,নিম্নের কোন হরমোন আয়নের সমতা রক্ষার কাজ করে?,অ্যালডোস্টেরন,প্রোজেস্টেরন,গ্যাস্ট্রিন,থাইরক্সিন,উত্তর নেই"
"621,নিম্নের কোনটি হৃদপিন্ডের সংকোচনের শক্তিকে বাড়ায়?,ইনসুলিন,ভেগাস,এডরেনালিন,প্যারাথরমোন,উত্তর নেই"
"622,পোস্টেরিয়র পিটুইটারী থেকে নিম্নের কোন হরমোন নিঃসরণ হয়?,লিউটিনাইজিং হরমোন,অক্সিটোসিন,সোমাটোট্রপিন,ক্যালসিটোনিন,উত্তর নেই"
"623,নিম্নের কোন হরমোন থাইরয়েড গ্রন্থি থেকে নিঃসৃত হয় না?,থাইমোক্রাইসিন,থাইরক্সিন,ক্যালসিটোনিন,ট্রাই-আয়োডা-থাইরোনিন,উত্তর নেই"
"624,নিম্নে উল্লেখিত কোনটি থেকে টেস্টোস্টেরণ হরমোন নিঃসৃত হয়?,শুক্রাণু মাতৃকোষ,সারটলি কোষ,ইন্টারস্টিশিয়াল কোষ,প্রোস্টেট গ্রন্থি,উত্তর নেই"
"625,ইনসুলিন নিঃসৃত হয় কোনটি থেকে?,থাইমাস গ্রন্থি,পিনিয়াল গ্রন্থি,অ্যাড্রোনাল/সুপ্রারেনাল গ্রন্থি,অগ্ন্যাশয় গ্রন্থির আইলেটস অব ল্যাঙ্গারহ্যান্স,উত্তর নেই"
"626,হরমোনের বৈশিষ্ট্য নয় কোনটি?,হরমোন অনালী গ্রন্থি থেকে নিঃসৃত হয়,হরমোন রক্তের মাধ্যমে পরিবাহিত হয়,হরমোন প্রধানত এক প্রকার শর্করা জাতীয় পদার্থ,হরমোন কার্যের পর এক প্রকার নষ্ট হয়ে যায়,উত্তর নেই"
"627,যে গ্রন্থিটি ক্যালসিয়াম বিপাকে সাহায্য করে-,পিটুইটারি,অগ্ন্যাশয়,অ্যাড্রেনাল,প্যারাথাইরয়েড,উত্তর নেই"
"628,পিটুইটারী গ্রন্থির পশ্চাৎবর্তী অংশ হতে কোন হরমোনটি নিঃসৃত হয়?,থাইরক্সিন,অ্যাড্রোনোকার্টিকোট্রপিন হরমোন,ভ্যাসোপ্রেসিন,সিক্রেটিন,উত্তর নেই"
"629,নালিবিহীন গ্রন্থি কোনটি?,প্যারোটিড,যকৃত,প্যারাথাইরয়েড,টনসিল,উত্তর নেই"
"630,প্যারাথাইরয়েড গ্রন্থি থেকে নিঃসৃত হরমোন-,Parathyroid hormone,Parathormone,Parathyrin,সবগুলো,উত্তর নেই"
"631,কোনটি অন্তঃক্ষরা গ্রন্থি নয়?,যকৃত,পিটুইটারি,অন্ডকোষ,থাইরয়েড,উত্তর নেই"
"632,মানবদেহের সর্ববৃহৎ গ্রন্থি কোনটি?,বৃক্ক,অগ্ন্যাশয়,যকৃত,পাকস্থলী,উত্তর নেই"
"633,নিম্নের কোনটি পুরুষ প্রজননতন্ত্রের অন্তর্ভূক্ত নয়?,সেমিনাল ভেসিকল,প্রস্টেট গ্রন্থি,বার্থোলিন গ্রন্থি,কাওপার এর গ্রন্থি,উত্তর নেই"
"634,মানুষের শুক্রানু প্রতি সেকেন্ডে কত মিলিমিটার পথ অতিক্রম করতে পারে?,১-৮,১-৪,৫-৮,৮-১২,উত্তর নেই"
"635,নিম্নের কোন তথ্যটি সঠিক নয়?,শুক্রাশয়ের সারটলি কোষ টেস্টোস্টেরন নামক গুরুত্বপূর্ণ যৌন হরমোন নিঃসরণ করে,এপিডিডাইমিস শুক্রাণুর চলন শক্তির বৃদ্ধি করে,প্রস্টেট গ্রন্থি থেকে অ্যালক্যালাইন ফসফেটেজ নামক একরকম ক্ষারকীয় রস নিঃসরণ হয়,সেমিনাল রস প্রধানত শুক্রাণুর পুষ্টি জোগায়,উত্তর নেই"
"636,স্ক্রোটামের অভ্যন্তরীণ তাপমাত্রা দেহ গহ্বর থেকে কত কম বা বেশী?,২ সেন্টিগ্রেড বেশী,২ সেন্টিগ্রেড কম,৩ সেন্টিগ্রেড বেশী,৩ সেন্টিগ্রেড কম,উত্তর নেই"
"637,কোনটি উওজেনেসিসে ঘটে না?,উওজেনেসিসে মাধ্যমে উৎপন্ন ডিম্বাণুর সংখ্যা অনেক কম,এ প্রক্রিয়ায় স্ত্রী গ্যামিট বা ডিম্বাণু উৎপন্ন হয়,একটি জনন মাতৃকোষ থেকে একটি সক্রিয় ডিম্বাণু ও তিনটি নিষেকে ভূমিকাহীন পোলার বডি সৃষ্টি হয়,""উৎপন্ন ডিম্বাণু ছোট, সক্রিয় ও চলাচলে সক্ষম"",উত্তর নেই"
"638,নিম্নের কোনটি সঠিক?,আমিষ জাতীয় খাদ্য বিপাকের ফলে নাইট্রোজেনযুক্ত বর্জ্য পদার্থ সৃষ্টি হয়,ডিম্বাশয় থেকে কোরিওনিক গোনাডোট্রপিন নিঃসৃত হয়,অ্যামাইনো এসিড আমিষের গঠনমূলক একক,চোখের অগ্র প্রকোষ্ঠ অ্যাকুয়াস হিউমার দিয়ে পূর্ণ থাকে,উত্তর নেই"
"639,নিম্নের কোন তথ্যটি সঠিক নয়?,ইস্ট্রোজেন এবং প্রজেস্টেরণ গুরুত্বপূর্ণ নারী যৌন হরমোন,ইস্ট্রোজেনের প্রভাবে মেয়েদের নারীসুলভ লক্ষণ বিকশিত হয়,করপাস লুটিয়াম থেকে লুটিনাইজিং হরমোন নিঃসৃত হয়,ডিম্বাশয়ের সবচেয়ে পরিপক্ক ফলিকলটিকে গ্রাফিয়ান ফলিকল বলে,উত্তর নেই"
"640,সাধারণত রজঃচক্র কতদিন স্থায়ী হয়?,৩-৪,৮-১০,২-৩,৪-৫,উত্তর নেই"
"641,যেটি গর্ভাবস্থায় অমরার কাজ নয়-,লুটিনাইজিং হরমোন নিঃসৃতকরণ,প্রোজেস্টেরন হরমোন নিঃসৃতকরণ,রিলাক্সিন হরমোন নিঃসৃতকরণ,মাতা ও ভ্রুণের মধ্যে পদার্থের আদান-প্রদান,উত্তর নেই"
"642,স্ত্রীলিঙ্গের কোন অংশে ভ্রূণ বর্ধিত হয়?,ডিম্বাণু,ডিম্বনালি,গর্ভাশয়,ডিম্বাশয়,উত্তর নেই"
"643,ডিম্বাণুতে কতটি ক্রোমোসোম থাকে?,এক জোড়া,একটি,তেইশ জোড়া,তেইশটি,উত্তর নেই"
"644,মানুষের জরায়ু গর্ভাবস্থায় কত গুণ বৃদ্ধি পায়?,৩০,২০,৪০,১০,উত্তর নেই"
"645,ফিলোপিয়ান টিউব কোথায় থাকে?,বৃহদন্ত্রে,ক্ষুদ্রান্তে,স্ত্রী প্রজননতন্ত্রে,পায়ে,উত্তর নেই"
"646,জরায়ুর প্রাচীর কয়টি স্তরে বিভক্ত?,১টি,২টি,৪টি,৩টি,উত্তর নেই"
"647,ডিম্বাশয় কোন পেরিটোনিয়াম পর্দা দ্বারা আবৃত?,মেসোরকিয়াম,করপাস লুটিয়াম,মেসোভেরিয়াম,সার্ভিক্স,উত্তর নেই"
"648,নিচের কোনটি স্ত্রী প্রজননতন্ত্রের অংশ নয়?,ডিম্বাশয়,হাইমেন,কাওপার-এর গ্রন্থি,ক্লাইটোরিস,উত্তর নেই"
"649,ফেলোপিয়ান নালির যে অংশ জরায়ু প্রাচীরের কাছে থাকে-,ইসথমাস,অ্যাম্পুলা,ফিমব্রি,কোনোটিই নয়,উত্তর নেই"
"650,যোনি প্রাচীরের ভাঁজকে বলা হয়-,রুগী,হাইমেন,ফিমব্রি,সারভিক্স,উত্তর নেই"
"651,নারীর বয়ঃপ্রাপ্তিতে কোন হরমোনের ভূমিকা নেই?,গ্রোথ হরমোন,অ্যান্ড্রোস্টেরণ,এস্ট্রোজেন,ভ্যাসোপ্রেসিন,উত্তর নেই"
"652,নিম্নলিখিত কোনটি মেসোডার্ম থেকে গঠিত হয় না?,স্নায়ুতন্ত্র,রক্তবহনতন্ত্র,কংকালতন্ত্র,প্রজননতন্ত্র,উত্তর নেই"
"653,নিম্নের কোনটি ভ্রূণের এক্টোডার্ম থেকে তৈরি?,শ্বসনতন্ত্র,কঙ্কালতন্ত্র,রক্ত সংবহন তন্ত্র,স্নায়ুতন্ত্র,উত্তর নেই"
"654,কোনটি অ্যালানটয়েসের কাজ নয়?,অঙ্গ প্রত্যঙ্গের সুষ্ঠু বিকাশে সাহায্য করে,অ্যালানটো-কোরিওন প্লাসেন্টা গঠনে সক্রিয় অংশগ্রহণ করে,ভ্রূণের শ্বসনে সাহায্য করে,ভ্রূণের রেচনে সাহায্য করে,উত্তর নেই"
"655,উওজেনেসিসে মোট পোলারবডি তৈরী হয়-,১,২,৩,৮,উত্তর নেই"
"656,নিচের কোনটি গ্যামিটোজেনেসিসের জন্য সঠিক নয়?,শুক্রাণু-নিউক্লিয়াসের সম্মুখ প্রান্তে গলগি বডি থেকে অ্যাক্রোসোম সৃষ্টি হয়,ব্যাঙের সাইটোপ্লাজমসহ ডিম্বাণু নিউক্লিয়াসটি কুসুম থেকে পৃথক হয়ে ডিম্বাণুর নিম্নপ্রান্ত জুড়ে থাকে,স্পার্মাটোজেনেসিসে হ্যাপ্লয়েড ক্রোমোসোম সেটের DNA অপরিবর্তিত থাকে,প্রত্যেকটি উওগোনিয়াম ডিপ্লয়েড (2n) সংখ্যক ক্রোমোসোম বহন করে,উত্তর নেই"
"657,কোনটি উওজেনেসিসের জন্য প্রযোজ্য নয়?,নিউক্লিয়াস ও সাইটোপ্লাজম একই সাথে পূর্ণতাপ্রাপ্ত হয়,মুখ্যঝিল্লি সৃষ্টি করে,পূর্ণতা প্রাপ্তির শেষ পর্যায় ডিম্বাশয়ের ভিতরে সম্পন্ন হয়,অ্যানিমেল ও ভেজিটাল মেরুর সৃষ্টি হয়,উত্তর নেই"
"658,ট্রফোব্লাস্ট থেকে ভিলাই বেরোতে থাকে-,তৃতীয় সপ্তাহে,চতুর্থ সপ্তাহের শেষ দিকে,দ্বিতীয় সপ্তাহের শেষ দিকে,দ্বিতীয় সপ্তাহের প্রথম দিকে,উত্তর নেই"
"659,স্নায়ুতন্ত্র গঠিত হয়-,এক্টোডার্ম থেকে,মেসোডার্ম থেকে,এন্ডোডার্ম থেকে,এক্টোডার্ম ও মেসোডার্ম থেকে,উত্তর নেই"
"660,কোনটি উওজেনেসিসের ক্ষেত্রে প্রযোজ্য নয়?,একটি উওগোনিয়াম থেকে চারটি কার্যক্ষম ডিম্বাণু সৃষ্টি হয়,পরিণত ডিম্বাণু সঙ্গে সঙ্গেই নিষিক্ত হওয়ায় ক্ষমতাপ্রাপ্ত হয়,জার্মিনাল এপিথেলিয়াম থেকে বিচ্ছিন্ন প্রিমোর্ডিয়াল জননকোষগুলো ডিম্বাণু সৃষ্টি করে,পরিণত ডিম্বাণুর চারদিকে কয়েকটি আবরণ দেখা যায়,উত্তর নেই"
"661,যকৃত ও অগ্ন্যাশয় সৃষ্টি হয় কোনটি থেকে?,এন্ডোডার্ম,মেসোডার্ম,এক্টোডার্ম,এপিডার্ম,উত্তর নেই"
"662,কোনটি মেসোডার্ম থেকে তৈরি হয়?,কঙ্কালতন্ত্র,শ্বসনতন্ত্র,মুখ গহ্বর,ত্বকীয় গ্রন্থি,উত্তর নেই"
"663,ব্লাস্টোসিস্ট মানুষের জরায়ুর কোন স্তরে গ্রথিত হয়?,মায়োমেট্রিয়াম,মায়োমেট্রিয়াম এবং পেরিমেট্রিয়ামের মাঝখানে,এন্ডোমেট্রিয়াম,পেরিমেট্রিয়াম,উত্তর নেই"
"664,মানুষের ডিম্বাণু কোন ধরনের?,মেসোলেসিথাল,সেন্ট্রোলেসিথাল,টেলোলেসিথাল,মাইক্রোলেসিথাল,উত্তর নেই"
"665,আবরণী কলার কোষগুলো ভ্রূণের কোন স্তর হতে উৎপন্ন হয়?,এক্টোডার্ম,এন্ডোডার্ম,এক্টোডার্ম,মেসোডার্ম,উত্তর নেই"
"666,ইন্টারফেরনের কাজ নয় কোনটি?,অনাক্রম্যতন্ত্রকে নিয়ন্ত্রণ করা,অ্যান্টিবডি উৎপাদনে বাঁধা দেওয়া,হরমোন উৎপাদনে সাহায্য করা,NK কোষের ক্ষমতা ও বংশবৃদ্ধি করা,উত্তর নেই"
"667,নিচের কোন গ্রন্থি মোমের মতো আঠালো পদার্থ তৈরি করে?,সিবেসিয়াস,সেরুমিনাস,লালাগ্রন্থি,মিবোমিয়ান,উত্তর নেই"
"668,নিচের কোনটি এককোষী গ্রন্থি?,গবলেট,অগ্ন্যাশয়,লালাগ্রন্থি,যকৃত,উত্তর নেই"
"669,সিবাম নিচের কোন গ্রন্থি থেকে নিঃসৃত হয়?,মিবোমিয়ান,সিবেসিয়াস,সেরুমিনাস,সাবলিঙ্গুয়াল,উত্তর নেই"
"670,মৃত Salmonella typhi জীবাণু থেকে নিম্নের কোনটি তৈরি করা হয়?,জলবসন্ত,টাইফয়েড ভ্যাকসিন,পোলিও,র ্যাবিস ভ্যাকসিন,উত্তর নেই"
"671,বংশগতি বিদ্যার জনক গ্রেগর জোহান মেন্ডেল কোন দেশে জন্ম গ্রহণ করেন?,অস্ট্রিয়া,ইতালী,জার্মানী,সুইডেন,উত্তর নেই"
"672,প্রথম সংকর পুরুষের সাথে প্রচ্ছন্ন বা প্রকট বংশধরের ক্রস হলো-,টেস্ট ক্রস,ব্যাক ক্রস,মনোহাইব্রিড ক্রস,ডাইহাইব্রিড ক্রস,উত্তর নেই"
"673,যে জিন বৈশিষ্ট্য প্রকাশে বাধা পায় তাকে বলে-,Hypostatic,Epistatic,Lethal,Complementary,উত্তর নেই"
"674,বংশগতির ধারক নিম্নের কোনটি?,ক্রোমোমিয়ার,ক্রোমোটিড,ক্রোমোসোম,টেলোমিয়ার,উত্তর নেই"
"675,জীবের প্রকাশিত লক্ষণকে বলা হয়-,এক্সিবিশিনিজম,অ্যালিল,ফিনোটাইপ,জিনোটাইপ,উত্তর নেই"
"676,জিনতত্ত্বের জন্য কোনটি সঠিক নয়?,হেটারোজাইগাস জীবের দুটি অসম প্রকৃতির অ্যালিল থাকে।,DNA হলো জীবের বংশগতির মৌলিক একক এবং এটিকে ফ্যাক্টর বা জিন বলা হয়।,কোনো জীবের লক্ষণ নিয়ন্ত্রণকারী জিন যুগলের গঠনকে জিনোটাইপ বলা হয়।,জীবের বাহ্যিক লক্ষণকে ফিনোটাইপ বলা হয়।,উত্তর নেই"
"677,যে জীনটি অপর জীনের বৈশিষ্ট্য প্রকাশে বাধা দান করে সে জীনকে বলে-,এপিস্ট্যাটিক জীন,পরিপূরক জীন,লিথাল জীন,হাইপোষ্টাটিক জীন,উত্তর নেই"
"678,লিথাল জিন-এর প্রভাব নেই কোন রোগে?,হিমোফিলিয়া,জন্মগত ইকথিওসিস,অস্টিওপরোসিস,থ্যালাসেমিয়া,উত্তর নেই"
"679,লিথাল জীন বর্ণনা করেন সর্বপ্রথম কোন বিজ্ঞানী?,ক্যুনো,চেরমার্ক,মেন্ডেল,দ্য ভিস,উত্তর নেই"
"680,নিচের কোনটি দ্বৈত-প্রচ্ছন্ন এপিস্ট্যাসিস অনুপাত?,7:9,9:7,13:3,13:7,উত্তর নেই"
"681,বংশগতির পরীক্ষার জন্য মেন্ডেল কোন গাছ নির্বাচন করেছিলেন?,সন্ধ্যামালতি,মটরশুটি,ছোলা,স্ন্যাপড্রাগন,উত্তর নেই"
"682,মেন্ডেলের সূত্রের প্রকৃত ব্যতিক্রম কোনটি?,এপিস্ট্যাসিস,লিংকেজ,সমপ্রকটতা,ঘাতক জিন,উত্তর নেই"
"683,মেন্ডেলের দ্বিতীয় সূত্রে জিনের স্বাধীন সঞ্চারণ না ঘটলে জিনোটাইপের অনুপাত হবে-,৩:১,১:২:১,৯:৩:৩:১,কোনোটিই নয়,উত্তর নেই"
"684,প্রকট এপিস্ট্যাসিস এ ব্যতিক্রমধর্মী অনুপাত হল-,৩:১,৯:৩:৩:১,১৩:৩,৯:৭,উত্তর নেই"
"685,নিচের কোনটি সেক্স-লিংকড অসুখ নয়?,বর্ণান্ধতা,মায়োপিয়া,রক্ত স্বল্পতা,হিমোফিলিয়া,উত্তর নেই"
"686,""একজন বাদামি চোখবিশিষ্ট পুরুষ যার বাবার চোখ বাদামি কিন্তু মায়ের চোখ নীল বর্ণের, যদি নীল চোখবিশিষ্ট মহিলাকে বিয়ে করেন তবে তাঁদের সন্তানের চোখের বৈশিষ্ট্য কী হারে পাওয়া যাবে?"",৫০% বাদামি ও ৫০% নীল,১০০% নীল,১০০% বাদামি,কোনোটিই নয়,উত্তর নেই"
"687,যকৃত ও অগ্ন্যাশয় সৃষ্টি হয় কোনটি থেকে?,এন্ডোডার্ম,মেসোডার্ম,এক্টোডার্ম,এপিডার্ম,উত্তর নেই"
"688,পুরুষের ক্ষেত্রে কোনটি সঠিক?,৪৪ টি অটোসোম আছে,কোনো X ক্রোমোসোম নেই,দুটি Y ক্রোমোসোম আছে,দুটি X ক্রোমোসোম আছে,উত্তর নেই"
"689,মানব কোষে সেক্স ক্রোমোসোমের সংখ্যা কত?,৪টি,৩টি,১টি,১ জোড়া,উত্তর নেই"
"690,বর্ণান্ধ পুরুষ ও স্বাভাবিক মহিলার মধ্যে বিয়ে হলে তাদের সন্তান হতে পারে-,""পুত্র হউক বা কন্যা হউক, স্বাভাবিক দৃষ্টি সম্পন্ন"",কন্যা বর্ণান্ধ বাহক,পুত্র বর্ণান্ধ,পুত্র ৫০% বর্ণান্ধ,উত্তর নেই"
"691,নিচের কোনটি সেক্স-লিংকড বৈশিষ্ট্যের উদাহরণ নয়?,রাতকানা,বহুমূত্র,বর্ণান্ধতা,হিমোফিলিয়া,উত্তর নেই"
"692,Rh negative রক্তের গ্রুপ নিচের কোন জনগোষ্ঠীর মধ্যে সবচেয়ে বেশি পাওয়া যায়?,চাইনিজ,কানাডিয়ান,পাইরেনিজের বাস্ক,ফিলিপিনো,উত্তর নেই"
"693,নিম্নের কোনটি ব্লাড গ্রুপের নির্দিষ্ট এন্টিজেন না?,A,B,AB,O,উত্তর নেই"
"694,নিচে উল্লিখিত কোন বিজ্ঞানী মানুষের রক্তের শ্রেণিবিন্যাস করেন?,থিওডোর সোয়ান,উইলিয়াম হার্ভে,কার্ল ল্যান্ডস্টেইনার,ক্যারোলাস লিনিয়াস,উত্তর নেই"
"695,উইসাং নালি কোথায় অবস্থিত?,লালা গ্রন্থি,আন্ত্রিক গ্রন্থি,অগ্ন্যাশয়,যকৃত,উত্তর নেই"
"696,নিম্নের কোনটি সঠিক নয়?,লালারসে টায়ালিন নামক উৎসেচক উপস্থিত থাকে,প্রতিদিন প্রায় 2 লিটার গ্যাস্ট্রিক রস নিঃসৃত হয়,মিউসিন HCl-এর ক্ষতিকর ভূমিকা থেকে পাকস্থলি প্রাচীরকে রক্ষা করে,হাইড্রোক্লোরিক এসিডের উপস্থিতি পেপসিনের কার্যক্রমকে বাধাগ্রস্ত করে,উত্তর নেই"
"697,নিম্নের বামদিকের কোনটি ডানদিকের কোনটির সঙ্গে সামঞ্জস্যপূর্ণ?,গ্যাস্ট্রিন-আন্ত্রিক রস নিঃসরণ নিয়ন্ত্রণ করে,কোলেসিস্টোকাইনিন-লালারস নিঃসরণ নিয়ন্ত্রণ করে,সিক্রেটিন-অগ্ন্যাশয় রস নিঃসরণ নিয়ন্ত্রণ করে,প্যানক্রিওজাইমিন-পাচক রস নিঃসরণ নিয়ন্ত্রণ করে,উত্তর নেই"
"698,যকৃতের কাজ নয় কোনটি?,যকৃতে রক্ত তৈরি হয়,অ্যামাইলেজ ও লাইপেজ নিঃসরণ করা,পিত্তরস নিঃসরণের মাধ্যমে পরিপাকে সাহায্য করা,রক্ত থেকে মৃতপ্রায় লোহিত কণিকাসমূহ অপসারণ করা,উত্তর নেই"
"699,অগ্ন্যাশয় কেবল-,একটি বহিঃক্ষরা গ্রন্থি,একটি অন্তঃক্ষরা গ্রন্থি,একটি পরিপাক গ্রন্থি,সবকটি,উত্তর নেই"
"700,কোন অংশটি বৃহদান্ত্রের?,ইলিয়াম,ডিওডেনাম,জেজুনাম,সিকাম,উত্তর নেই"
"701,যকৃতনালি পিত্তনালির সাথে মিলিত হয়ে অভিন্ন পিত্তনালি তৈরি করে। এই অভিন্ন নালি ভ্যাটার এর অ্যাম্পুলা নামে নালির মাধ্যমে কোথায় উন্মুক্ত হয়?,অনুপ্রস্থ কোলনে,পাইরোবিকে,ডিওডেনামে,জেজুনামে,উত্তর নেই"
"702,সিক্রেটিন ও প্যানক্রিওজাইমিন কোনটির নিঃসরণ ঘটায়?,অগ্ন্যাশয় রস,গ্যাস্ট্রিক রস,পিত্তরস,আন্ত্রিক রস,উত্তর নেই"
"703,গ্যাস্ট্রিক রস কিসের প্রভাবে নিঃসৃত হয়?,এনজাইম,HCl,গ্যাস্ট্রিক হরমোন,কাইম,উত্তর নেই"
"704,কোন রসে উৎসেচক থাকে না?,পাকস্থলী রস,আন্ত্রিক রস,অগ্ন্যাশয় রস,পিত্তরস,উত্তর নেই"
"705,নিম্নের কোনটি অগ্ন্যাশয় থেকে নিঃসৃত হয় না?,ট্রিপসিন,এমাইলেজ,বাইল সল্ট,গ্লুকাগন,উত্তর নেই"
"706,কোনটি অগ্ন্যাশয় রসে থাকে না?,পেপসিন,লাইপেজ,ট্রিপসিন,অ্যামাইলেজ,উত্তর নেই"
"707,মানবদেহে পিত্ত উৎপন্ন হয়-,অগ্ন্যাশয়,যকৃত,ল্যারিক্সে,পিত্তথলিতে,উত্তর নেই"
"708,নিম্নের কোনটি সঠিক নয়?,লালরসে টায়ালিন ও মলটেজ থাকে,পাকস্থলীর যে অংশে অন্ননালী উন্মুক্ত হয় তা পাইলোরাস,যকৃত দেহের সবচেয়ে বেশি শক্তি ব্যবহার করে,ডিওডেনাম ২৫-৩০ সেন্টিমিটার লম্বা,উত্তর নেই"
"709,অগ্ন্যাশয়ের আইলেটস অব ল্যাঙ্গারহ্যান্স নিম্নের কোন হরমোন নিঃসৃত করে?,প্রোজেস্টেরন,ইস্ট্রোজেন,এন্টেরোগ্যাসটোন,গ্লুকাগন,উত্তর নেই"
"710,নিচের কোন বিক্রিয়াটি সঠিক?,ডেক্সট্রিন অ্যামাইলেজ গ্লুকোজ + গ্যালাক্টোজ,""তৈল + চর্বি এন্টারেজ, ফ্যাটি এসিড + গ্লিসারিন"",সেলুলোজ সেলুলেজ গ্লুকোজ + গ্লুকোজ,প্রোটিন ট্রিপসিন অ্যামাইনো এসিড,উত্তর নেই"
"711,পাকস্থলীর পাচক রসে নিম্নের কোনটি অনুপস্থিত?,পেপসিন,অ্যামাইলেজ,লাইপেজ,হাইড্রোক্লোরিক এসিড,উত্তর নেই"
"712,মানবদেহের পরিপাকের জন্য কোনটি সঠিক এনজাইমের উদাহরণ নয়?,""প্রোটিন পরিপাকে সাহায্যকারী পাকস্থলীর রসের এনজাইম অ্যামাইনো পেপটাইডেজ, ট্রাইপেপটাইডেজ, প্রোলিডেজ প্রভৃতি"",কার্বোহাইড্রেট পরিপাকে সাহায্যকারী অগ্ন্যাশয়ের রসের এনজাইম: অ্যামাইলেজ ও মল্টেজ,""প্রোটিন পরিপাকে সাহায্যকারী অগ্ন্যাশয় রসের এনজাইম: নিষ্ক্রিয় ট্রিপসিনোজেন, কার্বক্সিপেপটাইডেজ এ এবং বি, ইলাস্টেজ, কোলাজিনেজ প্রভৃতি"",লিপিড পরিপাকে সাহায্যকারী তান্ত্রিক রসের এনজাইম ফসফোলাইপেজ ও কোলেস্টেরল এস্টারেজ,উত্তর নেই"
"713,কোনটি পাকস্থলীর গ্রন্থি থেকে নিঃসৃত হয় না?,পেপসিন,HCI এসিড,মিউসিন,টায়ালিন,উত্তর নেই"
"714,আমিষ জাতীয় খাদ্য পরিপাকের উৎসেচক কোনটি?,অ্যামাইলেজ,পেপটাইডেজ,লাইপেজ,মল্টেজ,উত্তর নেই"
"715,প্রোটিন পরিপাক-,পাকস্থলীতে শুরু হয়ে ক্ষুদ্রান্ত্রে শেষ হয়,পাকস্থলীতে শুরু হয়ে ডিওডেনামে শেষ হয়,মুখ হতে শুরু হয়ে ক্ষুদ্রান্ত্রে শেষ হয়,পাকস্থলীতে শুরু হয়ে বৃহদন্ত্রে শেষ হয়,উত্তর নেই"
"716,আমিষ জাতীয় খাদ্য পরিপাকে সাহায্য করে-,লালা,পেপসিন,লাইপেজ,অ্যামাইলেজ,উত্তর নেই"
"717,কোন উৎসেচকটি দুগ্ধ প্রোটিন পরিপাকে সাহায্য করে?,অ্যামাইলেজ,পেপসিন,ট্রিপসিন,রেনিন,উত্তর নেই"
"718,পাকস্থলীতে HCI তৈরি করে কোন কোষ?,প্যারাইটাল কোষ,গবলেট কোষ,পরিপাক কোষ,কোনোটিই নয়,উত্তর নেই"
"719,মানবদেহের সর্ববৃহৎ গ্রন্থি কোনটি?,বৃক্ক,অগ্ন্যাশয়,যকৃত,পাকস্থলী,উত্তর নেই"
"720,কোনটি ক্ষুদ্রান্ত্রের অংশ নয়?,ডিওডেনাম,ইলিয়াম,এপেনডিক্স,জেজুনাম,উত্তর নেই"
"721,নিচের কোন BMI (Body Mass Index) অতিরিক্ত ওজন নির্দেশ করে?,18.5 – 24.9 Kg/m²,25.0 – 29.9 Kg/m²,30.0 - 34.9 Kg/m²,35.0 - 39.9 Kg/m²,উত্তর নেই"
"722,নিউক্লিয়াসবিহীন কোষ হলো-,লোহিত রক্তকণিকা,শ্বেত রক্তকণিকা,স্নায়ুকোষ,হৃদকোষ,উত্তর নেই"
"723,মানুষের স্বাভাবিক রক্ত ক্ষরণকাল-,৫-৭ মিনিট,১২-১৪ মিনিট,১-৪ মিনিট,৪০-৫৫ মিনিট,উত্তর নেই"
"724,একই সাথে শরীরে রক্তে অক্সিজেনের ঘনত্ব ও হৃৎস্পন্দনের পরিমাপক যন্ত্রের নাম কি?,থার্মোমিটার,স্ফিগমোম্যানোমিটার,পাল্সঅক্সিমিটার,ব্যারোমিটার,উত্তর নেই"
"725,হৃদযন্ত্রের রোগ নির্ণয়ে প্রাথমিক পরীক্ষা কোনটি?,এনজিওগ্রাম,লিপিড প্রোফাইল,ইসিজি,ইটিটি,উত্তর নেই"
"726,কৃত্রিম পেসমেকার যন্ত্রে কোন ব্যাটারি ব্যবহার করা হয়?,Ni-Cd ব্যাটারি,শুস্ক (Dry-cell),Li আয়ন ব্যাটারি,Li ব্যাটারি,উত্তর নেই"
"727,শ্বসন কেন্দ্র অবস্থিত কোথায়?,পনস,মধ্যমস্তিষ্ক,সেরিবেলাম,স্নায়ুরজ্জু,উত্তর নেই"
"728,কোনটি প্যারানাসাল সাইনাস নয়?,ফ্রন্টাল সাইনাস,ম্যাক্সিলারি সাইনাস,স্কেনয়ডাল সাইনাস,অক্সিপিটাল সাইনাস,উত্তর নেই"
"729,মানুষের কব্জিতে হাড়ের সংখ্যা কত?,৫টি,৮টি,৭টি,১০টি,উত্তর নেই"
"730,নিচের কোনটি মিনারেলোকোর্টিকয়েড হরমোনের কাজ নয়?,বৃক্কের NaCl ও পানি শোষণক্ষমতা বৃদ্ধি করা,রক্তের প্লাজমার পরিমাণ বৃদ্ধি করা,হৃৎক্রিয়া বৃদ্ধি করা,K⁺ রেচন হার বৃদ্ধি করা,উত্তর নেই"
"731,কোনটি মিশ্র গ্রন্থি?,প্যারোটিড,অগ্ন্যাশয়,সোয়েট,অশ্রু,উত্তর নেই"
"732,সিমেন তৈরির জন্য পিচ্ছিল পদার্থ ক্ষরণ করে কোন অঙ্গ?,সেমিনাল ভেসিকল,মূত্রাশয়,ভাস ডিফারেন্স,এপিডিডাইমিস,উত্তর নেই"
"733,ব্যাকটেরিয়া ধ্বংসে অ্যান্টিবডিকে সহায়তা করে কোনটি?,কমপ্লিমেন্ট সিস্টেম,ভ্যাক্সিন,ইন্টারফেরন,অণুচক্রিকা,উত্তর নেই"
"734,হোমোলোগাস ক্রোমোজোমের একটি লোকাসে দুটি জিন একত্রে থাকাকে কী বলে?,জিনোম,অ্যালিলোমর্ফ,ফিনোটাইপ,জিনোটাইপ,উত্তর নেই"
"735,জেলিফিশ কোন পর্বের প্রাণী?,নিডারিয়া,আর্থোপোডা,প্লাটিহেলমিনথেস,মোলাস্কা,উত্তর নেই"
"736,কোন প্রাণী অযৌন ও যৌন দুভাবেই প্রজনন সম্পন্ন করে?,রুই মাছ,হাইড্রা,ঘাসফড়িং,মৌমাছি,উত্তর নেই"
"737,ঘাসফড়িং এর অগ্রভাগের সরু ও শক্ত ডানাদ্বয়কে কী বলে?,স্টার্নাম,টার্সাস,ট্রক্যান্টার,টেগমিনা,উত্তর নেই"
"738,কোন ভিটামিন পানিতে দ্রবণীয়?,ভিটামিন A,ভিটামিন D,ভিটামিন B কমপ্লেক্স,ভিটামিন K,উত্তর নেই"
"739,পেপসিনের ক্ষেত্রে কোনটি সত্য নয়?,ইহা অগ্ন্যাশয় থেকে নিঃসৃত হয়,ইহা পাকস্থলী থেকে নিঃসৃত হয়,পরিপাকের জন্য ইহা অম্লীয় পরিবেশ সৃষ্টি করে,ইহা আমিষ পরিপাক শুরু করে,উত্তর নেই"
"740,কোনটি অদানাদার শ্বেত কণিকা?,নিউট্রোফিল,মনোসাইট,ইউসিনোফিল,বেসোফিল,উত্তর নেই"
"741,স্বাভাবিক অবস্থায় মানবদেহের রক্তের pH এর মান-,7.00,7.40,7.80,7.04,উত্তর নেই"
"742,নিচের কোনটি পালমোনারি সংবহনের অংশ নয়?,ডান নিলয়,বাম অলিন্দ,ফুসফুস,মহাধমনি,উত্তর নেই"
"743,কোন চক্রের মাধ্যমে যকৃতে ইউরিয়া তৈরি হয়?,ক্রেবস চক্র,নাইট্রোজেন চক্র,অরনিথিন চক্র,কার্বন চক্র,উত্তর নেই"
"744,নিচের কোনটি বক্ষ অস্থিচক্রের হাড়?,স্ফেনয়েড,ক্ল্যাভিকল,এথময়েড,পিউবিস,উত্তর নেই"
"745,মানুষের নবম জোড়া করোটিক স্নায়ুর নাম কী?,হাইপোগ্লোসাল,স্পাইনাল অ্যাকসেসরি,অ্যাবডুসেন্স,গ্লাসোফ্যারিঞ্জিয়াল,উত্তর নেই"
"746,মস্তিষ্কের কোন অংশে ক্ষুধা নিয়ন্ত্রণ কেন্দ্র অবস্থিত?,সেরেব্রাম,থ্যালামাস,হাইপোথ্যালামাস,সেরেবেলাম,উত্তর নেই"
"747,ডায়েনসেফালনের মধ্যস্থ গহবরটিকে কী বলে?,দ্বিতীয় ভেন্ট্রিকল,চতুর্থ ভেন্ট্রিকল,প্রথম ভেন্ট্রিকল,তৃতীয় ভেন্ট্রিকল,উত্তর নেই"
"748,পিউপিলের অবস্থান কোথায়?,রেটিনার পশ্চাতে,আইরিসের পশ্চাতে,আইরিসের মধ্যবর্তী স্থানে,কোরয়েডের নিচে,উত্তর নেই"
"749,মেলানিন রঞ্জকে রঞ্জিত স্তর কোনটি?,স্ক্লেরা,কোরয়েড,সিলিয়ারী বডি,সাসপেন্সরী লিগামেন্ট,উত্তর নেই"
"750,অগ্ন্যাশয়ের আলফা কোষ থেকে নিঃসৃত হয়—,প্যানক্রিয়াটিক পলিপেপটাইড,লাইপেজ,ইনসুলিন,গ্লুকাগন,উত্তর নেই"
"751,কোন গ্রন্থির ক্ষরণকাল আজীবন নয়?,সুপ্রারেনাল,পিনিয়াল,থাইমাস,টেসটিস,উত্তর নেই"
"752,নিচের কোনটি ভ্রূণীয় এক্টোডার্ম স্তর থেকে তৈরি হয়?,লোহিত কণিকা,থাইমাস,কেন্দ্রীয় স্নায়ুতন্ত্র,অস্থি সন্ধি,উত্তর নেই"
"753,মানুষের দেহকোষে কতটি অটোজোম থাকে?,২২টি,৪৪টি,৪৬টি,২৩টি,উত্তর নেই"
"754,নিচের কোনটির দ্বারা গনোরিয়া রোগ হয়?,ছত্রাক,ভাইরাস,ব্যাকটেরিয়া,প্রোটোজোয়া,উত্তর নেই"
"755,ভ্রান্ত সিলোমযুক্ত প্রাণীর পর্ব কোনটি?,Platyhelminthes,Nematoda,Arthropoda,Cnidaria,উত্তর নেই"
"756,হাইড্রার মুকুল কী কাজে ব্যবহৃত হয়?,অযৌন প্রজনন,পুনরুৎপত্তি,চলন,যৌন প্রজনন,উত্তর নেই"
"757,রক্তস্রোতে থাকা অতিরিক্ত গ্লুকোজ থেকে যকৃতে সঞ্চিত পলিস্যাকারাইড হলো-,সেলুলোজ,সুক্রোজ,স্টার্চ,গ্লাইকোজেন,উত্তর নেই"
"758,মাইক্রোভিলাইগুলো একত্রিতভাবে ক্ষুদ্রান্ত্রের উপরিভাগে কী সৃষ্টি করে?,ব্রাশ বর্ডার,মিউকোসাল ফোল্ড,লুমেন,পাইলোরিক স্ফিঙ্কটার,উত্তর নেই"
"759,স্থূলতার সহিত সম্পর্কযুক্ত রোগ কোনটি?,রক্তশূন্যতা,হাঁপানি,করোনারি হার্ট ডিজিজ,রেনাল ফেইলিওর,উত্তর নেই"
"760,ফুসফুসের গঠন ও কার্যগত একক-,ফুদ্রের গঠন,নিউরন,অ্যালভিওলাস,গ্লোমেরুলাস,উত্তর নেই"
"761,স্বাভাবিক মূত্রের বর্ণ হালকা হলুদ হয় কিসের উপস্থিতিতে?,বিলিভারডিন,ইউরোক্রোম,বিলিরুবিন,অ্যামোনিয়া,উত্তর নেই"
"762,নিচের কোনটি ক্লাভিকলের বৈশিষ্ট্য?,এটি একটি বাঁকানো অস্থি,একপ্রান্ত হিউমারাসের সাথে যুক্ত থাকে,এটি একটি খাঁটো অস্থি,এটি অস্থির মজ্জা গহবর আছে,উত্তর নেই"
"763,চলনের সময় হাঁটুকে ভাঁজ করে কোন মাংসপেশী?,ট্রাইসেপস,রেকটাস ফিমোরিস,বাইসেপস ফিমোরিস,ডেল্টয়েড,উত্তর নেই"
"764,মেরুদন্ডের এটলাস ও এক্সিসের মধ্যবর্তী অস্থিসন্ধি কোনটি?,গমফোসিস,কব্জা,কীলক,স্যাডেল,উত্তর নেই"
"765,মোটর প্রকৃতির স্নায়ু কোনটি?,হাইপোগ্লোসাল,ফেসিয়াল,ভেগাস,অপথ্যালমিক,উত্তর নেই"
"766,সন্তান প্রসবে কোন হরমোন সাহায্য করে?,অক্সিটোসিন,অক্সিন,টেস্টোস্টেরন,গোনাডোট্রপিন,উত্তর নেই"
"767,মায়ের দুধে কি ধরনের প্রতিরক্ষা থাকে?,প্রাকৃতিক সক্রিয়,প্রাকৃতিক অক্রিয়,কৃত্রিম সক্রিয়,কৃত্রিম অক্রিয়,উত্তর নেই"
"768,অ্যান্টিবডি ক্ষরণ করে কোন কোষ?,T-cell,cell,প্লাজমা কোষ,ম্যাক্রোফেজ কোষ,উত্তর নেই"
"769,সর্বপ্রথম ভ্যাক্সিন কত সালে আবিষ্কৃত হয়?,1796,1856,1789,1956,উত্তর নেই"
"770,কোনটি সেক্স লিংকড ডিসঅর্ডার নয়?,ডায়াবেটিক ম্যালিটাস,হিমোফিলিয়া,বর্ণান্ধতা,সবগুলো,উত্তর নেই"
"771,কোয়াগুলেশন ফ্যাক্টর কোনটির অভাবে হিমোফিলিয়া হয়?,VI ফ্যাক্টর,V ফ্যাক্টর,VIII ফ্যাক্টর,VII ফ্যাক্টর,উত্তর নেই"
"772,সপ্তম করোটিক স্নায়ু কোনটি?,অলফ্যাকটোরি,অপটিক,ফেসিয়াল,অডিটরী,উত্তর নেই"
"773,মানবদেহে ক্যালসিয়াম ও ফসফরাসের বিপাক নিয়ন্ত্রণ করে কোন গ্রন্থি?,থাইমাস,থাইরয়েড,প্যারাথাইরয়েড,এড্রেনাল,উত্তর নেই"
"774,মানব দেহে নিষেক প্রক্রিয়া কোথায় সংঘটিত হয়?,জরায়ু,ডিম্বনালি,ডিম্বাশয়,সারভিক্স,উত্তর নেই"
"775,প্রথম টেস্টটিউব বেবির নাম কী?,লুইস ব্রাউন,প্যাট্রিক স্ট্রেপটো,রবার্ট এডওয়ার্ড,হেনরি ওয়ার্টসন,উত্তর নেই"
"776,নিচের কোনটি মানুষের প্রাথমিক প্রতিরোধ ব্যবস্থা নয়?,লোম,লালা,ইন্টারফেরন,সিরুমেন,উত্তর নেই"
"777,নিচের কোনটি সেক্স-লিংকড ডিসঅর্ডার নয়?,লাল-সবুজ বর্ণান্ধতা,থ্যালাসেমিয়া,হিমোফিলিয়া,ডুশেনি মাসকুলার ডিস্ট্রফি,উত্তর নেই"
"778,মারসুপিয়াল স্তন্যপায়ী প্রাণী কোন মহাদেশে পাওয়া যায়?,এশিয়া,ইউরোপ,অস্ট্রেলিয়া,আফ্রিকা,উত্তর নেই"
"779,নিচের কোনটি দ্বিঅরীয় প্রতিসাম্য প্রাণীর উদাহরণ?,হাইড্রা,জেলিফিশ,টিনোফোরা,সী অ্যানিমন,উত্তর নেই"
"780,হাইড্রার খাদ্য নয় কোনটি?,সাইক্লপস,ড্যাফনিয়া,খণ্ডকায়িত প্রাণী,ছোট ঘাস,উত্তর নেই"
"781,ঘাসফড়িংয়ের রক্ত সংবহনতন্ত্রের অংশ নয় কোনটি?,হিমোসিল,সম্মুখ বাহিকা,পৃষ্ঠীয় বাহিকা,হিমোলিম্ফ,উত্তর নেই"
"782,স্ত্রী রুইমাছ ডিম পাড়ে কখন?,জানুয়ারি-মার্চ মাস,ফেব্রুয়ারি-মে মাস,জুন-আগস্ট মাস,সেপ্টেম্বর-জানুয়ারি মাস,উত্তর নেই"
"783,নিচের কোন হরমোনটি পাকস্থলীর হাইড্রোক্লোরিক অ্যাসিড নিঃসরণ নিয়ন্ত্রণ করে?,এন্টেরোকাইনিন,সিক্রেটিন,সোমাটোস্টাটিন,গ্যাস্ট্রিন,উত্তর নেই"
"784,নিচের কোনটি তৈরির প্রক্রিয়াকে এরিথ্রোপোয়েসিস বলে?,লোহিত রক্তকণিকা,অণুচক্রিকা,প্লাজমা,শ্বেত রক্তকণিকা,উত্তর নেই"
"785,হৃদ-ফুসফুস যন্ত্র (Heart-Lung Machine) কোন কাজে ব্যবহৃত হয়?,অ্যানজিওপ্লাস্টিতে,হৃৎপিণ্ডের বাইপাস সার্জারিতে,রক্তচাপ নিয়ন্ত্রণ করতে,পেসমেকার বসাতে,উত্তর নেই"
"786,হেনলির লুপের অবস্থান বৃক্কের কোথায়?,বৃক্কীয় নালিকায়,রেনাল করপাসলে,এফারেন্ট ধমনিকাতে,ইফারেন্ট ধমনিকাতে,উত্তর নেই"
"787,মানবদেহের করোটিকাতে কতগুলো অস্থি আছে?,12টি,17টি,৪টি,10টি,উত্তর নেই"
"788,পূর্ণ সংবেদী স্নায়ু নয় কোনটি?,অলফ্যাক্টরি স্নায়ু,ফেসিয়াল স্নায়ু,অডিটরি স্নায়ু,অপটিক স্নায়ু,উত্তর নেই"
"789,প্রাপ্তবয়স্ক মানুষের মস্তিষ্কে নিউরনের সংখ্যা কত?,১০ মিলিয়ন,১০ কোটি,১০ বিলিয়ন,১০ লক্ষ,উত্তর নেই"
"790,নিচের কোনটি মিশ্র গ্রন্থি নয়?,অগ্ন্যাশয়,শুক্রাশয়,ডিম্বাশয়,এড্রেনাল গ্রন্থি,উত্তর নেই"
"791,বুকের দুধে কোন ধরনের ইমিউনোগ্লোবিন (Ig) থাকে?,IgE,IgM,IgG,IgA,উত্তর নেই"
"792,""কনে হিমোফিলিয়া বাহক, বর সুস্থ, এদের সন্তানদের ক্ষেত্রে কোনটি মিথ্যা?"",পুত্রদের অর্ধেক সুস্থ হবে,পুত্রদের সবাই সুস্থ হবে,পুত্রদের অর্ধেক হিমোফিলিয়ায় আক্রান্ত হবে,কন্যাদের অর্ধেক বাহক হবে,উত্তর নেই"
"793,ফিলোসফিকা জুওলজিক' গ্রন্থের রচয়িতা কে?,ডারউইন,ল্যামার্ক,দ্য ভিস,ভাইজম্যান,উত্তর নেই"
"794,জুরাসিক সময়কাল বলা হয় কত আগের সময়কে?,১৫ কোটি বছর,সাড়ে ১৬ কোটি বছর,সাড়ে ১৩ কোটি বছর,২৫ কোটি বছর,উত্তর নেই"
"795,মস্তিষ্কের কোন অংশ মানুষের ক্ষুধা নিয়ন্ত্রণ করে?,মেডুলা অবলংগাটা,সেরিবেলাম,হাইপোথ্যালামাস,সেরিব্রাম,উত্তর নেই"
"796,ডেলটয়েড টিউবারসিটি কোন অস্থির অংশ?,আলনা,স্ক্যাপুলা,রেডিয়াস,হিউমেরাস,উত্তর নেই"
"797,ফুসফুসের আবরণকে কি বলে?,গ্লিসন ক্যাপসুল,পেরিকার্ডিয়াম,ডায়াফ্রাম,প্লিওরা,উত্তর নেই"
"798,নিচের কোনটি মানুষের দ্বিতীয় মস্তিষ্ক হিসাবে পরিচিত?,সুষুম্না কাণ্ড,এন্টেরিক স্নায়ুতন্ত্র,এক্সট্রিনসিক স্নায়ুতন্ত্র,মেডুলা অবলংগাটা,উত্তর নেই"
"799,কানের কোন অংশ ভারসাম্য রক্ষায় কাজ করে?,কর্ণাস্থি,ভেস্টিবুলার যন্ত্র,টিমপেনিক পর্দা,ককলিয়ার বডি,উত্তর নেই"
"800,নিচের কোন হরমোনটি মানুষের ডিম্বাশয় থেকে নিঃসৃত হয়??,অক্সিটোসিন,প্রোল্যাকটিন,প্রজেস্টেরন,থাইরোনিন,উত্তর নেই"
"801,কোন চক্রের মাধ্যমে যকৃতে ইউরিয়া তৈরী হয়?,কার্বন চক্র,অরনিথিন চক্র,ক্রেবস চক্র,নাইট্রোজেন চক্র,উত্তর নেই"
"802,কোন এন্টিবডি প্রধানত এলার্জির সাথে সংশ্লিষ্ট?,IgA,IgM,IgG,IgE,উত্তর নেই"
"803,মানবদেহে সপ্তম করোটিক স্নায়ুর নাম কি?,ট্রকলিয়ার স্নায়ু,ফেসিয়াল স্নায়ু,ভেগাস স্নায়ু,অপটিক স্নায়ু,উত্তর নেই"
"804,এনজিওপ্লাস্টি করলে কি হয়?,হৃদস্পন্দন বৃদ্ধি পায়,সরু ধমনী প্রশস্ত হয়,হৃদস্পন্দনের গতি ধীর হয়,রক্ত সঞ্চালনের গতি বৃদ্ধি পায়,উত্তর নেই"
"805,কোন কোষ হেপারিন তৈরী ও নিঃসরণ করে?,নিউট্রোফিল,লিম্ফোসাইট,মোনোসাইট,বেসোফিল,উত্তর নেই"
"806,ডাক্টাস ক্যুভেইরি রুই মাছের কোন তন্ত্রের অংশ?,শ্বসনতন্ত্র,শিরাতন্ত্র,রেচনতন্ত্র,ধমনিতন্ত্র,উত্তর নেই"
"807,পেসমেকারের কাজ কি?,রক্তকে তরল রাখে,রক্ত সঞ্চালন বৃদ্ধি করে,হৃদরোগ প্রতিরোধ করে,হৃদস্পন্দনের ধীরগতি নিয়ন্ত্রণ করে,উত্তর নেই"
"808,""পূর্ণবয়স্ক সুস্থ মানুষের দুই বৃক্কে প্রতি মিনিটে মোট রক্ত সঞ্চালনের"
"পরিমাণ-"",২৫০ মিঃ লিঃ,১২৫ মিঃ লিঃ,৩৭৫ মিঃ লিঃ,১২০০ মিঃ লিঃ,উত্তর নেই"
"809,কোনটির উপস্থিতিতে স্নেহ পদার্থের ইমালসিফিকেশন হয়?,বাইল সল্ট,এনজাইম,ভিটামিন,হরমোন,উত্তর নেই"
"810,নিচের কোনটি নাইট্রোজেনবিহীন পদার্থ?,ল্যাকটিক এসিড,ক্রিয়েটিনিন,এমোনিয়া,ইউরিয়া,উত্তর নেই"
"811,মুখে খাওয়ার পোলিও ভ্যাকসিনটি কোন ধরনের ভ্যাকসিন?,নিষ্ক্রিয় টিকা,জীবনস্মৃত জীবন্ত টিকা,উপএকক টিকা,অনুবন্ধী টিকা,উত্তর নেই"
"812,নিচের কোনটি ম্যাক্রোফেজের কাজ নয়?,বিভিন্ন ধরনের কোষবিষ তৈরি করা,বিভিন্ন ধরনের এন্টিবডি তৈরি করা,জীর্ণ কোষকে অপসারন করা,রিঅ্যাকটিভ অক্সিজেন ইন্টারমিডিয়েট তৈরি করা,উত্তর নেই"
"813,অন্তঃশ্বসন-,কোষ ও রক্তে সংঘটিত হয়,নির্দিষ্ট পরিমাণ শক্তি উৎপন্ন করে,এনজাইম দ্বারা প্রভাবিত হয় না,একটি ভৌত রাসায়নিক প্রক্রিয়া,উত্তর নেই"
"814,Mollusca এর ক্ষেত্রে কোনটি সঠিক?,নরম কিউটিকুলার এপিডার্মিস দ্বারা আবৃত,নরম ও অখন্ডায়িত,প্রতি খন্ডে নেফ্রিডিয়া বিদ্যমান থাকে,দেহাভ্যন্তরে কেন্দ্রীয় গহ্বর বিদ্যমান,উত্তর নেই"
"815,গ্লুকাগন-,রক্তে সুগার কমায়,অগ্ন্যাশয়ের ডেলটা কোষ থেকে নিঃসৃত হয়,একটি পলিপেপটাইড এনজাইম,ইনসুলিনের সাথে বিপরীতভাবে সম্পর্কিত,উত্তর নেই"
"816,মানবদেহে কোনটি লুপ্তপ্রায় অংগ?,থাইরয়েড গ্ল্যান্ড,থাইমাস,স্ক্যাপুলা,ক্যানাইন দাঁত,উত্তর নেই"
"817,কোন উদ্দীপনা অ্যানিমোট্যাক্সিসকে প্রভাবিত করে?,বায়ুপ্রবাহ,আর্দ্রতা,মাধ্যাকর্ষণ,তাপ,উত্তর নেই"
"818,মায়োফাইব্রিলে কি ধরনের আমিষ থাকে?,অ্যাকটিন এবং মায়োসিন,অ্যাকটিন এবং জিলাটিন,মায়োসিন এবং ইলাস্টিন,কোলাজেন এবং মায়োসিন,উত্তর নেই"
"819,অন্ত্রের প্রথম প্রতিরক্ষার স্তর কোনটি?,""পাকস্থলির অ্যাসিড, মাইক্রোবায়োম ও মলত্যাগ"",""সিলিয়া, কমপ্লিমেন্ট তন্ত্র ও সাইটোকাইনস"",""ত্বক, ফ্যাগোসাইটস ও কমপ্লিমেন্ট তন্ত্র"",""লালা, পাকস্থলির এনজাইম ও ফ্যাগোসাইটস"",উত্তর নেই"
"820,বুকের দুধের কোন উপাদানটি নবজাতকের প্রতিরক্ষায় কার্যকর?,সহজপাচ্য আমিষ,ইমিউনোগ্লোবুলিন-এ,পলিআনস্যাচুরেটেড ফ্যাটি অ্যাসিড,গ্যালাকটোজ,উত্তর নেই"
"821,নিচের কোন স্তন্যপায়ী প্রাণী ডিম পাড়ে?,বাদুর (Bat),ক্যাঙ্গারু (Kangaroo),প্লাটিপাস (Platypus),সীল (Seal),উত্তর নেই"
"823,নিচের চার প্রকোষ্ঠ বিশিষ্ট হৃদপিন্ড কোন প্রাণীতে দেখা যায়?,কুমীর,কচ্ছপ,টিকটিকি,সাপ,উত্তর নেই"
"824,কোন hormone পাকস্থলির এসিড নিঃসরণ নিয়ন্ত্রণ করে?,কোলোসিস্টোকাইনিন,সিক্রেটিন,এন্টেরোকাইনিন,গ্যাস্ট্রিন,উত্তর নেই"
"825,কোন কোষ বিভাজন পদ্ধতিতে RBC তৈরি হয়?,synopsis,mitosis,meiosis,amitiosis,উত্তর নেই"
"826,কোন hormone রক্তে Na+ এবং K+ এর সমতা রক্ষা করে?,ইনসুলিন,থাইরোক্সিন,এলডোস্টেরন,এড্রেনালিন,উত্তর নেই"
"827,স্বাভাবিক অবস্থায় হৃদপিন্ডের পেসমেকার কোনটি?,Bundle of His,SA node,AV node,Purkinje fiber,উত্তর নেই"
"828,নিচের কোন রক্তকণিকাটি স্মৃতিকোষ?,বেসোফিল,মনোসাইট,নিউট্রোফিল,লিম্ফোসাইট,উত্তর নেই"
"829,যকৃতে অবস্থিত ম্যাক্রোফেজকে কি কোষ বলে?,অস্টিওব্লাস্ট,কুফার কোষ,মাইক্রোগ্লিয়া,ডেনড্রাইটিক কোষ,উত্তর নেই"
"830,পূর্ণবয়স্ক সুস্থ মানুষের দেহের ওজনের কত শতাংশ রক্ত থাকে?,৭-৮%,১৫-১৯%,১৯-২০%,১০-১৫%,উত্তর নেই"
"831,নিচের কোনটিতে হাইড্রার বহিঃকোষীয় পরিপাক সংঘটিত হয়?,গ্যাসট্রোডার্মিস,হাইপোস্টোম,সিলেন্টেরন,কর্ষিকা,উত্তর নেই"
"832,ব্লাড গ্রুপ AB তে প্লাজমায়-,কোন antibody থাকে না,A antibody থাকে,A ও B antibody থাকে,B antibody থাকে,উত্তর নেই"
"833,কোনটি প্লাজমা প্রোটিন নয়?,ক্রিয়েটিনিন,ফাইব্রিনোজেন,অ্যালবুমিন,গ্লোবুলিন,উত্তর নেই"
"834,কোন রক্তকণিকা দেহে antibody তৈরি করে?,নিউট্রোফিল,বেসোফিল,অনুচক্রিকা,বি-লিম্ফোসাইট,উত্তর নেই"
"835,কোনটি Live attenuated ভ্যাক্সিন?,হাম,হেপাটাইটিস বি,টিটেনাস,ইনফ্লুয়েঞ্জা,উত্তর নেই"
"836,আমাদের জাতীয় পাখির বৈজ্ঞানিক নাম কি?,Gracula religiosa,Copsychus saularis,Passer domesticus,Columba livia,উত্তর নেই"
"837,মানবদেহের কোন অঙ্গে সবচেয়ে বেশি মাত্রায় রক্ত প্রবাহিত হয়?,বৃক্ক,মস্তিষ্ক,যকৃত,অস্ত্র,উত্তর নেই"
"838,ক্ষুদ্রান্ত্রের কোন স্তরে গবলেট কোষ থাকে?,সেরোসা,মিউকোসা,মাসকুলারিস মিউকোসা,সাবমিউকোসা,উত্তর নেই"
"839,ভ্রুণ অবস্থায় মাতৃগর্ভে কখন প্রথম হৃদস্পন্দন শুরু হয়?,দশম সপ্তাহ,অষ্টম সপ্তাহ,ষষ্ঠ সপ্তাহ,দ্বাদশ সপ্তাহ,উত্তর নেই"
"840,মাতৃদুগ্ধে কোন ধরনের immunoglobulin থাকে?,IgM,IgE,IgD,IgA,উত্তর নেই"
"841,মানুষের হৃদপিন্ডের কোন প্রকোষ্ঠের প্রাচীর সবচেয়ে পুরু?,বাম অলিন্দ,ডান নিলয়,ডান অলিন্দ,বাম নিলয়,উত্তর নেই"
"842,প্রজাপতি' এর প্রতিসাম্যতা কোন ধরনের?,অরীয়,দ্বি-অরীয়,দ্বিপার্শ্বীয়,অপ্রতিসাম্য,উত্তর নেই"
"843,ঘাসফড়িং এর কোন গ্রন্থি থেকে জুভেনাইল হরমোন ক্ষরিত হয়?,প্রোথোরাসিক গ্রন্থি,কর্পোরা কার্ডিয়াকা,ইন্ট্রাসেরিব্রাল গ্রন্থিকোষ,কর্পোরা অ্যালাটা,উত্তর নেই"
"844,রক্তে অক্সিজেনের মাত্রা (O₂ saturation) ও হৃদস্পন্দন পরিমাপক যন্ত্রের নাম হল-,পালস অক্সিমিটার,থার্মোমিটার,স্ফিগমোম্যানোমিটার,ব্যারোমিটার,উত্তর নেই"
"845,কেঁচো কোন অঙ্গের মাধ্যমে শ্বাসপ্রশ্বাস নেয়?,হৃদপিন্ড,ফুলকা,ত্বক,ফুসফুস,উত্তর নেই"
"846,কোন এনজাইম লালা গ্রন্থিতে পাওয়া যায়?,ট্রিপসিন,অ্যামাইলেজ,পেপসিন,টায়ালিন,উত্তর নেই"
"847,""কোন রক্ত কনিকা """"cell-mediated immunity” এর সাথে সম্পৃক্ত?"",ইওসিনোফিল (Eosinophil),টি-লিম্ফোসাইট (T-lymphocyte),নিউট্রোফিল (Neutrophil),বেসোফিল (Basophil),উত্তর নেই"
"848,কোনটি autosomal recessive disorder?,থ্যালাসেমিয়া,লাল-সবুজ বর্ণান্ধতা,রাতকানা,হিমোফিলিয়া,উত্তর নেই"
"849,কোন এনজাইম আমিষ পরিপাকে সাহায্য করে?,ল্যাকটেজ,ট্রিপসিন,অ্যামাইলেজ,লাইপেজ,উত্তর নেই"
"850,কোন পদ্ধতিতে কোভিড ১৯ ভ্যাক্সিন প্রস্তুত করা হয় না?,উপএকক (Subunit vaccine),নিষ্ক্রিয় (Inactivated),এমআরএনএ (mRNA),বিষভিত্তিক (Toxoid),উত্তর নেই"
"851,কোনটি ভাইরাস বৃদ্ধিতে বাঁধা দেয়?,Interferon,Lactorine,Lysozyme,Defensin,উত্তর নেই"
"852,Alveolus থেকে অক্সিজেন রক্তে কিভাবে প্রবেশ করে?,Osmosis,Respiration,Transpiration,Diffusion,উত্তর নেই"
"853,কোনটি Exocrine গ্রন্থি নয়?,Thyroid gland,Pancreas,Liver,Salivary gland,উত্তর নেই"
"854,কোনটি হাড়ের সাথে পেশি সংযুক্ত করে?,Myofibril,Ligament,Synovium,Tendon,উত্তর নেই"
"855,মানবদেহের রক্তে কোন বাফার দ্রবণ (buffer solution) থাকে?,NaHCO3 and H2CO3,NH4Cl and NH4OH,CH3COONa and CH3COOH,Na2HPO4 and H3PO4,উত্তর নেই"
"856,কোনটি আমিষ পরিপাককারী (digesting) এনজাইম?,Lipase,Pepsin,Lactase,Isomaltase,উত্তর নেই"
"857,নেমাটোসিস্টের (Nematocyst) ভিতরে বিষাক্ত তরল পদার্থের নাম কী?,Hypnotoxin,Toxin,Hemocyanin,Hemozoin,উত্তর নেই"
"858,ঘাসফড়িং এর রক্ত কণিকার নাম কী?,Leukocyte,Erythrocyte,Thrombocyte,Hemocyte,উত্তর নেই"
"859,ক্ষুদ্রান্ত্রের কোন স্তরে পানপাত্র সেল (Goblet cell) পাওয়া যায়?,Serosa,Muscularis mucosa,Mucosa,Submucosa,উত্তর নেই"
"860,মাথার খুলিতে কয়টি হাড় রয়েছে?,23,33,29,17,উত্তর নেই"
"861,কোনটি attenuated টিকা?,Diphtheria vaccine,BCG vaccine,Hepatitis B vaccine,Tetanus vaccine,উত্তর নেই"
"862,কোন কোষ ম্যাক্রোফেজে (macrophages) রূপান্তরিত হয়?,Eosinophil,Monocyte,Basophil,Lymphocyte,উত্তর নেই"
"863,কোন পদ্ধতিতে Hydra লম্বা দূরত্ব অতিক্রম করে?,ডিগবাজি (somersaulting),হামাগুড়ি (looping),সাঁতার,গ্লাইডিং (gliding),উত্তর নেই"
"864,কোষের কোথায় ক্রেবস চক্র (Krebs cycle) সংঘটিত হয়?,Cytoplasm,Ribosome,Mitochondria,Chloroplast,উত্তর নেই"
"865,কোন এনজাইম অগ্ন্যাশয়ে নাই?,Ptyalin,Maltase,Trypsin,Amylase,উত্তর নেই"
"866,ভ্রূণে লোহিত কণিকাসমূহ নিম্নের কোথায় তৈরি হয়?,থাইমাস,অগ্ন্যাশয়,প্লীহা,অস্থি মজ্জা,উত্তর নেই"
"867,প্রাণিজগতের বৃহত্তম Phylum কোনটি?,Arthropoda,Porifera,Mollusca,Annelida,উত্তর নেই"
"868,লিভারের কোন লোবটি পিত্তথলির সাথে সংযুক্ত থাকে?,Right lobe,Quadrate lobe,Left lobe,Caudate lobe,উত্তর নেই"
"869,মানুষের সোমাটিক কোষে কয়টি অটোসোম থাকে?,23,22,44,46,উত্তর নেই"
"870,গ্রোথ হরমোন কোথায় তৈরি হয়?,Thalamus,Hypothalamus,Adrenal gland,Pituitary gland,উত্তর নেই"
"871,Golgi complex কোনটি সংশ্লেষ (synthesis) করে না?,Sperm,Ribosome,Lysosome,Enzyme,উত্তর নেই"
"872,পেসমেকারে কোন ব্যাটারি ব্যবহৃত হয়?,লিথিয়াম,লেড,পটাশিয়াম,কার্বনিয়াম,উত্তর নেই"
"873,দ্বিপদ নামকরণের জনক কে?,ক্যারোলাস লিনিয়াস,বেন্থাম হুকার,থিওফ্রাস্টাস,মেন্ডেল,উত্তর নেই"
"874,অন্তঃশ্বসন প্রধানত কোষের কোথায় সংঘটিত হয়?,রাইবোজোম,মাইটোকন্ড্রিয়া,প্রোটপ্লাজম,প্লাস্টিক,উত্তর নেই"
"875,নিচের কোনটি হিমোসিলোমেট?,কর্ডাটা,অ্যানিলিডা,আর্থ্রোপোডা,কোনটিই নয়,উত্তর নেই"
"876,কোনটির 6 টি কোডন আছে?,লিউসিন,পাইসিন,GCU,অ্যাডেনিন,উত্তর নেই"
"877,অত্যাবশ্যকীয় অ্যামিনো এসিড নয় কোনটি?,হিস্টিডিন,আইসোলিউসিন,লাইসিন,অ্যালানিন,উত্তর নেই"
"878,ইনসুলিন কোথা থেকে নিঃসৃত হয়?,বিটা কোষ থেকে,আলফা কোষ থেকে,লিভার হতে,পিটুইটারী গ্ল্যান্ড হতে,উত্তর নেই"
"879,মৎস্যখনি বলা হয়?,পালা,হালদা,পেরেক,কালামা,উত্তর নেই"
"880,অ্যাপেন্ডিক্স কোথায় থাকে?,ক্ষুদ্রান্ত্র,সিকোমে,পাকস্থলি,লিভার,উত্তর নেই"
"881,পিত্তথলি কোথায় উন্মুক্ত হয়?,ক্ষুদ্রান্ত্রে,বৃহদ্রান্ত্রে,ডিওডেনামে,অগ্নাশয়ে,উত্তর নেই"
"882,কত BMI কে স্বাভাবিক ওজন হিসেবে ধরা হয়?,25.2-29.1,21.5-23.9,18.5-24.9,10.1-14.8,উত্তর নেই"
"883,লোহিত রক্তকণিকার সাথে সম্পৃক্ত নয় কোনটি?,অক্সিজেন পরিবহন,কার্বন ডাই-অক্সাইড পরিবহন,ফ্যাগোসাইটোসিস,রক্তের সান্দ্রতা রক্ষা,উত্তর নেই"
"884,কোনটি O₂ যুক্ত রক্ত পরিবহন করে?,পালমোনারি শিরা,পালমোনারি ধমনী,ফুসফুসীয় শিরা,ফুসফুসীয় ধমনী,উত্তর নেই"
"885,কোনটি লালাগ্রন্থি নয়?,প্যারোটিড,সাবিন্ডিবুলার,সিবলিংউয়াল,ম্যাক্সিলারি,উত্তর নেই"
"886,স্বরযন্ত্রের তরুণাস্থি নয় কোনটি?,হাইওয়েড,থাইরয়েড,এরিটিনয়েড,এপিগ্লটিস,উত্তর নেই"
"887,শ্রোণী অস্থি নয় কোনটি?,ইলিয়াম,ইশ্চিয়াম,পিউবিস,ভোমার,উত্তর নেই"
"888,দেহের ভারসাম্য রক্ষা করে কোনটি?,বহিঃকর্ণ,অন্তঃকর্ণ,মধ্যাকর্ণ,কোনটিই নয়,উত্তর নেই"
"889,বয়ঃসন্ধিকালে জরায়ু বৃদ্ধি নিয়ন্ত্রণে ভূমিকা নেই কার?,কাইনিন,থাইরক্সিন,অক্সিন,টেস্টোস্টেরন,উত্তর নেই"
"890,গ্রন্থিরাজ বলা হয় কোনটিকে?,শুক্রাশয়,অগ্নাশয়,পিটুইটারি,লালা,উত্তর নেই"
"891,মানবদেহে কোন ইউমিউনোগ্লোবিউলিন অনুপস্থিত?,IgB,IgM,IgD,IgA,উত্তর নেই"
"892,সেক্স লিঙ্কড জিন নয় কোনটি?,XY,ডাইবেটিস মেলাইটাস,XX,XYY,উত্তর নেই"
"893,রক্ত জমাট বাধার ফ্যাক্টর নয় কোনটি?,ফাইব্রিনোজেন,ফাইব্রিন,K,থ্রম্বিন,উত্তর নেই"
"894,নিচের কোন প্রাণীটি ত্রিস্তরী?,অ্যামিবা,কেঁচো,হাইড্রা,ম্যালেরিয়া জীবাণু,উত্তর নেই"
"895,মস্তিষ্কের কোন অংশ মানুষের ক্ষুধা নিয়ন্ত্রণ করে?,মেডুলা অবলংগাটা,সেরিবেলাম,হাইপোথ্যালামাস,সেরিব্রাম,উত্তর নেই"
"896,ডেলটয়েড টিউবারসিটি কোন অস্থির অংশ?,আলনা,স্ক্যাপুলা,রেডিয়াস,হিউমেরাস,উত্তর নেই"
"897,ফুসফুসের আবরণকে কি বলে?,গ্লিসন ক্যাপসুল,পেরিকার্ডিয়াম,ডায়াফ্রাম,প্লিওরা,উত্তর নেই"
"898,নিচের কোনটি মানুষের দ্বিতীয় মস্তিষ্ক হিসাবে পরিচিত?,সুষুম্না কাণ্ড,এন্টেরিক স্নায়ুতন্ত্র,এক্সট্রিনসিক স্নায়ুতন্ত্র,মেডুলা অবলংগাটা,উত্তর নেই"
"899,কানের কোন অংশ ভারসাম্য রক্ষায় কাজ করে?,কর্ণাস্থি,ভেস্টিবুলার যন্ত্র,টিমপেনিক পর্দা,ককলিয়ার বডি,উত্তর নেই"
"900,নিচের কোন হরমোনটি মানুষের ডিম্বাশয় থেকে নিঃসৃত হয়??,অক্সিটোসিন,প্রোল্যাকটিন,প্রজেস্টেরন,থাইরোনিন,উত্তর নেই"
"901,কোন চক্রের মাধ্যমে যকৃতে ইউরিয়া তৈরী হয়?,কার্বন চক্র,অরনিথিন চক্র,ক্রেবস চক্র,নাইট্রোজেন চক্র,উত্তর নেই"
"902,কোন এন্টিবডি প্রধানত এলার্জির সাথে সংশ্লিষ্ট?,IgA,IgM,IgG,IgE,উত্তর নেই"
"903,মানবদেহে সপ্তম করোটিক স্নায়ুর নাম কি?,ট্রকলিয়ার স্নায়ু,ফেসিয়াল স্নায়ু,ভেগাস স্নায়ু,অপটিক স্নায়ু,উত্তর নেই"
"904,এনজিওপ্লাস্টি করলে কি হয়?,হৃদস্পন্দন বৃদ্ধি পায়,সরু ধমনী প্রশস্ত হয়,হৃদস্পন্দনের গতি ধীর হয়,রক্ত সঞ্চালনের গতি বৃদ্ধি পায়,উত্তর নেই"
"905,কোন কোষ হেপারিন তৈরী ও নিঃসরণ করে?,নিউট্রোফিল,লিম্ফোসাইট,মোনোসাইট,বেসোফিল,উত্তর নেই"
"906,ডাক্টাস ক্যুভেইরি রুই মাছের কোন তন্ত্রের অংশ?,শ্বসনতন্ত্র,শিরাতন্ত্র,রেচনতন্ত্র,ধমনিতন্ত্র,উত্তর নেই"
"907,পেসমেকারের কাজ কি?,রক্তকে তরল রাখে,রক্ত সঞ্চালন বৃদ্ধি করে,হৃদরোগ প্রতিরোধ করে,হৃদস্পন্দনের ধীরগতি নিয়ন্ত্রণ করে,উত্তর নেই"
"908,""পূর্ণবয়স্ক সুস্থ মানুষের দুই বৃক্কে প্রতি মিনিটে মোট রক্ত সঞ্চালনের"
"পরিমাণ-"",২৫০ মিঃ লিঃ,১২৫ মিঃ লিঃ,৩৭৫ মিঃ লিঃ,১২০০ মিঃ লিঃ,উত্তর নেই"
"909,কোনটির উপস্থিতিতে স্নেহ পদার্থের ইমালসিফিকেশন হয়?,বাইল সল্ট,এনজাইম,ভিটামিন,হরমোন,উত্তর নেই"
"910,নিচের কোনটি নাইট্রোজেনবিহীন পদার্থ?,ল্যাকটিক এসিড,ক্রিয়েটিনিন,এমোনিয়া,ইউরিয়া,উত্তর নেই"
"911,মুখে খাওয়ার পোলিও ভ্যাকসিনটি কোন ধরনের ভ্যাকসিন?,নিষ্ক্রিয় টিকা,জীবনস্মৃত জীবন্ত টিকা,উপএকক টিকা,অনুবন্ধী টিকা,উত্তর নেই"
"912,নিচের কোনটি ম্যাক্রোফেজের কাজ নয়?,বিভিন্ন ধরনের কোষবিষ তৈরি করা,বিভিন্ন ধরনের এন্টিবডি তৈরি করা,জীর্ণ কোষকে অপসারন করা,রিঅ্যাকটিভ অক্সিজেন ইন্টারমিডিয়েট তৈরি করা,উত্তর নেই"
"913,অন্তঃশ্বসন-,কোষ ও রক্তে সংঘটিত হয়,নির্দিষ্ট পরিমাণ শক্তি উৎপন্ন করে,এনজাইম দ্বারা প্রভাবিত হয় না,একটি ভৌত রাসায়নিক প্রক্রিয়া,উত্তর নেই"
"914,Mollusca এর ক্ষেত্রে কোনটি সঠিক?,নরম কিউটিকুলার এপিডার্মিস দ্বারা আবৃত,নরম ও অখন্ডায়িত,প্রতি খন্ডে নেফ্রিডিয়া বিদ্যমান থাকে,দেহাভ্যন্তরে কেন্দ্রীয় গহ্বর বিদ্যমান,উত্তর নেই"
"915,গ্লুকাগন-,রক্তে সুগার কমায়,অগ্ন্যাশয়ের ডেলটা কোষ থেকে নিঃসৃত হয়,একটি পলিপেপটাইড এনজাইম,ইনসুলিনের সাথে বিপরীতভাবে সম্পর্কিত,উত্তর নেই"
"916,মানবদেহে কোনটি লুপ্তপ্রায় অংগ?,থাইরয়েড গ্ল্যান্ড,থাইমাস,স্ক্যাপুলা,ক্যানাইন দাঁত,উত্তর নেই"
"917,কোন উদ্দীপনা অ্যানিমোট্যাক্সিসকে প্রভাবিত করে?,বায়ুপ্রবাহ,আর্দ্রতা,মাধ্যাকর্ষণ,তাপ,উত্তর নেই"
"918,মায়োফাইব্রিলে কি ধরনের আমিষ থাকে?,অ্যাকটিন এবং মায়োসিন,অ্যাকটিন এবং জিলাটিন,মায়োসিন এবং ইলাস্টিন,কোলাজেন এবং মায়োসিন,উত্তর নেই"
"919,অন্ত্রের প্রথম প্রতিরক্ষার স্তর কোনটি?,""পাকস্থলির অ্যাসিড, মাইক্রোবায়োম ও মলত্যাগ"",""সিলিয়া, কমপ্লিমেন্ট তন্ত্র ও সাইটোকাইনস"",""ত্বক, ফ্যাগোসাইটস ও কমপ্লিমেন্ট তন্ত্র"",""লালা, পাকস্থলির এনজাইম ও ফ্যাগোসাইটস"",উত্তর নেই"
"920,বুকের দুধের কোন উপাদানটি নবজাতকের প্রতিরক্ষায় কার্যকর?,সহজপাচ্য আমিষ,ইমিউনোগ্লোবুলিন-এ,পলিআনস্যাচুরেটেড ফ্যাটি অ্যাসিড,গ্যালাকটোজ,উত্তর নেই"
"921,নিচের কোন স্তন্যপায়ী প্রাণী ডিম পাড়ে?,বাদুর (Bat),ক্যাঙ্গারু (Kangaroo),প্লাটিপাস (Platypus),সীল (Seal),উত্তর নেই"
"923,নিচের চার প্রকোষ্ঠ বিশিষ্ট হৃদপিন্ড কোন প্রাণীতে দেখা যায়?,কুমীর,কচ্ছপ,টিকটিকি,সাপ,উত্তর নেই"
"924,কোন hormone পাকস্থলির এসিড নিঃসরণ নিয়ন্ত্রণ করে?,কোলোসিস্টোকাইনিন,সিক্রেটিন,এন্টেরোকাইনিন,গ্যাস্ট্রিন,উত্তর নেই"
"925,কোন কোষ বিভাজন পদ্ধতিতে RBC তৈরি হয়?,synopsis,mitosis,meiosis,amitiosis,উত্তর নেই"
"926,কোন hormone রক্তে Na+ এবং K+ এর সমতা রক্ষা করে?,ইনসুলিন,থাইরোক্সিন,এলডোস্টেরন,এড্রেনালিন,উত্তর নেই"
"927,স্বাভাবিক অবস্থায় হৃদপিন্ডের পেসমেকার কোনটি?,Bundle of His,SA node,AV node,Purkinje fiber,উত্তর নেই"
"928,নিচের কোন রক্তকণিকাটি স্মৃতিকোষ?,বেসোফিল,মনোসাইট,নিউট্রোফিল,লিম্ফোসাইট,উত্তর নেই"
"929,যকৃতে অবস্থিত ম্যাক্রোফেজকে কি কোষ বলে?,অস্টিওব্লাস্ট,কুফার কোষ,মাইক্রোগ্লিয়া,ডেনড্রাইটিক কোষ,উত্তর নেই"
"930,পূর্ণবয়স্ক সুস্থ মানুষের দেহের ওজনের কত শতাংশ রক্ত থাকে?,৭-৮%,১৫-১৯%,১৯-২০%,১০-১৫%,উত্তর নেই"
"931,নিচের কোনটিতে হাইড্রার বহিঃকোষীয় পরিপাক সংঘটিত হয়?,গ্যাসট্রোডার্মিস,হাইপোস্টোম,সিলেন্টেরন,কর্ষিকা,উত্তর নেই"
"932,ব্লাড গ্রুপ AB তে প্লাজমায়-,কোন antibody থাকে না,A antibody থাকে,A ও B antibody থাকে,B antibody থাকে,উত্তর নেই"
"933,কোনটি প্লাজমা প্রোটিন নয়?,ক্রিয়েটিনিন,ফাইব্রিনোজেন,অ্যালবুমিন,গ্লোবুলিন,উত্তর নেই"
"934,কোন রক্তকণিকা দেহে antibody তৈরি করে?,নিউট্রোফিল,বেসোফিল,অনুচক্রিকা,বি-লিম্ফোসাইট,উত্তর নেই"
"935,কোনটি Live attenuated ভ্যাক্সিন?,হাম,হেপাটাইটিস বি,টিটেনাস,ইনফ্লুয়েঞ্জা,উত্তর নেই"
"936,আমাদের জাতীয় পাখির বৈজ্ঞানিক নাম কি?,Gracula religiosa,Copsychus saularis,Passer domesticus,Columba livia,উত্তর নেই"
"937,মানবদেহের কোন অঙ্গে সবচেয়ে বেশি মাত্রায় রক্ত প্রবাহিত হয়?,বৃক্ক,মস্তিষ্ক,যকৃত,অস্ত্র,উত্তর নেই"
"938,ক্ষুদ্রান্ত্রের কোন স্তরে গবলেট কোষ থাকে?,সেরোসা,মিউকোসা,মাসকুলারিস মিউকোসা,সাবমিউকোসা,উত্তর নেই"
"939,ভ্রুণ অবস্থায় মাতৃগর্ভে কখন প্রথম হৃদস্পন্দন শুরু হয়?,দশম সপ্তাহ,অষ্টম সপ্তাহ,ষষ্ঠ সপ্তাহ,দ্বাদশ সপ্তাহ,উত্তর নেই"
"940,মাতৃদুগ্ধে কোন ধরনের immunoglobulin থাকে?,IgM,IgE,IgD,IgA,উত্তর নেই"
"941,মানুষের হৃদপিন্ডের কোন প্রকোষ্ঠের প্রাচীর সবচেয়ে পুরু?,বাম অলিন্দ,ডান নিলয়,ডান অলিন্দ,বাম নিলয়,উত্তর নেই"
"942,প্রজাপতি' এর প্রতিসাম্যতা কোন ধরনের?,অরীয়,দ্বি-অরীয়,দ্বিপার্শ্বীয়,অপ্রতিসাম্য,উত্তর নেই"
"943,ঘাসফড়িং এর কোন গ্রন্থি থেকে জুভেনাইল হরমোন ক্ষরিত হয়?,প্রোথোরাসিক গ্রন্থি,কর্পোরা কার্ডিয়াকা,ইন্ট্রাসেরিব্রাল গ্রন্থিকোষ,কর্পোরা অ্যালাটা,উত্তর নেই"
"944,রক্তে অক্সিজেনের মাত্রা (O₂ saturation) ও হৃদস্পন্দন পরিমাপক যন্ত্রের নাম হল-,পালস অক্সিমিটার,থার্মোমিটার,স্ফিগমোম্যানোমিটার,ব্যারোমিটার,উত্তর নেই"
"945,কেঁচো কোন অঙ্গের মাধ্যমে শ্বাসপ্রশ্বাস নেয়?,হৃদপিন্ড,ফুলকা,ত্বক,ফুসফুস,উত্তর নেই"
"946,কোন এনজাইম লালা গ্রন্থিতে পাওয়া যায়?,ট্রিপসিন,অ্যামাইলেজ,পেপসিন,টায়ালিন,উত্তর নেই"
"947,""কোন রক্ত কনিকা """"cell-mediated immunity” এর সাথে সম্পৃক্ত?"",ইওসিনোফিল (Eosinophil),টি-লিম্ফোসাইট (T-lymphocyte),নিউট্রোফিল (Neutrophil),বেসোফিল (Basophil),উত্তর নেই"
"948,কোনটি autosomal recessive disorder?,থ্যালাসেমিয়া,লাল-সবুজ বর্ণান্ধতা,রাতকানা,হিমোফিলিয়া,উত্তর নেই"
"949,কোন এনজাইম আমিষ পরিপাকে সাহায্য করে?,ল্যাকটেজ,ট্রিপসিন,অ্যামাইলেজ,লাইপেজ,উত্তর নেই"
"950,কোন পদ্ধতিতে কোভিড ১৯ ভ্যাক্সিন প্রস্তুত করা হয় না?,উপএকক (Subunit vaccine),নিষ্ক্রিয় (Inactivated),এমআরএনএ (mRNA),বিষভিত্তিক (Toxoid),উত্তর নেই"
"951,কোনটি ভাইরাস বৃদ্ধিতে বাঁধা দেয়?,Interferon,Lactorine,Lysozyme,Defensin,উত্তর নেই"
"952,Alveolus থেকে অক্সিজেন রক্তে কিভাবে প্রবেশ করে?,Osmosis,Respiration,Transpiration,Diffusion,উত্তর নেই"
"953,কোনটি Exocrine গ্রন্থি নয়?,Thyroid gland,Pancreas,Liver,Salivary gland,উত্তর নেই"
"954,কোনটি হাড়ের সাথে পেশি সংযুক্ত করে?,Myofibril,Ligament,Synovium,Tendon,উত্তর নেই"
"955,মানবদেহের রক্তে কোন বাফার দ্রবণ (buffer solution) থাকে?,NaHCO3 and H2CO3,NH4Cl and NH4OH,CH3COONa and CH3COOH,Na2HPO4 and H3PO4,উত্তর নেই"
"956,কোনটি আমিষ পরিপাককারী (digesting) এনজাইম?,Lipase,Pepsin,Lactase,Isomaltase,উত্তর নেই"
"957,নেমাটোসিস্টের (Nematocyst) ভিতরে বিষাক্ত তরল পদার্থের নাম কী?,Hypnotoxin,Toxin,Hemocyanin,Hemozoin,উত্তর নেই"
"958,ঘাসফড়িং এর রক্ত কণিকার নাম কী?,Leukocyte,Erythrocyte,Thrombocyte,Hemocyte,উত্তর নেই"
"959,ক্ষুদ্রান্ত্রের কোন স্তরে পানপাত্র সেল (Goblet cell) পাওয়া যায়?,Serosa,Muscularis mucosa,Mucosa,Submucosa,উত্তর নেই"
"960,মাথার খুলিতে কয়টি হাড় রয়েছে?,23,33,29,17,উত্তর নেই"
"961,কোনটি attenuated টিকা?,Diphtheria vaccine,BCG vaccine,Hepatitis B vaccine,Tetanus vaccine,উত্তর নেই"
"962,কোন কোষ ম্যাক্রোফেজে (macrophages) রূপান্তরিত হয়?,Eosinophil,Monocyte,Basophil,Lymphocyte,উত্তর নেই"
"963,কোন পদ্ধতিতে Hydra লম্বা দূরত্ব অতিক্রম করে?,ডিগবাজি (somersaulting),হামাগুড়ি (looping),সাঁতার,গ্লাইডিং (gliding),উত্তর নেই"
"964,কোষের কোথায় ক্রেবস চক্র (Krebs cycle) সংঘটিত হয়?,Cytoplasm,Ribosome,Mitochondria,Chloroplast,উত্তর নেই"
"965,কোন এনজাইম অগ্ন্যাশয়ে নাই?,Ptyalin,Maltase,Trypsin,Amylase,উত্তর নেই"
"966,ভ্রূণে লোহিত কণিকাসমূহ নিম্নের কোথায় তৈরি হয়?,থাইমাস,অগ্ন্যাশয়,প্লীহা,অস্থি মজ্জা,উত্তর নেই"
"967,প্রাণিজগতের বৃহত্তম Phylum কোনটি?,Arthropoda,Porifera,Mollusca,Annelida,উত্তর নেই"
"968,লিভারের কোন লোবটি পিত্তথলির সাথে সংযুক্ত থাকে?,Right lobe,Quadrate lobe,Left lobe,Caudate lobe,উত্তর নেই"
"969,মানুষের সোমাটিক কোষে কয়টি অটোসোম থাকে?,23,22,44,46,উত্তর নেই"
"970,গ্রোথ হরমোন কোথায় তৈরি হয়?,Thalamus,Hypothalamus,Adrenal gland,Pituitary gland,উত্তর নেই"
"971,Golgi complex কোনটি সংশ্লেষ (synthesis) করে না?,Sperm,Ribosome,Lysosome,Enzyme,উত্তর নেই"
"972,পেসমেকারে কোন ব্যাটারি ব্যবহৃত হয়?,লিথিয়াম,লেড,পটাশিয়াম,কার্বনিয়াম,উত্তর নেই"
"973,দ্বিপদ নামকরণের জনক কে?,ক্যারোলাস লিনিয়াস,বেন্থাম হুকার,থিওফ্রাস্টাস,মেন্ডেল,উত্তর নেই"
"974,অন্তঃশ্বসন প্রধানত কোষের কোথায় সংঘটিত হয়?,রাইবোজোম,মাইটোকন্ড্রিয়া,প্রোটপ্লাজম,প্লাস্টিক,উত্তর নেই"
"975,নিচের কোনটি হিমোসিলোমেট?,কর্ডাটা,অ্যানিলিডা,আর্থ্রোপোডা,কোনটিই নয়,উত্তর নেই"
"976,কোনটির 6 টি কোডন আছে?,লিউসিন,পাইসিন,GCU,অ্যাডেনিন,উত্তর নেই"
"977,অত্যাবশ্যকীয় অ্যামিনো এসিড নয় কোনটি?,হিস্টিডিন,আইসোলিউসিন,লাইসিন,অ্যালানিন,উত্তর নেই"
"978,ইনসুলিন কোথা থেকে নিঃসৃত হয়?,বিটা কোষ থেকে,আলফা কোষ থেকে,লিভার হতে,পিটুইটারী গ্ল্যান্ড হতে,উত্তর নেই"
"979,মৎস্যখনি বলা হয়?,পালা,হালদা,পেরেক,কালামা,উত্তর নেই"
"980,অ্যাপেন্ডিক্স কোথায় থাকে?,ক্ষুদ্রান্ত্র,সিকোমে,পাকস্থলি,লিভার,উত্তর নেই"
"981,পিত্তথলি কোথায় উন্মুক্ত হয়?,ক্ষুদ্রান্ত্রে,বৃহদ্রান্ত্রে,ডিওডেনামে,অগ্নাশয়ে,উত্তর নেই"
"982,কত BMI কে স্বাভাবিক ওজন হিসেবে ধরা হয়?,25.2-29.1,21.5-23.9,18.5-24.9,10.1-14.8,উত্তর নেই"
"983,লোহিত রক্তকণিকার সাথে সম্পৃক্ত নয় কোনটি?,অক্সিজেন পরিবহন,কার্বন ডাই-অক্সাইড পরিবহন,ফ্যাগোসাইটোসিস,রক্তের সান্দ্রতা রক্ষা,উত্তর নেই"
"984,কোনটি O₂ যুক্ত রক্ত পরিবহন করে?,পালমোনারি শিরা,পালমোনারি ধমনী,ফুসফুসীয় শিরা,ফুসফুসীয় ধমনী,উত্তর নেই"
"985,কোনটি লালাগ্রন্থি নয়?,প্যারোটিড,সাবিন্ডিবুলার,সিবলিংউয়াল,ম্যাক্সিলারি,উত্তর নেই"
"986,স্বরযন্ত্রের তরুণাস্থি নয় কোনটি?,হাইওয়েড,থাইরয়েড,এরিটিনয়েড,এপিগ্লটিস,উত্তর নেই"
"987,শ্রোণী অস্থি নয় কোনটি?,ইলিয়াম,ইশ্চিয়াম,পিউবিস,ভোমার,উত্তর নেই"
"988,দেহের ভারসাম্য রক্ষা করে কোনটি?,বহিঃকর্ণ,অন্তঃকর্ণ,মধ্যাকর্ণ,কোনটিই নয়,উত্তর নেই"
"989,বয়ঃসন্ধিকালে জরায়ু বৃদ্ধি নিয়ন্ত্রণে ভূমিকা নেই কার?,কাইনিন,থাইরক্সিন,অক্সিন,টেস্টোস্টেরন,উত্তর নেই"
"990,গ্রন্থিরাজ বলা হয় কোনটিকে?,শুক্রাশয়,অগ্নাশয়,পিটুইটারি,লালা,উত্তর নেই"
"991,মানবদেহে কোন ইউমিউনোগ্লোবিউলিন অনুপস্থিত?,IgB,IgM,IgD,IgA,উত্তর নেই"
"992,সেক্স লিঙ্কড জিন নয় কোনটি?,XY,ডাইবেটিস মেলাইটাস,XX,XYY,উত্তর নেই"
"993,রক্ত জমাট বাধার ফ্যাক্টর নয় কোনটি?,ফাইব্রিনোজেন,ফাইব্রিন,K,থ্রম্বিন,উত্তর নেই"
"994,নিচের কোন প্রাণীটি ত্রিস্তরী?,অ্যামিবা,কেঁচো,হাইড্রা,ম্যালেরিয়া জীবাণু,উত্তর নেই"
"995,কোন hormone পাকস্থলির এসিড নিঃসরণ নিয়ন্ত্রণ করে?,কোলোসিস্টোকাইনিন,সিক্রেটিন,এন্টেরোকাইনিন,গ্যাস্ট্রিন,উত্তর নেই"
"996,কোন কোষ বিভাজন পদ্ধতিতে RBC তৈরি হয়?,synopsis,mitosis,meiosis,amitiosis,উত্তর নেই"
"997,কোন hormone রক্তে Na+ এবং K+ এর সমতা রক্ষা করে?,ইনসুলিন,থাইরোক্সিন,এলডোস্টেরন,এড্রেনালিন,উত্তর নেই"
"998,স্বাভাবিক অবস্থায় হৃদপিন্ডের পেসমেকার কোনটি?,Bundle of His,SA node,AV node,Purkinje fiber,উত্তর নেই"
"999,নিচের কোন রক্তকণিকাটি স্মৃতিকোষ?,বেসোফিল,মনোসাইট,নিউট্রোফিল,লিম্ফোসাইট,উত্তর নেই"
"1000,যকৃতে অবস্থিত ম্যাক্রোফেজকে কি কোষ বলে?,অস্টিওব্লাস্ট,কুফার কোষ,মাইক্রোগ্লিয়া,ডেনড্রাইটিক কোষ,উত্তর নেই"
